id_municipio,alunos,taxa_prevista,taxa_real_2024,meta_2025,meta_2030,nome,sigla_uf,gap_previsto_meta_2025
2924504,120,0.45341208675408484,0.38333333333333336,73.83,80.0,Pindaí,BA,-28.488791324591517
2411502,145,0.4275439826177957,0.3586206896551724,70.8,80.0,Santo Antônio,RN,-28.045601738220427
1300060,176,0.4087745623392073,0.6477272727272727,68.27,80.0,Amaturá,AM,-27.39254376607927
2501104,212,0.5267375473847439,0.9056603773584906,80.0,80.0,Areia,PB,-27.326245261525614
2807501,115,0.28239896929204256,0.4,54.75,80.0,Tomar do Geru,SE,-26.510103070795743
1716208,120,0.28441965502753275,0.6833333333333333,54.33,80.0,Paranã,TO,-25.888034497246725
2922409,139,0.39974842448999437,0.4892086330935252,65.42,80.0,Mutuípe,BA,-25.445157551000563
2512903,231,0.5310795849755638,0.47186147186147187,78.47,80.0,Rio Tinto,PB,-25.362041502443617
2407807,209,0.4156785332229149,0.5119617224880383,65.96,80.0,Monte Alegre,RN,-24.392146677708503
2931350,1367,0.36880075020326086,0.35040234089246525,61.04,80.0,Teixeira de Freitas,BA,-24.15992497967391
1502764,155,0.3601460891487821,0.45161290322580644,59.86,80.0,Cumaru do Norte,PA,-23.84539108512179
2925956,173,0.34888434324923834,0.3352601156069364,58.68,80.0,Rafael Jambeiro,BA,-23.791565675076164
2923001,481,0.40499244965058745,0.37214137214137216,64.09,80.0,Nova Viçosa,BA,-23.59075503494126
2516904,124,0.5651978991763609,0.45161290322580644,80.0,80.0,Uiraúna,PB,-23.48021008236391
2923803,196,0.37733450578937533,0.3979591836734694,61.04,80.0,Paripiranga,BA,-23.306549421062464
1502509,196,0.3323669625024275,0.7397959183673469,56.14,80.0,Chaves,PA,-22.903303749757256
2904308,147,0.3959739980759621,0.47619047619047616,62.14,80.0,Brejões,BA,-22.54260019240379
2928406,259,0.35205399808647475,0.3204633204633205,57.66,80.0,Santa Rita de Cássia,BA,-22.45460019135252
2908606,167,0.3081840025593391,0.281437125748503,53.1,80.0,Conde,BA,-22.281599744066092
2917201,191,0.4264576527423113,0.4397905759162304,64.85,80.0,Ituaçu,BA,-22.204234725768863
2913507,108,0.37368700494477713,0.3148148148148148,59.47,80.0,Iguaí,BA,-22.101299505522285
2506707,100,0.4921940695063882,0.42,71.23,80.0,Imaculada,PB,-22.010593049361184
2918803,110,0.35431584793725734,0.45454545454545453,57.42,80.0,Laje,BA,-21.98841520627427
2926707,122,0.382676195244782,0.5573770491803278,60.08,80.0,Rio de Contas,BA,-21.8123804755218
2901007,249,0.38814660293660297,0.5100401606425703,60.51,80.0,Amargosa,BA,-21.695339706339702
2902807,265,0.36461657016366733,0.4716981132075472,58.1,80.0,Barra da Estiva,BA,-21.638342983633265
2911709,776,0.37453173675302154,0.4639175257731959,58.8,80.0,Guanambi,BA,-21.346826324697844
2504801,106,0.49856969569969023,0.49056603773584906,71.18,80.0,Coremas,PB,-21.323030430030983
2917102,104,0.36674432746397256,0.28846153846153844,57.97,80.0,Itororó,BA,-21.29556725360274
2913408,101,0.43456431170762333,0.42574257425742573,64.62,80.0,Igaporã,BA,-21.16356882923767
2803906,128,0.2717539801583603,0.375,48.29,80.0,Malhador,SE,-21.114601984163972
2903508,124,0.37048712570178066,0.33064516129032256,58.11,80.0,Belo Campo,BA,-21.06128742982193
2920502,179,0.40417362115252786,0.43575418994413406,61.46,80.0,Maracás,BA,-21.042637884747215
1506559,158,0.4317816768017797,0.4050632911392405,64.14,80.0,Santa Luzia do Pará,PA,-20.96183231982203
2500809,104,0.48271206713023207,0.47115384615384615,69.17,80.0,Araçagi,PB,-20.898793286976797
2929503,269,0.3916676394153251,0.46096654275092935,59.74,80.0,São Sebastião do Passé,BA,-20.573236058467494
2915601,556,0.3508945801961366,0.37410071942446044,55.62,80.0,Itamaraju,BA,-20.53054198038634
3305703,134,0.5578710211423705,0.753731343283582,76.25,80.0,Sumidouro,RJ,-20.46289788576295
2927002,268,0.33021035596566517,0.332089552238806,53.38,80.0,Rio Real,BA,-20.358964403433482
1504505,354,0.3085788951380456,0.2909604519774011,51.16,80.0,Melgaço,PA,-20.30211048619544
2801009,125,0.31753849828134095,0.352,52.05,80.0,Campo do Brito,SE,-20.296150171865904
2912806,148,0.46578164734138494,0.3783783783783784,66.82,80.0,Ibirapuã,BA,-20.241835265861496
2921104,226,0.4059902130960602,0.4690265486725664,60.77,80.0,Medeiros Neto,BA,-20.17097869039398
2702355,206,0.3671695424262743,0.6796116504854369,56.78,80.0,Craíbas,AL,-20.06304575737257
2701001,238,0.5558321095906531,0.8823529411764706,75.55,80.0,Boca da Mata,AL,-19.966789040934685
1507904,395,0.48479763304061974,0.5240506329113924,68.33,80.0,Soure,PA,-19.850236695938023
1600253,105,0.404039366641207,0.41904761904761906,60.1,80.0,Itaubal,AP,-19.696063335879302
2806107,130,0.3241460391035299,0.38461538461538464,52.05,80.0,Rosário do Catete,SE,-19.63539608964701
1600535,337,0.5032353285886945,0.685459940652819,69.95,80.0,Porto Grande,AP,-19.626467141130554
2922003,392,0.39524957177018705,0.47959183673469385,59.15,80.0,Mucuri,BA,-19.625042822981293
2910750,117,0.3490914233522565,0.49572649572649574,54.5,80.0,Fátima,BA,-19.590857664774347
2802809,235,0.31875775411155094,0.3446808510638298,51.41,80.0,Indiaroba,SE,-19.534224588844904
1501105,276,0.38128408479125053,0.5362318840579711,57.48,80.0,Bagre,PA,-19.35159152087494
2210607,413,0.5261369258634421,0.7360774818401937,71.92,80.0,São Raimundo Nonato,PI,-19.306307413655794
2412005,712,0.4222387290641897,0.34129213483146065,61.37,80.0,São Gonçalo do Amarante,RN,-19.14612709358103
1600238,150,0.5633535996666956,0.7333333333333333,75.44,80.0,Ferreira Gomes,AP,-19.104640033330433
2913200,289,0.3531996942828408,0.328719723183391,54.41,80.0,Ibotirama,BA,-19.090030571715914
2921203,184,0.3922524129225813,0.3695652173913043,58.25,80.0,Miguel Calmon,BA,-19.024758707741874
2902401,122,0.3560595414979181,0.3360655737704918,54.6,80.0,Aurelino Leal,BA,-18.994045850208195
2917300,120,0.3696819317753559,0.2916666666666667,55.64,80.0,Ituberá,BA,-18.67180682246441
2909604,151,0.4137492403142723,0.4304635761589404,59.99,80.0,Crisópolis,BA,-18.615075968572775
2907509,231,0.3659241546183153,0.3939393939393939,55.19,80.0,Catu,BA,-18.59758453816847
2924801,138,0.36325417124001336,0.4057971014492754,54.9,80.0,Piritiba,BA,-18.574582875998665
2928604,395,0.36922800539978473,0.369620253164557,55.44,80.0,Santo Amaro,BA,-18.517199460021523
2105427,252,0.6142987659191742,0.6031746031746031,79.94,80.0,Itinga do Maranhão,MA,-18.510123408082578
2921054,127,0.354200885686471,0.4251968503937008,53.91,80.0,Matina,BA,-18.489911431352894
2930709,1151,0.3611603150121854,0.42137271937445697,54.58,80.0,Simões Filho,BA,-18.463968498781462
2933406,100,0.4366117748092895,0.45,62.1,80.0,Wagner,BA,-18.438822519071053
2907301,203,0.37264529447219186,0.3054187192118227,55.58,80.0,Castro Alves,BA,-18.31547055278081
2511905,182,0.5890747797036546,0.5054945054945055,77.17,80.0,Pitimbu,PB,-18.26252202963454
2600906,151,0.5403810374586191,0.5496688741721855,72.29,80.0,Amaraji,PE,-18.251896254138096
2805802,125,0.3291975652181346,0.344,51.13,80.0,Riachão do Dantas,SE,-18.21024347818654
1300201,164,0.44425785936815476,0.8414634146341463,62.63,80.0,Atalaia do Norte,AM,-18.20421406318453
2516508,123,0.6063710264243751,0.9105691056910569,78.82,80.0,Taperoá,PB,-18.18289735756248
2905206,428,0.41107013516588364,0.3901869158878505,59.19,80.0,Caetité,BA,-18.08298648341163
2920601,167,0.3992057085366095,0.5449101796407185,58.0,80.0,Maragogipe,BA,-18.079429146339045
1703800,113,0.3799672712270765,0.504424778761062,56.06,80.0,Buriti do Tocantins,TO,-18.06327287729235
2918001,927,0.33018491429910557,0.3948220064724919,51.06,80.0,Jequié,BA,-18.041508570089448
2922250,118,0.2760412483397776,0.22033898305084745,45.61,80.0,Muquém de São Francisco,BA,-18.00587516602224
2112605,277,0.5976057127459775,0.3898916967509025,77.72,80.0,Urbano Santos,MA,-17.959428725402248
2703205,249,0.4040123636591898,0.5100401606425703,58.34,80.0,Igreja Nova,AL,-17.93876363408102
2905602,191,0.3013438081434462,0.24607329842931938,48.06,80.0,Camacan,BA,-17.925619185655382
1506583,246,0.4438162135102651,0.43089430894308944,62.25,80.0,Santa Maria das Barreiras,PA,-17.86837864897349
1505106,538,0.41168512246428957,0.550185873605948,58.97,80.0,Óbidos,PA,-17.801487753571045
2407708,120,0.4783289412910584,0.44166666666666665,65.63,80.0,Montanhas,RN,-17.797105870894157
2926301,172,0.33702831067004624,0.38372093023255816,51.47,80.0,Riachão do Jacuípe,BA,-17.767168932995375
2904050,150,0.3503210801023723,0.34,52.79,80.0,Bonito,BA,-17.75789198976277
2414803,132,0.48048634428545345,0.44696969696969696,65.66,80.0,Vera Cruz,RN,-17.611365571454655
3540903,191,0.5840155846557875,0.6282722513089005,75.99,80.0,Pradópolis,SP,-17.588441534421243
2901353,109,0.29668651771112364,0.28440366972477066,47.23,80.0,Andorinha,BA,-17.56134822888763
3509403,218,0.5677323552478878,0.5504587155963303,74.32,80.0,Cajuru,SP,-17.546764475211212
2910404,153,0.3663734351206761,0.37254901960784315,54.03,80.0,Encruzilhada,BA,-17.392656487932392
2914703,375,0.3695019752287809,0.4106666666666667,54.29,80.0,Itaberaba,BA,-17.339802477121907
2202901,265,0.4096132629483371,0.37358490566037733,58.23,80.0,Corrente,PI,-17.268673705166286
2923209,196,0.3397838784189602,0.39285714285714285,51.24,80.0,Oliveira dos Brejinhos,BA,-17.261612158103986
2930154,439,0.3252129787576783,0.26651480637813213,49.76,80.0,Serra do Ramalho,BA,-17.23870212423217
2501302,203,0.5455375031063583,0.4433497536945813,71.77,80.0,Aroeiras,PB,-17.21624968936417
3162005,239,0.602358043436798,0.7615062761506276,77.38,80.0,São Gonçalo do Sapucaí,MG,-17.144195656320193
1505064,707,0.46481080702423005,0.5007072135785007,63.57,80.0,Novo Repartimento,PA,-17.088919297576993
2909703,144,0.38871850475450775,0.4375,55.94,80.0,Cristópolis,BA,-17.06814952454922
2928901,307,0.3909502806461278,0.5407166123778502,56.06,80.0,São Desidério,BA,-16.964971935387226
2604403,128,0.5151748802703486,0.6328125,68.48,80.0,Chã de Alegria,PE,-16.96251197296514
4210001,186,0.6304592399395853,0.6290322580645161,80.0,80.0,Luiz Alves,SC,-16.95407600604147
2920106,111,0.36332215895469633,0.23423423423423423,53.26,80.0,Mairi,BA,-16.927784104530367
5005681,239,0.6308258285180898,0.4895397489539749,80.0,80.0,Mundo Novo,MS,-16.91741714819102
4215455,157,0.5577058464476286,0.49044585987261147,72.64,80.0,Sangão,SC,-16.869415355237145
2927200,247,0.34558356402949775,0.2793522267206478,51.35,80.0,Ruy Barbosa,BA,-16.791643597050225
2806602,101,0.3172816905648542,0.37623762376237624,48.51,80.0,Santo Amaro das Brotas,SE,-16.781830943514574
3137700,209,0.577681019024553,0.6985645933014354,74.49,80.0,Lajinha,MG,-16.72189809754469
2609105,123,0.6331660273947453,0.967479674796748,80.0,80.0,Machados,PE,-16.683397260525474
2906907,225,0.36669629945217086,0.49777777777777776,53.33,80.0,Caravelas,BA,-16.66037005478291
2100436,165,0.5664077765811326,0.5212121212121212,73.29,80.0,Alto Alegre do Maranhão,MA,-16.64922234188674
2933208,405,0.3541256462673711,0.38271604938271603,52.02,80.0,Vera Cruz,BA,-16.607435373262895
1100122,1481,0.6347218399847425,0.6630654962862931,80.0,80.0,Ji-Paraná,RO,-16.52781600152575
2205854,102,0.5135600632318982,0.5588235294117647,67.86,80.0,Madeiro,PI,-16.503993676810182
2921500,251,0.2909393928007886,0.2749003984063745,45.54,80.0,Monte Santo,BA,-16.446060719921135
3535408,171,0.635634704472227,0.9239766081871345,80.0,80.0,Panorama,SP,-16.436529552777294
2930600,144,0.30724871205040805,0.2569444444444444,47.13,80.0,Serrolândia,BA,-16.405128794959197
2932200,151,0.28225924735899444,0.31125827814569534,44.61,80.0,Ubaitaba,BA,-16.384075264100556
5003751,176,0.6041325983127092,0.5738636363636364,76.78,80.0,Eldorado,MS,-16.366740168729088
1507151,194,0.40664090895041594,0.39690721649484534,57.03,80.0,São Domingos do Araguaia,PA,-16.365909104958405
2932002,216,0.3989699382200955,0.4027777777777778,56.24,80.0,Uauá,BA,-16.343006177990453
3162807,151,0.6367534227218702,0.7019867549668874,80.0,80.0,São João Evangelista,MG,-16.324657727812983
2206605,116,0.5495502368601427,0.5689655172413793,71.24,80.0,Monte Alegre do Piauí,PI,-16.284976313985723
2504306,221,0.4703851232076146,0.4660633484162896,63.31,80.0,Catolé do Rocha,PB,-16.27148767923854
2916807,112,0.3503530840244701,0.4107142857142857,51.29,80.0,Itarantim,BA,-16.25469159755299
2923407,151,0.40402498936260145,0.3576158940397351,56.65,80.0,Palmas de Monte Alto,BA,-16.247501063739854
2509057,129,0.5617614256787533,0.21705426356589147,72.42,80.0,Marcação,PB,-16.24385743212467
2902906,487,0.33459098708826274,0.3059548254620123,49.7,80.0,Barra do Choça,BA,-16.240901291173728
1502103,1141,0.3674879469163522,0.39526730937773885,52.96,80.0,Cametá,PA,-16.211205308364775
2504900,115,0.48053956115331964,0.4782608695652174,64.13,80.0,Cruz do Espírito Santo,PB,-16.07604388466803
2931608,143,0.41845681475444474,0.44755244755244755,57.92,80.0,Teolândia,BA,-16.07431852455553
2913606,1378,0.3059238524795529,0.2663280116110305,46.65,80.0,Ilhéus,BA,-16.05761475204471
2910701,434,0.31263215801972244,0.31336405529953915,47.32,80.0,Euclides da Cunha,BA,-16.056784198027756
2910057,555,0.3323099739128488,0.3225225225225225,49.24,80.0,Dias d'Ávila,BA,-16.00900260871512
3117702,129,0.6400134835682131,0.7829457364341085,80.0,80.0,Conceição do Rio Verde,MG,-15.99865164317869
2929305,203,0.33948630333651286,0.24630541871921183,49.94,80.0,São Gonçalo dos Campos,BA,-15.99136966634871
5002100,321,0.3943877181711327,0.48598130841121495,55.41,80.0,Bela Vista,MS,-15.971228182886726
2928703,467,0.31705139847761843,0.4089935760171306,47.64,80.0,Santo Antônio de Jesus,BA,-15.934860152238159
2910727,787,0.3265949967790476,0.38373570520965694,48.55,80.0,Eunápolis,BA,-15.890500322095242
2507705,150,0.4454483932126453,0.46,60.43,80.0,Juazeirinho,PB,-15.885160678735474
2202505,118,0.512904598057072,0.4830508474576271,67.14,80.0,Caracol,PI,-15.8495401942928
2903409,168,0.3363016902031438,0.3392857142857143,49.47,80.0,Belmonte,BA,-15.839830979685615
3159902,161,0.6421409576445158,0.8074534161490683,80.0,80.0,Santo Antônio do Amparo,MG,-15.785904235548415
2919926,186,0.3739895049024301,0.25806451612903225,53.18,80.0,Madre de Deus,BA,-15.78104950975699
2110609,321,0.6034407643903955,0.6822429906542056,76.12,80.0,São Bernardo,MA,-15.77592356096045
2803500,766,0.3354541268737421,0.3733681462140992,49.32,80.0,Lagarto,SE,-15.77458731262579
2925105,389,0.39822117928299694,0.42930591259640105,55.58,80.0,Poções,BA,-15.757882071700301
3306206,348,0.5435054121734066,0.603448275862069,70.09,80.0,Vassouras,RJ,-15.73945878265934
2401107,176,0.4557348783873133,0.42613636363636365,61.3,80.0,Areia Branca,RN,-15.726512161268666
5107354,109,0.4493510651991036,0.3486238532110092,60.66,80.0,São José do Xingu,MT,-15.724893480089634
2932101,131,0.4228123782635216,0.3893129770992366,57.97,80.0,Ubaíra,BA,-15.688762173647838
1503507,198,0.4081266157078066,0.5050505050505051,56.48,80.0,Irituia,PA,-15.667338429219335
2108207,267,0.5622166786808092,0.6404494382022472,71.87,80.0,Pedreiras,MA,-15.64833213191909
3540606,519,0.6000010470770825,0.7013487475915221,75.58,80.0,Porto Feliz,SP,-15.579895292291752
2900801,250,0.4096981655194719,0.296,56.52,80.0,Alcobaça,BA,-15.550183448052813
3306107,718,0.4986443392226315,0.5571030640668524,65.41,80.0,Valença,RJ,-15.545566077736844
2913903,326,0.3222523101289858,0.25153374233128833,47.77,80.0,Ipiaú,BA,-15.54476898710142
2916401,537,0.3684483486000443,0.3221601489757914,52.38,80.0,Itapetinga,BA,-15.535165139995577
2205706,305,0.5236649744421806,0.521311475409836,67.87,80.0,Luís Correia,PI,-15.503502555781942
1502855,172,0.35307926635324516,0.42441860465116277,50.81,80.0,Curuá,PA,-15.50207336467549
1502301,465,0.4497330843628079,0.4946236559139785,60.45,80.0,Capitão Poço,PA,-15.476691563719214
2806008,112,0.3232736538156197,0.4107142857142857,47.8,80.0,Ribeirópolis,SE,-15.472634618438029
1302553,186,0.4223447717043022,0.22043010752688172,57.7,80.0,Manaquiri,AM,-15.465522829569785
2708402,398,0.43679137786061717,0.5050251256281407,59.11,80.0,São José da Tapera,AL,-15.430862213938283
1303304,252,0.6458748137716595,0.5238095238095238,80.0,80.0,Novo Aripuanã,AM,-15.412518622834057
2508604,176,0.42421967711844233,0.4431818181818182,57.83,80.0,Lucena,PB,-15.408032288155766
2211308,184,0.45696408073220285,0.42934782608695654,61.1,80.0,Valença do Piauí,PI,-15.403591926779718
1508050,227,0.5831877914309329,0.6255506607929515,73.69,80.0,Trairão,PA,-15.371220856906703
2927705,364,0.37650737692665814,0.37362637362637363,52.99,80.0,Santa Cruz Cabrália,BA,-15.339262307334188
2923100,202,0.3311276219019741,0.21287128712871287,48.45,80.0,Olindina,BA,-15.337237809802595
5001243,139,0.6043353168822956,0.7338129496402878,75.77,80.0,Aral Moreira,MS,-15.336468311770439
2909307,214,0.34852655578294056,0.26635514018691586,50.18,80.0,Correntina,BA,-15.327344421705945
2919702,114,0.43829572711907816,0.4473684210526316,59.12,80.0,Macarani,BA,-15.290427288092182
2911204,214,0.32195652575113487,0.4719626168224299,47.47,80.0,Gandu,BA,-15.274347424886514
2501500,148,0.45222039295231464,0.5472972972972973,60.49,80.0,Bananeiras,PB,-15.26796070476854
2803401,137,0.26139308403299777,0.39416058394160586,41.37,80.0,Japoatã,SE,-15.230691596700222
2908002,115,0.3535007858560816,0.391304347826087,50.58,80.0,Coaraci,BA,-15.229921414391839
2922805,101,0.32001324853370683,0.3465346534653465,47.23,80.0,Nova Itarana,BA,-15.228675146629314
5001102,644,0.5793464526235436,0.5807453416149069,73.13,80.0,Aquidauana,MS,-15.195354737645637
2400208,325,0.3912873942667706,0.40615384615384614,54.25,80.0,Açu,RN,-15.121260573322935
2917607,527,0.4213098014622386,0.5370018975332068,57.21,80.0,Jaguaquara,BA,-15.079019853776138
2906709,162,0.36175512722742165,0.30864197530864196,51.24,80.0,Cândido Sales,BA,-15.06448727725784
2906600,120,0.42467425277387316,0.4166666666666667,57.5,80.0,Candiba,BA,-15.032574722612686
2932804,115,0.3292083469342775,0.33043478260869563,47.93,80.0,Utinga,BA,-15.00916530657225
2801405,126,0.3268637337250967,0.3412698412698413,47.68,80.0,Carira,SE,-14.993626627490329
3542909,101,0.6449226133440006,0.5445544554455446,79.46,80.0,Ribeirão Bonito,SP,-14.967738665599938
2104677,281,0.6241047516719296,0.608540925266904,77.35,80.0,Governador Nunes Freire,MA,-14.939524832807038
2408300,176,0.30350734623259645,0.2840909090909091,45.24,80.0,Nova Cruz,RN,-14.889265376740358
2914000,415,0.29886757303950684,0.344578313253012,44.77,80.0,Ipirá,BA,-14.883242696049319
2925303,2200,0.42639751561592776,0.455,57.5,80.0,Porto Seguro,BA,-14.860248438407226
5002209,398,0.4722604141265555,0.5904522613065326,62.07,80.0,Bonito,MS,-14.843958587344453
2802106,540,0.33190481690708695,0.31296296296296294,48.03,80.0,Estância,SE,-14.839518309291307
2905404,286,0.35507828428303234,0.32867132867132864,50.33,80.0,Cairu,BA,-14.822171571696764
2106607,269,0.5990106692159507,0.3420074349442379,74.7,80.0,Matões,MA,-14.798933078404936
2807402,416,0.39291566789711496,0.4639423076923077,54.06,80.0,Tobias Barreto,SE,-14.768433210288507
1504307,197,0.5710237743448969,0.4720812182741117,71.85,80.0,Maracanã,PA,-14.747622565510298
4105904,204,0.6532585437333918,0.7843137254901961,80.0,80.0,Colorado,PR,-14.674145626660817
2207504,150,0.457673250418543,0.4666666666666667,60.39,80.0,Palmeirais,PI,-14.622674958145701
2800506,149,0.2769375997474187,0.44966442953020136,42.28,80.0,Areia Branca,SE,-14.586240025258128
1501303,1438,0.42794623011899113,0.39777468706536856,57.38,80.0,Barcarena,PA,-14.58537698810089
2804607,221,0.32498943481895404,0.28054298642533937,47.02,80.0,Nossa Senhora das Dores,SE,-14.5210565181046
2612703,101,0.6550419871435165,0.6435643564356436,80.0,80.0,Santa Maria do Cambucá,PE,-14.495801285648355
2929107,141,0.424270788209711,0.41134751773049644,56.92,80.0,São Felipe,BA,-14.492921179028905
2409902,115,0.3881704755117542,0.3391304347826087,53.3,80.0,Pendências,RN,-14.482952448824577
2906808,332,0.30053262617628795,0.2319277108433735,44.53,80.0,Cansanção,BA,-14.476737382371205
2800704,139,0.27967691355950786,0.34532374100719426,42.44,80.0,Brejo Grande,SE,-14.472308644049214
2913705,229,0.2993410706253131,0.30131004366812225,44.36,80.0,Inhambupe,BA,-14.425892937468689
2800407,108,0.3122495198646008,0.28703703703703703,45.65,80.0,Arauá,SE,-14.425048013539918
2700300,2473,0.3784567517062466,0.438334007278609,52.24,80.0,Arapiraca,AL,-14.394324829375343
1304237,296,0.4260517426348188,0.30405405405405406,56.94,80.0,Tonantins,AM,-14.334825736518113
1200351,136,0.5179704946328645,0.625,66.11,80.0,Marechal Thaumaturgo,AC,-14.31295053671355
2903805,140,0.3329670667861224,0.32142857142857145,47.58,80.0,Boa Vista do Tupim,BA,-14.28329332138776
4304408,467,0.647904648779672,0.4732334047109208,79.06,80.0,Canela,RS,-14.269535122032806
3300803,474,0.45904655357762236,0.4978902953586498,60.17,80.0,Cachoeiras de Macacu,RJ,-14.265344642237764
2933505,154,0.37190370499722414,0.3116883116883117,51.45,80.0,Wenceslau Guimarães,BA,-14.25962950027759
2605202,406,0.486261369854983,0.3078817733990148,62.84,80.0,Escada,PE,-14.213863014501698
1501725,207,0.6109366850672435,0.8743961352657005,75.29,80.0,Brasil Novo,PA,-14.19633149327565
2916500,326,0.2895623972797503,0.5122699386503068,43.15,80.0,Itapicuru,BA,-14.193760272024967
2905909,189,0.35960069173982834,0.2804232804232804,50.15,80.0,Campo Alegre de Lourdes,BA,-14.189930826017168
1506302,191,0.46922470597393695,0.4973821989528796,61.11,80.0,Salvaterra,PA,-14.187529402606302
2708808,336,0.35964528912193305,0.4226190476190476,50.14,80.0,São Sebastião,AL,-14.175471087806699
1100080,197,0.6584589201557551,0.5989847715736041,80.0,80.0,Costa Marques,RO,-14.154107984424485
3112505,110,0.6414466799408349,0.7818181818181819,78.27,80.0,Capim Branco,MG,-14.125332005916505
2404606,122,0.3949358482891405,0.3114754098360656,53.6,80.0,Ielmo Marinho,RN,-14.106415171085949
2403608,578,0.4428891898084172,0.34429065743944637,58.39,80.0,Extremoz,RN,-14.10108101915828
2414001,137,0.4070341323024038,0.40145985401459855,54.8,80.0,Tangará,RN,-14.096586769759618
2103505,392,0.5208857077351654,0.5,66.17,80.0,Colinas,MA,-14.081429226483465
2705705,276,0.38683588786210077,0.4528985507246377,52.75,80.0,Olho d'Água das Flores,AL,-14.06641121378992
2908101,207,0.4481024758860246,0.5169082125603864,58.82,80.0,Cocos,BA,-14.009752411397542
2108108,211,0.634002666875019,0.9052132701421801,77.38,80.0,Paulo Ramos,MA,-13.979733312498091
2902054,115,0.36174921927590364,0.3826086956521739,50.14,80.0,Araças,BA,-13.96507807240964
2914802,931,0.3215842429485821,0.2975295381310419,46.12,80.0,Itabuna,BA,-13.961575705141783
2909406,105,0.3932972532274961,0.41904761904761906,53.23,80.0,Cotegipe,BA,-13.900274677250387
2507903,110,0.46183640604940956,0.4636363636363636,60.06,80.0,Juripiranga,PB,-13.876359395059048
3556800,159,0.5503554788238029,0.6037735849056604,68.85,80.0,Viradouro,SP,-13.814452117619709
2929255,158,0.33616362383007115,0.33544303797468356,47.41,80.0,São Gabriel,BA,-13.793637616992882
2917003,247,0.2911328446406406,0.21052631578947367,42.9,80.0,Itiúba,BA,-13.78671553593594
2907004,115,0.28123332665778455,0.33043478260869563,41.91,80.0,Cardeal da Silva,BA,-13.78666733422154
5006275,135,0.63692866833302,0.7851851851851852,77.46,80.0,Paraíso das Águas,MS,-13.767133166697995
2932507,196,0.37361707768183305,0.5816326530612245,51.08,80.0,Una,BA,-13.71829223181669
2928109,251,0.33006550618647945,0.26294820717131473,46.72,80.0,Santa Maria da Vitória,BA,-13.713449381352056
3101508,259,0.5871506468186037,0.5598455598455598,72.42,80.0,Além Paraíba,MG,-13.704935318139626
2803302,167,0.40528668554398484,0.5808383233532934,54.23,80.0,Japaratuba,SE,-13.701331445601511
2503506,137,0.6594638558785177,0.6277372262773723,79.64,80.0,Cacimba de Dentro,PB,-13.693614412148222
3304904,4415,0.4314775066985319,0.4378255945639864,56.76,80.0,São Gonçalo,RJ,-13.61224933014681
2504405,152,0.6486057183449015,0.9342105263157895,78.47,80.0,Conceição,PB,-13.60942816550984
2924207,132,0.30452971362103964,0.20454545454545456,44.06,80.0,Pedro Alexandre,BA,-13.607028637896036
5002704,10001,0.4024269209339393,0.5169483051694831,53.84,80.0,Campo Grande,MS,-13.597307906606076
1505908,430,0.6123213332633558,0.8116279069767441,74.82,80.0,Porto de Moz,PA,-13.587866673664415
1300144,245,0.5079298047111869,0.6204081632653061,64.37,80.0,Apuí,AM,-13.577019528881316
2914653,313,0.32144294323627076,0.24920127795527156,45.71,80.0,Itabela,BA,-13.565705676372922
2924405,391,0.25836303250975823,0.22506393861892582,39.38,80.0,Pilão Arcado,BA,-13.543696749024178
2922656,176,0.32322546645414807,0.26136363636363635,45.83,80.0,Nordestina,BA,-13.507453354585195
1504950,218,0.3586617358034301,0.4954128440366973,49.35,80.0,Nova Esperança do Piriá,PA,-13.483826419656992
2708501,398,0.3889368737183627,0.5376884422110553,52.35,80.0,São Luís do Quitunde,AL,-13.45631262816373
2925907,132,0.3805412204280335,0.3484848484848485,51.51,80.0,Quijingue,BA,-13.455877957196648
3165578,116,0.5982974999447126,0.646551724137931,73.26,80.0,Senador Amaral,MG,-13.430250005528748
2802908,787,0.2845000623334767,0.40025412960609913,41.88,80.0,Itabaiana,SE,-13.429993766652334
2903201,1654,0.37730470137501804,0.36094316807738813,51.14,80.0,Barreiras,BA,-13.409529862498196
1501808,990,0.4219596342992098,0.5666666666666667,55.57,80.0,Breves,PA,-13.37403657007902
2925006,181,0.3935806721768651,0.2430939226519337,52.73,80.0,Planalto,BA,-13.371932782313486
1301654,158,0.5436045680935928,0.5506329113924051,67.73,80.0,Guajará,AM,-13.369543190640726
2906303,272,0.30577968244422693,0.2867647058823529,43.93,80.0,Canavieiras,BA,-13.352031755577308
2107704,261,0.6583924624591505,0.7471264367816092,79.18,80.0,Paraibano,MA,-13.340753754084957
2804201,169,0.2685017604808674,0.35502958579881655,40.19,80.0,Monte Alegre de Sergipe,SE,-13.33982395191326
2205805,209,0.47620199200628444,0.5502392344497608,60.96,80.0,Luzilândia,PI,-13.33980079937156
2106375,122,0.641776666485173,0.9754098360655737,77.48,80.0,Maranhãozinho,MA,-13.302333351482716
3547601,199,0.6279441706035822,0.7537688442211056,76.07,80.0,Santa Rosa de Viterbo,SP,-13.275582939641772
2910503,255,0.2744305196182347,0.3254901960784314,40.71,80.0,Entre Rios,BA,-13.26694803817653
2111607,254,0.6054798116396664,0.8464566929133859,73.81,80.0,São Raimundo das Mangabeiras,MA,-13.26201883603337
1300102,277,0.6393527720093382,0.7545126353790613,77.19,80.0,Anori,AM,-13.25472279906618
2100808,109,0.6675493001597983,0.3394495412844037,80.0,80.0,Anapurus,MA,-13.245069984020176
2803203,351,0.2653197843362589,0.396011396011396,39.77,80.0,Itaporanga d'Ajuda,SE,-13.238021566374112
2610301,138,0.626905969115438,0.6666666666666666,75.92,80.0,Paranatama,PE,-13.229403088456195
2608503,165,0.6014184520203294,0.793939393939394,73.36,80.0,Lagoa de Itaenga,PE,-13.21815479796706
2910800,3528,0.332092832749842,0.33191609977324266,46.42,80.0,Feira de Santana,BA,-13.2107167250158
3155504,193,0.6588906756078201,0.6113989637305699,79.08,80.0,Rio Paranaíba,MG,-13.190932439217988
2907103,316,0.3037322691546155,0.31962025316455694,43.56,80.0,Carinhanha,BA,-13.186773084538455
1713304,132,0.48330334300708133,0.6363636363636364,61.51,80.0,Miranorte,TO,-13.179665699291867
1301803,248,0.5331166619032868,0.6451612903225806,66.47,80.0,Ipixuna,AM,-13.15833380967132
2914901,218,0.33555591947916097,0.3119266055045872,46.71,80.0,Itacaré,BA,-13.154408052083902
2205508,451,0.4650877824234986,0.43015521064301554,59.65,80.0,José de Freitas,PI,-13.141221757650143
2901155,192,0.334659250200695,0.4322916666666667,46.6,80.0,América Dourada,BA,-13.134074979930503
2931202,141,0.3866096542885733,0.475177304964539,51.79,80.0,Taperoá,BA,-13.129034571142668
2706505,172,0.41027944329801846,0.32558139534883723,54.15,80.0,Passo de Camaragibe,AL,-13.12205567019815
3140902,247,0.6690272879204633,0.8097165991902834,80.0,80.0,Matipó,MG,-13.097271207953668
2102002,332,0.6692553192616768,0.6867469879518072,80.0,80.0,Bom Jardim,MA,-13.074468073832321
2911600,141,0.3727073235242613,0.2907801418439716,50.34,80.0,Governador Mangabeira,BA,-13.069267647573874
5107701,137,0.49200298101255735,0.5547445255474452,62.26,80.0,Rosário Oeste,MT,-13.059701898744265
2104305,158,0.6698334152123618,0.879746835443038,80.0,80.0,Godofredo Viana,MA,-13.016658478763816
2206209,329,0.3894390636586903,0.60790273556231,51.94,80.0,Miguel Alves,PI,-12.996093634130965
2500601,216,0.517432072177392,0.3101851851851852,64.73,80.0,Alhandra,PB,-12.986792782260807
2104909,127,0.6704605375583446,0.8661417322834646,80.0,80.0,Guimarães,MA,-12.95394624416555
1500404,745,0.3699508314484343,0.35570469798657717,49.94,80.0,Alenquer,PA,-12.944916855156563
2402204,309,0.38004241883073053,0.31715210355987056,50.93,80.0,Canguaretama,RN,-12.92575811692695
2100204,110,0.6256408022602662,0.7090909090909091,75.46,80.0,Alcântara,MA,-12.895919773973375
2904704,140,0.26835656062565305,0.2857142857142857,39.73,80.0,Buerarema,BA,-12.89434393743469
3142809,218,0.6347504699667452,0.5688073394495413,76.36,80.0,Monte Alegre de Minas,MG,-12.884953003325478
3528809,110,0.6711879882233,0.9090909090909091,80.0,80.0,Maracaí,SP,-12.881201177670007
2516003,187,0.6612393210793563,0.45989304812834225,78.98,80.0,Solânea,PB,-12.856067892064374
2903904,683,0.3513225266142753,0.34553440702781846,47.96,80.0,Bom Jesus da Lapa,BA,-12.827747338572472
2909802,432,0.35741349134913414,0.33564814814814814,48.56,80.0,Cruz das Almas,BA,-12.818650865086589
2104073,109,0.6719058278037653,0.6513761467889908,80.0,80.0,Feira Nova do Maranhão,MA,-12.80941721962347
1505031,466,0.5466701570023418,0.5793991416309013,67.45,80.0,Novo Progresso,PA,-12.782984299765822
2931301,110,0.3455304472607882,0.41818181818181815,47.31,80.0,Tapiramutá,BA,-12.756955273921186
2603009,311,0.5920307355017602,0.6430868167202572,71.96,80.0,Cabrobó,PE,-12.756926449823972
2106409,199,0.6016342911448909,0.7688442211055276,72.92,80.0,Mata Roma,MA,-12.756570885510918
2912707,204,0.3307378137149525,0.22058823529411764,45.82,80.0,Ibirapitanga,BA,-12.74621862850475
1506112,143,0.46266444993810696,0.4755244755244755,59.01,80.0,Quatipuru,PA,-12.743555006189304
1501907,229,0.4800260104055797,0.519650655021834,60.73,80.0,Bujaru,PA,-12.727398959442027
2101608,782,0.5738763721224434,0.6432225063938619,70.11,80.0,Barra do Corda,MA,-12.722362787755664
2412203,541,0.35889119492546007,0.3419593345656192,48.56,80.0,São José de Mipibu,RN,-12.670880507453994
2933158,156,0.3443628533741082,0.1794871794871795,47.1,80.0,Várzea Nova,BA,-12.663714662589179
2921401,119,0.35183339585217577,0.29411764705882354,47.84,80.0,Mirangaba,BA,-12.65666041478243
2923605,141,0.4496349316684385,0.48936170212765956,57.62,80.0,Paramirim,BA,-12.65650683315615
1718204,713,0.5171986035206155,0.4431977559607293,64.37,80.0,Porto Nacional,TO,-12.650139647938452
2107902,201,0.6510560293319798,0.5870646766169154,77.72,80.0,Passagem Franca,MA,-12.614397066802013
2512002,218,0.416376717010458,0.5458715596330275,54.24,80.0,Pocinhos,PB,-12.602328298954205
2506806,128,0.5214365138989931,0.46875,64.71,80.0,Ingá,PB,-12.566348610100675
2201739,115,0.41969037581729063,0.7391304347826086,54.51,80.0,Betânia do Piauí,PI,-12.540962418270936
1507508,197,0.3524142738042927,0.34517766497461927,47.76,80.0,São João do Araguaia,PA,-12.518572619570726
2915106,119,0.38495715428508015,0.23529411764705882,50.97,80.0,Itagi,BA,-12.474284571491985
2917508,558,0.32946702917309967,0.2849462365591398,45.4,80.0,Jacobina,BA,-12.453297082690035
1720804,144,0.3988700422048491,0.5069444444444444,52.31,80.0,Sítio Novo do Tocantins,TO,-12.422995779515091
2908200,142,0.33782122988578256,0.2746478873239437,46.19,80.0,Conceição da Feira,BA,-12.40787701142174
2203206,142,0.5953214837801257,0.7816901408450704,71.92,80.0,Curimatá,PI,-12.38785162198743
1502756,250,0.408216009814366,0.544,53.12,80.0,Concórdia do Pará,PA,-12.298399018563394
3110004,345,0.6318408829661339,0.7130434782608696,75.47,80.0,Caeté,MG,-12.285911703386603
3120870,102,0.6719712043727898,0.803921568627451,79.47,80.0,Curral de Dentro,MG,-12.272879562721016
5000807,105,0.5769223974596,0.8,69.94,80.0,Anaurilândia,MS,-12.247760254040003
2930501,487,0.2834847549912254,0.19917864476386038,40.59,80.0,Serrinha,BA,-12.241524500877464
1502806,510,0.28220794905009605,0.25882352941176473,40.46,80.0,Curralinho,PA,-12.239205094990396
3120805,137,0.6776777760148609,0.7591240875912408,80.0,80.0,Cruzília,MG,-12.232222398513912
1508084,467,0.5347029015027113,0.48822269807280516,65.7,80.0,Tucumã,PA,-12.229709849728877
2807105,362,0.3521700855595331,0.356353591160221,47.41,80.0,Simão Dias,SE,-12.192991444046683
2801306,318,0.35497004233630225,0.3584905660377358,47.68,80.0,Capela,SE,-12.182995766369778
2801702,185,0.2801388408699369,0.34594594594594597,40.17,80.0,Cristinápolis,SE,-12.15611591300631
2918100,193,0.30092357260456326,0.29533678756476683,42.24,80.0,Jeremoabo,BA,-12.147642739543677
2927408,12158,0.39885992595193376,0.3685639085375884,52.03,80.0,Salvador,BA,-12.144007404806622
2925501,391,0.3660859222839077,0.3273657289002558,48.75,80.0,Prado,BA,-12.14140777160923
5005251,137,0.6787514819729357,0.7737226277372263,80.0,80.0,Laguna Carapã,MS,-12.12485180270643
2208007,528,0.4969495260941431,0.5511363636363636,61.79,80.0,Picos,PI,-12.095047390585691
2104552,306,0.6790739718068364,0.6764705882352942,80.0,80.0,Governador Edison Lobão,MA,-12.092602819316369
2801207,462,0.26152489492927666,0.2683982683982684,38.24,80.0,Canindé de São Francisco,SE,-12.087510507072334
5107305,228,0.6320548789200624,0.6008771929824561,75.26,80.0,São José do Rio Claro,MT,-12.054512107993766
4215307,110,0.6655980309760585,0.6818181818181818,78.59,80.0,Salete,SC,-12.030196902394152
2900702,988,0.3569340309642819,0.36639676113360325,47.72,80.0,Alagoinhas,BA,-12.026596903571807
4102109,256,0.6768031785350563,0.75390625,79.69,80.0,Astorga,PR,-12.00968214649437
2407104,556,0.32065042453860815,0.3057553956834532,44.07,80.0,Macaíba,RN,-12.004957546139188
2601508,123,0.6197126251765317,0.7967479674796748,73.96,80.0,Belém de Maria,PE,-11.98873748234682
3301900,2438,0.4869049744650562,0.5127153404429861,60.66,80.0,Itaboraí,RJ,-11.96950255349438
4212908,245,0.6682032471760371,0.7510204081632653,78.76,80.0,Pinhalzinho,SC,-11.939675282396294
1100924,154,0.6807434751308346,0.7337662337662337,80.0,80.0,Chupinguaia,RO,-11.925652486916547
2909901,388,0.3259121744981246,0.22938144329896906,44.5,80.0,Curaçá,BA,-11.908782550187539
3133105,107,0.6809614064716976,0.8037383177570093,80.0,80.0,Itanhandu,MG,-11.903859352830239
3301702,6581,0.4590055535623184,0.45661753532897736,57.8,80.0,Duque de Caxias,RJ,-11.899444643768156
2602704,124,0.5658785675477145,0.8548387096774194,68.48,80.0,Buenos Aires,PE,-11.892143245228553
4214003,223,0.5607335670502476,0.5919282511210763,67.96,80.0,Presidente Getúlio,SC,-11.886643294975237
2601706,658,0.4769908943896901,0.4376899696048632,59.56,80.0,Belo Jardim,PE,-11.860910561030991
1505809,766,0.4352491296748723,0.42428198433420367,55.35,80.0,Portel,PA,-11.825087032512776
3113909,132,0.6425286447773162,0.7878787878787878,76.06,80.0,Carmo da Cachoeira,MG,-11.807135522268382
1502152,1402,0.5609001106224257,0.6533523537803139,67.89,80.0,Canaã dos Carajás,PA,-11.799988937757426
3139508,207,0.6041469770626412,0.6956521739130435,72.2,80.0,Manhumirim,MG,-11.785302293735882
2408201,287,0.3481038523551788,0.4843205574912892,46.59,80.0,Nísia Floresta,RN,-11.779614764482119
3507407,118,0.6824947133933154,0.8559322033898306,80.0,80.0,Borborema,SP,-11.750528660668465
2919504,402,0.3973832314549075,0.3805970149253731,51.48,80.0,Livramento de Nossa Senhora,BA,-11.741676854509244
2615003,235,0.5457951054706495,0.5957446808510638,66.27,80.0,Taquaritinga do Norte,PE,-11.690489452935047
2931509,186,0.3149345002252115,0.2956989247311828,43.13,80.0,Teofilândia,BA,-11.63654997747885
2906006,619,0.3860463796728948,0.39095315024232635,50.23,80.0,Campo Formoso,BA,-11.62536203271052
2708709,155,0.36865688609291836,0.5032258064516129,48.46,80.0,São Miguel dos Milagres,AL,-11.594311390708164
2933604,524,0.34049244531313605,0.32251908396946566,45.64,80.0,Xique-Xique,BA,-11.590755468686396
2103703,276,0.5877866219391552,0.6702898550724637,70.36,80.0,Cururupu,MA,-11.581337806084477
1100940,260,0.6664836029697865,0.676923076923077,78.22,80.0,Cujubim,RO,-11.571639703021347
3302502,2969,0.4563016728936602,0.46783428763893564,57.18,80.0,Magé,RJ,-11.549832710633979
3157005,392,0.6360133621864061,0.7704081632653061,75.15,80.0,Salinas,MG,-11.548663781359394
5006606,1793,0.5346753012816912,0.682654768544339,65.01,80.0,Ponta Porã,MS,-11.542469871830889
1600154,184,0.5914214597070642,0.44565217391304346,70.64,80.0,Pedra Branca do Amapari,AP,-11.497854029293585
1600402,347,0.32779777864843085,0.43515850144092216,44.27,80.0,Mazagão,AP,-11.49022213515692
4218707,864,0.6187845733793262,0.6087962962962963,73.35,80.0,Tubarão,SC,-11.471542662067371
1500503,355,0.3390826881646727,0.39154929577464787,45.36,80.0,Almeirim,PA,-11.45173118353273
2112803,518,0.5391235064998716,0.5366795366795367,65.36,80.0,Viana,MA,-11.447649350012838
3302270,1085,0.405496993194281,0.36589861751152075,51.98,80.0,Japeri,RJ,-11.430300680571897
3301603,138,0.5365288050124923,0.6521739130434783,65.07,80.0,Duas Barras,RJ,-11.417119498750758
3115508,160,0.6606075401715326,0.74375,77.47,80.0,Caxambu,MG,-11.409245982846741
3525102,402,0.5396816887087474,0.4577114427860697,65.37,80.0,Jardinópolis,SP,-11.401831129125263
2513703,930,0.4187163715648361,0.3817204301075269,53.27,80.0,Santa Rita,PB,-11.398362843516395
2932903,417,0.3428357915705832,0.31894484412470026,45.66,80.0,Valença,BA,-11.376420842941677
2101731,108,0.5586626281257101,0.7222222222222222,67.24,80.0,Belágua,MA,-11.373737187428986
1504455,292,0.47748197983655716,0.4828767123287671,59.08,80.0,Medicilândia,PA,-11.331802016344284
4213708,245,0.5947062763930876,0.6285714285714286,70.8,80.0,Pouso Redondo,SC,-11.329372360691238
1506500,766,0.41930427907925016,0.34073107049608353,53.25,80.0,Santa Isabel do Pará,PA,-11.319572092074985
2515302,376,0.3666161737834608,0.39361702127659576,47.97,80.0,Sapé,PB,-11.30838262165392
3127800,130,0.6287226231420204,0.8615384615384616,74.18,80.0,Grão Mogol,MG,-11.30773768579796
1303205,247,0.6581165433678371,0.5870445344129555,77.11,80.0,Novo Airão,AM,-11.298345663216296
2612604,462,0.4541619677082711,0.645021645021645,56.71,80.0,Santa Maria da Boa Vista,PE,-11.293803229172887
2930303,136,0.32645881481573136,0.33088235294117646,43.93,80.0,Serra Dourada,BA,-11.284118518426865
3302254,348,0.5852819088979117,0.6810344827586207,69.81,80.0,Itatiaia,RJ,-11.28180911020884
2918407,2494,0.345049211197607,0.29310344827586204,45.77,80.0,Juazeiro,BA,-11.265078880239301
2201507,208,0.44079793647785726,0.46634615384615385,55.33,80.0,Batalha,PI,-11.25020635221427
2508307,210,0.59593301325193,0.4714285714285714,70.83,80.0,Lagoa Seca,PB,-11.236698674806995
2930907,127,0.3827449625920524,0.4330708661417323,49.5,80.0,Tabocas do Brejo Velho,BA,-11.225503740794764
3115102,170,0.6234705260776707,0.7764705882352941,73.57,80.0,Cássia,MG,-11.222947392232918
2205201,164,0.6806554864900738,0.5914634146341463,79.28,80.0,Jaicós,PI,-11.214451350992618
2909109,140,0.4672773589406559,0.30714285714285716,57.93,80.0,Coribe,BA,-11.202264105934411
2907905,193,0.3182169802180428,0.31088082901554404,42.99,80.0,Cipó,BA,-11.168301978195721
1702554,191,0.4861639706853589,0.5968586387434555,59.78,80.0,Augustinópolis,TO,-11.163602931464112
2926509,162,0.325394882401994,0.3395061728395062,43.7,80.0,Ribeira do Amparo,BA,-11.160511759800606
4318408,133,0.6885518931729011,0.6240601503759399,80.0,80.0,São Jerônimo,RS,-11.144810682709888
2516706,123,0.63908741946142,0.8211382113821138,75.05,80.0,Teixeira,PB,-11.141258053857996
2912202,249,0.3182115202054546,0.3253012048192771,42.96,80.0,Ibicoara,BA,-11.138847979454539
5004502,243,0.6137381786458782,0.5473251028806584,72.48,80.0,Itaporã,MS,-11.106182135412183
2600302,230,0.6317510893135788,0.6391304347826087,74.28,80.0,Agrestina,PE,-11.104891068642118
2806206,176,0.36797990230971855,0.44886363636363635,47.88,80.0,Salgado,SE,-11.082009769028147
3108552,206,0.6662860580884032,0.7669902912621359,77.71,80.0,Brasilândia de Minas,MG,-11.081394191159674
1500602,1559,0.4637927571180517,0.4573444515715202,57.46,80.0,Altamira,PA,-11.08072428819483
2601607,174,0.49762814667613875,0.632183908045977,60.84,80.0,Belém do São Francisco,PE,-11.07718533238613
2912103,166,0.34465621795525525,0.3795180722891566,45.54,80.0,Ibicaraí,BA,-11.074378204474478
2928802,499,0.3590995182318104,0.3186372745490982,46.98,80.0,Santo Estêvão,BA,-11.070048176818958
2902500,142,0.4148735288030163,0.3591549295774648,52.55,80.0,Baianópolis,BA,-11.062647119698369
2702553,137,0.3742866710600453,0.36496350364963503,48.49,80.0,Estrela de Alagoas,AL,-11.06133289399547
2805604,228,0.27997110750320353,0.17543859649122806,39.04,80.0,Porto da Folha,SE,-11.042889249679646
1303106,304,0.49692599518465996,0.3782894736842105,60.73,80.0,Nova Olinda do Norte,AM,-11.037400481534
2918357,254,0.3752664664769151,0.531496062992126,48.56,80.0,João Dourado,BA,-11.033353352308495
2701803,157,0.44208378140739146,0.3885350318471338,55.23,80.0,Carneiros,AL,-11.021621859260854
3154309,129,0.6315735012498105,0.627906976744186,74.16,80.0,Resplendor,MG,-11.002649875018946
2800308,3727,0.33527971717540894,0.43681244969144084,44.53,80.0,Aracaju,SE,-11.002028282459108
3161502,106,0.6900894082003202,0.8773584905660378,80.0,80.0,São Geraldo,MG,-10.991059179967976
2905701,2552,0.3672500788814389,0.36559561128526646,47.7,80.0,Camaçari,BA,-10.97499211185611
2933000,102,0.3567792609016027,0.37254901960784315,46.64,80.0,Valente,BA,-10.96207390983973
1500909,512,0.4063422742153374,0.453125,51.58,80.0,Augusto Corrêa,PA,-10.945772578466254
1507953,1000,0.3997274317503632,0.383,50.91,80.0,Tailândia,PA,-10.937256824963676
5003454,179,0.6906601105378813,0.664804469273743,80.0,80.0,Deodápolis,MS,-10.93398894621187
2909208,111,0.327631900075536,0.36036036036036034,43.69,80.0,Coronel João Sá,BA,-10.926809992446401
1508159,397,0.5923789632157099,0.6120906801007556,70.15,80.0,Uruará,PA,-10.912103678429013
3305158,252,0.6317158487297045,0.7658730158730159,74.08,80.0,São José do Vale do Rio Preto,RJ,-10.908415127029542
3128303,210,0.6469495202686399,0.6476190476190476,75.58,80.0,Guaranésia,MG,-10.885047973135997
3111101,120,0.6718555465130917,0.7416666666666667,78.07,80.0,Campina Verde,MG,-10.884445348690832
2920403,120,0.41447624282306217,0.4166666666666667,52.32,80.0,Manoel Vitorino,BA,-10.872375717693785
1100338,404,0.5764599796886103,0.45792079207920794,68.5,80.0,Nova Mamoré,RO,-10.854002031138968
4217006,189,0.5952122459398439,0.6878306878306878,70.37,80.0,São Ludgero,SC,-10.848775406015612
2606507,173,0.5991311572717593,0.8208092485549133,70.7,80.0,Iati,PE,-10.786884272824075
2902708,474,0.31274250679671667,0.2848101265822785,42.06,80.0,Barra,BA,-10.785749320328335
5003306,467,0.4165085493543351,0.3961456102783726,52.43,80.0,Coxim,MS,-10.779145064566485
2615300,346,0.6514013918979287,0.7745664739884393,75.9,80.0,Timbaúba,PE,-10.759860810207144
2109452,431,0.6109463810895275,0.4872389791183295,71.84,80.0,Raposa,MA,-10.745361891047253
3303807,415,0.49544393558555877,0.4891566265060241,60.27,80.0,Paraty,RJ,-10.725606441444128
3141405,194,0.6258779694207695,0.6443298969072165,73.31,80.0,Medina,MG,-10.722203057923053
1707009,233,0.5028864888137627,0.6094420600858369,61.01,80.0,Dianópolis,TO,-10.721351118623723
1502939,510,0.5533063448103583,0.6941176470588235,66.05,80.0,Dom Eliseu,PA,-10.71936551896416
2206407,122,0.5601164453880227,0.4180327868852459,66.72,80.0,Monsenhor Gil,PI,-10.708355461197726
2104057,500,0.5244141464841751,0.606,63.09,80.0,Estreito,MA,-10.648585351582497
1505536,2854,0.5206391307430596,0.5059565522074282,62.71,80.0,Parauapebas,PA,-10.646086925694043
4216008,128,0.6935550532415007,0.7265625,80.0,80.0,São Carlos,SC,-10.644494675849927
4212809,374,0.56860601762617,0.5347593582887701,67.49,80.0,Balneário Piçarras,SC,-10.629398237382993
2901106,140,0.40152309313099566,0.4714285714285714,50.77,80.0,Amélia Rodrigues,BA,-10.617690686900438
4204558,168,0.5563592879092288,0.5654761904761905,66.25,80.0,Correia Pinto,SC,-10.614071209077117
2108801,103,0.6939566502497758,0.4174757281553398,80.0,80.0,Pirapemas,MA,-10.604334975022425
2806305,124,0.3062762664201828,0.21774193548387097,41.22,80.0,Santa Luzia do Itanhy,SE,-10.592373357981721
1500107,1270,0.418748649811698,0.3653543307086614,52.46,80.0,Abaetetuba,PA,-10.5851350188302
2807600,184,0.30203213922222505,0.391304347826087,40.77,80.0,Umbaúba,SE,-10.566786077777497
3151404,269,0.694429640994252,0.7881040892193308,80.0,80.0,Pitangui,MG,-10.557035900574803
2103158,117,0.6944453419598102,0.8803418803418803,80.0,80.0,Centro do Guilherme,MA,-10.55546580401898
3305752,339,0.5289124337350732,0.551622418879056,63.44,80.0,Tanguá,RJ,-10.548756626492676
2704302,6460,0.41546275002597244,0.4072755417956656,52.09,80.0,Maceió,AL,-10.543724997402762
2931905,256,0.33398725761154135,0.35546875,43.93,80.0,Tucano,BA,-10.531274238845867
3158953,328,0.6245832125954337,0.7012195121951219,72.98,80.0,Santana do Paraíso,MG,-10.521678740456636
2707701,1249,0.397887634497899,0.3907125700560448,50.31,80.0,Rio Largo,AL,-10.521236550210105
2801504,148,0.2976858414334599,0.16216216216216217,40.27,80.0,Carmópolis,SE,-10.501415856654013
3303302,2361,0.505949763698331,0.5124947056332063,61.09,80.0,Niterói,RJ,-10.495023630166905
4202800,390,0.5643502251562771,0.5923076923076923,66.93,80.0,Braço do Norte,SC,-10.4949774843723
2602100,462,0.5601697024121637,0.6060606060606061,66.49,80.0,Bom Conselho,PE,-10.473029758783625
2708006,513,0.38211078038619317,0.442495126705653,48.68,80.0,Santana do Ipanema,AL,-10.46892196138068
2933455,121,0.5207031611202162,0.5537190082644629,62.52,80.0,Wanderley,BA,-10.44968388797838
2605608,145,0.655547492635679,0.6827586206896552,76.0,80.0,Flores,PE,-10.4452507364321
2612455,154,0.6220984307407571,0.6883116883116883,72.64,80.0,Santa Cruz,PE,-10.430156925924294
2111409,132,0.6595655471663198,0.696969696969697,76.38,80.0,São Luís Gonzaga do Maranhão,MA,-10.423445283368025
2932705,159,0.34387672349532705,0.2641509433962264,44.8,80.0,Uruçuca,BA,-10.41232765046729
5006358,138,0.4580364211779586,0.6739130434782609,56.21,80.0,Paranhos,MS,-10.40635788220414
2414407,278,0.2972691152366618,0.38489208633093525,40.12,80.0,Touros,RN,-10.39308847633382
2202406,137,0.5188964684303672,0.5401459854014599,62.28,80.0,Capitão de Campos,PI,-10.390353156963286
2912905,195,0.3672342890915681,0.37435897435897436,47.09,80.0,Ibirataia,BA,-10.366571090843195
1506195,320,0.5480629744229746,0.546875,65.15,80.0,Rurópolis,PA,-10.34370255770255
2403251,1330,0.4544857724944318,0.36390977443609024,55.79,80.0,Parnamirim,RN,-10.341422750556823
2608057,110,0.6695642720398431,0.6818181818181818,77.29,80.0,Jatobá,PE,-10.333572796015687
2800670,166,0.2796686666420507,0.35542168674698793,38.3,80.0,Boquim,SE,-10.333133335794926
2930204,429,0.31362283383338474,0.24242424242424243,41.68,80.0,Sento Sé,BA,-10.317716616661524
1506138,1080,0.5289314432644265,0.5833333333333334,63.21,80.0,Redenção,PA,-10.316855673557349
1503044,228,0.4792510590773955,0.6710526315789473,58.23,80.0,Floresta do Araguaia,PA,-10.304894092260447
2106805,143,0.6970342495881326,0.6993006993006993,80.0,80.0,Mirinzal,MA,-10.296575041186742
3117900,117,0.6517294133854257,0.8376068376068376,75.46,80.0,Congonhal,MG,-10.287058661457422
2613800,136,0.4854209634574409,0.4264705882352941,58.82,80.0,São Vicente Ferrer,PE,-10.277903654255908
3123205,117,0.6005408704947064,0.8547008547008547,70.33,80.0,Dores do Indaiá,MG,-10.27591295052936
2908408,446,0.333123764511172,0.3094170403587444,43.58,80.0,Conceição do Coité,BA,-10.267623548882803
5106257,245,0.6395739436952836,0.4489795918367347,74.21,80.0,Nova Xavantina,MT,-10.252605630471628
3305604,260,0.5317879183690954,0.5769230769230769,63.43,80.0,Silva Jardim,RJ,-10.251208163090453
3114501,169,0.6759124824592619,0.8165680473372781,77.84,80.0,Carmópolis de Minas,MG,-10.248751754073808
3152006,292,0.5970864814903929,0.6643835616438356,69.94,80.0,Pompéu,MG,-10.231351850960706
2607752,274,0.6814591688179485,0.8284671532846716,78.37,80.0,Itapissuma,PE,-10.224083118205144
1503606,1827,0.5694879770722072,0.6009852216748769,67.16,80.0,Itaituba,PA,-10.211202292779276
3112703,149,0.5753797525133566,0.6375838926174496,67.74,80.0,Capitão Enéas,MG,-10.202024748664336
2609154,174,0.5422941399602721,0.5287356321839081,64.43,80.0,Manari,PE,-10.200586003972795
2703809,197,0.3744518418987022,0.27411167512690354,47.64,80.0,Joaquim Gomes,AL,-10.194815810129782
1504000,256,0.47946039225685344,0.4921875,58.14,80.0,Limoeiro do Ajuru,PA,-10.193960774314654
2105963,106,0.6980700898329817,0.9716981132075472,80.0,80.0,Lagoa Grande do Maranhão,MA,-10.192991016701825
2906501,510,0.36788927119489945,0.36666666666666664,46.98,80.0,Candeias,BA,-10.191072880510049
1600501,384,0.31206935633085664,0.21354166666666666,41.39,80.0,Oiapoque,AP,-10.183064366914337
1501006,106,0.544799270520155,0.6415094339622641,64.66,80.0,Aveiro,PA,-10.180072947984499
2707305,298,0.39898342621551985,0.4597315436241611,50.05,80.0,Porto Calvo,AL,-10.151657378448014
5001003,434,0.5061943533322981,0.5806451612903226,60.77,80.0,Aparecida do Taboado,MS,-10.150564666770194
2600708,237,0.5312013211046909,0.39662447257383965,63.27,80.0,Aliança,PE,-10.149867889530917
2704500,408,0.3666676544014804,0.4583333333333333,46.77,80.0,Maragogi,AL,-10.103234559851963
3139201,187,0.6793300306169038,0.7593582887700535,78.03,80.0,Malacacheta,MG,-10.09699693830963
1503309,630,0.40105891162822094,0.4031746031746032,50.18,80.0,Igarapé-Miri,PA,-10.074108837177903
2905800,236,0.31219697531318624,0.2838983050847458,41.28,80.0,Camamu,BA,-10.060302468681378
2612802,132,0.619660025504766,0.7954545454545454,72.0,80.0,Santa Terezinha,PE,-10.033997449523405
1503093,300,0.4701042707336113,0.43666666666666665,57.03,80.0,Goianésia do Pará,PA,-10.019572926638872
2607505,205,0.5615810646454169,0.5853658536585366,66.17,80.0,Itaíba,PE,-10.011893535458313
2910008,112,0.4101136434966658,0.4107142857142857,51.02,80.0,Dário Meira,BA,-10.008635650333424
2921708,219,0.39803895188598826,0.2831050228310502,49.79,80.0,Morro do Chapéu,BA,-9.986104811401177
2206803,158,0.5928908447695448,0.45569620253164556,69.27,80.0,Nossa Senhora dos Remédios,PI,-9.980915523045518
2402600,654,0.30586884577228834,0.3470948012232416,40.56,80.0,Ceará-Mirim,RN,-9.97311542277117
4319604,145,0.7003210917281601,0.5241379310344828,80.0,80.0,São Sepé,RS,-9.967890827183979
1502954,292,0.5178367251668077,0.5136986301369864,61.74,80.0,Eldorado do Carajás,PA,-9.956327483319235
3159803,252,0.637378338667006,0.6309523809523809,73.65,80.0,Santa Vitória,MG,-9.912166133299408
5004601,350,0.6548200224449535,0.7942857142857143,75.39,80.0,Itaquiraí,MS,-9.907997755504653
2607653,247,0.48913156562743687,0.43724696356275305,58.78,80.0,Itambé,PE,-9.866843437256314
2904100,100,0.42398089902031066,0.32,52.26,80.0,Boquira,BA,-9.86191009796893
2928208,230,0.3486378714918028,0.3869565217391304,44.72,80.0,Santana,BA,-9.856212850819716
4209300,1478,0.4892821162851084,0.5230040595399188,58.78,80.0,Lages,SC,-9.851788371489157
4203006,754,0.6319677250332526,0.6618037135278515,73.04,80.0,Caçador,SC,-9.843227496674743
2805505,156,0.3560521757137829,0.40384615384615385,45.43,80.0,Poço Verde,SE,-9.82478242862171
2601409,421,0.5786145889516907,0.5273159144893111,67.68,80.0,Barreiros,PE,-9.818541104830935
2706448,232,0.5228168601615379,0.3577586206896552,62.1,80.0,Paripueira,AL,-9.81831398384621
2704609,111,0.6252393795419422,0.7477477477477478,72.33,80.0,Maravilha,AL,-9.806062045805781
5101407,383,0.5681916649204704,0.6266318537859008,66.61,80.0,Aripuanã,MT,-9.790833507952968
2605905,162,0.5574427245991774,0.7716049382716049,65.53,80.0,Gameleira,PE,-9.785727540082256
1101005,124,0.6011494942710311,0.7096774193548387,69.88,80.0,Governador Jorge Teixeira,RO,-9.765050572896882
2804003,123,0.2721983417079553,0.3089430894308943,36.97,80.0,Maruim,SE,-9.750165829204466
3133709,162,0.6498076139499702,0.8024691358024691,74.73,80.0,Itatiaiuçu,MG,-9.749238605002986
2908903,169,0.35860142796954286,0.21301775147928995,45.58,80.0,Coração de Maria,BA,-9.719857203045713
5107008,242,0.4806130998772401,0.4669421487603306,57.77,80.0,Poxoréo,MT,-9.708690012275994
2906204,255,0.3443894635547081,0.33725490196078434,44.12,80.0,Canarana,BA,-9.681053644529186
2901205,115,0.4036936495105887,0.3217391304347826,50.04,80.0,Anagé,BA,-9.67063504894113
4322400,966,0.5769817019602688,0.4668737060041408,67.36,80.0,Uruguaiana,RS,-9.66182980397312
1501956,141,0.48547126595615775,0.5177304964539007,58.2,80.0,Cachoeira do Piriá,PA,-9.65287340438423
2929206,342,0.35159999474138104,0.2573099415204678,44.81,80.0,São Francisco do Conde,BA,-9.650000525861898
2702900,395,0.39786075165399637,0.39746835443037976,49.42,80.0,Girau do Ponciano,AL,-9.633924834600364
1503903,782,0.49563898141776996,0.5025575447570333,59.19,80.0,Juruti,PA,-9.626101858223002
4218905,113,0.5700435952288108,0.7610619469026548,66.62,80.0,Urubici,SC,-9.61564047711893
2706802,226,0.3662590004892927,0.4247787610619469,46.24,80.0,Piaçabuçu,AL,-9.614099951070727
3302858,1227,0.41419824130731253,0.3545232273838631,51.02,80.0,Mesquita,RJ,-9.600175869268753
2507101,143,0.6472152238245137,0.8321678321678322,74.3,80.0,Itapororoca,PB,-9.578477617548629
5209705,394,0.629060161888791,0.6548223350253807,72.44,80.0,Hidrolândia,GO,-9.533983811120898
1506161,219,0.4446003240818308,0.5570776255707762,53.98,80.0,Rio Maria,PA,-9.519967591816915
2100709,141,0.6549186254505823,0.41134751773049644,75.01,80.0,Anajatuba,MA,-9.518137454941765
4204301,950,0.6795486563359412,0.7178947368421053,77.47,80.0,Concórdia,SC,-9.515134366405874
2908507,208,0.3878742233605923,0.375,48.3,80.0,Conceição do Jacuípe,BA,-9.512577663940768
3301850,593,0.5042664169629179,0.47386172006745364,59.91,80.0,Guapimirim,RJ,-9.483358303708215
3118403,208,0.6160097386843367,0.5625,71.07,80.0,Conselheiro Pena,MG,-9.469026131566324
2602605,420,0.5232126121532763,0.49047619047619045,61.79,80.0,Brejo da Madre de Deus,PE,-9.468738784672368
2507507,5447,0.4803407725162582,0.5581053791077657,57.49,80.0,João Pessoa,PB,-9.455922748374185
2600500,455,0.5542656095936171,0.5714285714285714,64.88,80.0,Águas Belas,PE,-9.45343904063828
2603454,1192,0.5616295224990386,0.5805369127516778,65.61,80.0,Camaragibe,PE,-9.447047750096132
1500859,318,0.49481336872210724,0.4811320754716981,58.92,80.0,Anapu,PA,-9.438663127789276
2607307,363,0.6506853055036557,0.7052341597796143,74.47,80.0,Ipubi,PE,-9.401469449634433
2702603,223,0.3960207995325168,0.4484304932735426,49.0,80.0,Feira Grande,AL,-9.397920046748318
2913101,100,0.3201573374238872,0.28,41.4,80.0,Ibititá,BA,-9.38426625761128
1505437,425,0.4949553314230205,0.5341176470588235,58.86,80.0,Ourilândia do Norte,PA,-9.364466857697948
2915205,190,0.4097673095606307,0.4421052631578947,50.34,80.0,Itagibá,BA,-9.363269043936938
1600204,178,0.39527635744118084,0.39325842696629215,48.89,80.0,Calçoene,AP,-9.362364255881914
2106326,315,0.5578188350083442,0.4158730158730159,65.14,80.0,Maracaçumé,MA,-9.358116499165583
2704104,130,0.4733366392240761,0.45384615384615384,56.69,80.0,Lagoa da Canoa,AL,-9.356336077592388
1506807,4040,0.5375626930960713,0.5126237623762376,63.11,80.0,Santarém,PA,-9.353730690392872
1301159,112,0.4184171738101027,0.33035714285714285,51.19,80.0,Careiro da Várzea,AM,-9.348282618989728
5104807,348,0.551822555778497,0.5545977011494253,64.51,80.0,Jaciara,MT,-9.327744422150303
1504752,178,0.5399076047656204,0.43820224719101125,63.3,80.0,Mojuí dos Campos,PA,-9.30923952343796
2800605,279,0.28391308319063757,0.27956989247311825,37.7,80.0,Barra dos Coqueiros,SE,-9.308691680936246
2607000,266,0.5345825718166103,0.8007518796992481,62.73,80.0,Inajá,PE,-9.271742818338971
5008008,277,0.5751044770521638,0.48736462093862815,66.78,80.0,Terenos,MS,-9.269552294783615
5108402,3780,0.49092946205204213,0.6044973544973545,58.35,80.0,Várzea Grande,MT,-9.257053794795787
4102406,302,0.6754808500873316,0.7284768211920529,76.79,80.0,Bandeirantes,PR,-9.241914991266839
1508100,1132,0.4137090815294747,0.45229681978798586,50.61,80.0,Tucuruí,PA,-9.239091847052528
3147204,184,0.5889691750137812,0.6902173913043478,68.12,80.0,Paraguaçu,MG,-9.223082498621885
2916104,210,0.4213269979222206,0.2857142857142857,51.35,80.0,Itaparica,BA,-9.217300207777939
2707602,166,0.5563965349313866,0.6144578313253012,64.83,80.0,Quebrangulo,AL,-9.190346506861331
2932457,122,0.2770030016710445,0.22950819672131148,36.89,80.0,Umburanas,BA,-9.189699832895549
1500305,615,0.36308789309998857,0.3902439024390244,45.47,80.0,Afuá,PA,-9.161210690001141
2204402,136,0.36713131846072955,0.3897058823529412,45.87,80.0,Gilbués,PI,-9.156868153927043
5105101,390,0.5289523442022859,0.5974358974358974,62.05,80.0,Juara,MT,-9.154765579771407
2609907,510,0.40622228832300034,0.3137254901960784,49.75,80.0,Ouricuri,PE,-9.127771167699969
4318705,1839,0.5540217871634243,0.3833605220228385,64.51,80.0,São Leopoldo,RS,-9.107821283657572
1508209,447,0.35505408579327913,0.3825503355704698,44.6,80.0,Vigia,PA,-9.094591420672089
3542107,112,0.709158461189179,0.7142857142857143,80.0,80.0,Rafard,SP,-9.084153881082102
5102504,1038,0.4898754092140498,0.5163776493256262,58.07,80.0,Cáceres,MT,-9.082459078595015
2930774,302,0.3264341217951562,0.3443708609271523,41.71,80.0,Sobradinho,BA,-9.06658782048438
3156908,323,0.6009569820336954,0.7987616099071208,69.15,80.0,Sacramento,MG,-9.054301796630462
2102036,405,0.5984003999901246,0.6320987654320988,68.89,80.0,Bom Jesus das Selvas,MA,-9.04996000098754
3169356,283,0.6299986538130711,0.833922261484099,72.02,80.0,Três Marias,MG,-9.020134618692886
1300029,234,0.435852416786517,0.594017094017094,52.59,80.0,Alvarães,AM,-9.004758321348305
5106422,467,0.4067526993436291,0.42184154175588867,49.67,80.0,Peixoto de Azevedo,MT,-8.994730065637093
2614105,302,0.5693952552795696,0.5695364238410596,65.93,80.0,Sertânia,PE,-8.990474472043047
5107107,182,0.7101940747661936,0.6868131868131868,80.0,80.0,São José dos Quatro Marcos,MT,-8.98059252338065
2919553,1313,0.3531565602033312,0.3571972581873572,44.29,80.0,Luís Eduardo Magalhães,BA,-8.974343979666877
5002159,137,0.47045873480115363,0.45985401459854014,56.02,80.0,Bodoquena,MS,-8.974126519884642
1505635,153,0.5639633675898699,0.5686274509803921,65.37,80.0,Piçarra,PA,-8.973663241013014
2100154,119,0.623807453170347,0.6554621848739496,71.33,80.0,Água Doce do Maranhão,MA,-8.949254682965297
1506005,452,0.5579631586704559,0.4446902654867257,64.73,80.0,Prainha,PA,-8.933684132954419
2604205,267,0.47079256621889465,0.2209737827715356,56.0,80.0,Catende,PE,-8.920743378110537
5104203,117,0.7108231489991219,0.8461538461538461,80.0,80.0,Guiratinga,MT,-8.917685100087809
3546801,506,0.6571247909905943,0.6758893280632411,74.63,80.0,Santa Isabel,SP,-8.917520900940573
3302700,1946,0.5535587416747625,0.5976361767728674,64.27,80.0,Maricá,RJ,-8.914125832523744
5103403,5876,0.535380304018679,0.46919673247106874,62.45,80.0,Cuiabá,MT,-8.911969598132103
1301852,885,0.4755604313447199,0.3728813559322034,56.45,80.0,Iranduba,AM,-8.893956865528011
1502004,207,0.5233941736150055,0.357487922705314,61.22,80.0,Cachoeira do Arari,PA,-8.880582638499448
5003207,1250,0.4491165463155087,0.3848,53.78,80.0,Corumbá,MS,-8.868345368449134
2704401,190,0.4384327831958885,0.37894736842105264,52.71,80.0,Major Isidoro,AL,-8.866721680411146
3110707,110,0.6380829088374393,0.8181818181818182,72.66,80.0,Cambuquira,MG,-8.85170911625606
1506187,376,0.5776109629500328,0.699468085106383,66.61,80.0,Rondon do Pará,PA,-8.848903704996722
2917706,233,0.3642098205320453,0.40772532188841204,45.26,80.0,Jaguarari,BA,-8.839017946795465
2705804,139,0.39416035082255485,0.3597122302158273,48.24,80.0,Olho d'Água do Casado,AL,-8.823964917744519
2918506,122,0.2988996190591753,0.4344262295081967,38.71,80.0,Jussara,BA,-8.820038094082474
1501709,1230,0.45843806324615555,0.375609756097561,54.65,80.0,Bragança,PA,-8.806193675384442
3303500,6380,0.38634544869403586,0.3360501567398119,47.44,80.0,Nova Iguaçu,RJ,-8.805455130596414
2919603,146,0.25278593479855826,0.3013698630136986,34.07,80.0,Macajuba,BA,-8.791406520144175
2926004,329,0.31710870650985234,0.3525835866261398,40.5,80.0,Remanso,BA,-8.789129349014765
2901403,109,0.42418698970741453,0.28440366972477066,51.2,80.0,Angical,BA,-8.78130102925855
1702208,312,0.4019274874235095,0.5064102564102564,48.97,80.0,Araguatins,TO,-8.777251257649048
3301405,179,0.508143195041714,0.5586592178770949,59.59,80.0,Conceição de Macabu,RJ,-8.775680495828603
2105351,162,0.7123634629380284,0.7283950617283951,80.0,80.0,Itaipava do Grajaú,MA,-8.76365370619716
3170800,302,0.5886934419813463,0.7086092715231788,67.63,80.0,Várzea da Palma,MG,-8.760655801865362
2109908,865,0.4903909660994258,0.5167630057803468,57.79,80.0,Santa Inês,MA,-8.750903390057424
3125952,128,0.6180459566533276,0.75,70.55,80.0,Fervedouro,MG,-8.745404334667235
2110104,189,0.7126417729616568,0.798941798941799,80.0,80.0,Santa Quitéria do Maranhão,MA,-8.73582270383433
5007554,137,0.4985583733746717,0.5109489051094891,58.59,80.0,Santa Rita do Pardo,MS,-8.734162662532839
2611804,221,0.5881609929967648,0.6606334841628959,67.54,80.0,Ribeirão,PE,-8.723900700323526
2907806,156,0.3686276905014265,0.36538461538461536,45.57,80.0,Cícero Dantas,BA,-8.707230949857347
2804805,1790,0.26722053318703676,0.29720670391061454,35.42,80.0,Nossa Senhora do Socorro,SE,-8.697946681296326
2932309,105,0.3728293743072455,0.41904761904761906,45.98,80.0,Ubatã,BA,-8.697062569275445
4202404,2788,0.6039490974255269,0.6477761836441894,69.08,80.0,Blumenau,SC,-8.685090257447307
3302452,105,0.6022825930185036,0.780952380952381,68.9,80.0,Macuco,RJ,-8.671740698149641
2503001,241,0.42323722335868774,0.3029045643153527,50.99,80.0,Caaporã,PB,-8.66627766413123
2602803,508,0.5284490041204355,0.5551181102362205,61.51,80.0,Buíque,PE,-8.665099587956448
4211058,118,0.6033449085460468,0.5338983050847458,68.99,80.0,Monte Carlo,SC,-8.655509145395314
1500206,517,0.43277726183053944,0.4197292069632495,51.93,80.0,Acará,PA,-8.652273816946057
3118601,4601,0.5365991167098652,0.7061508367746142,62.31,80.0,Contagem,MG,-8.650088329013485
2919207,1280,0.35865240676576904,0.2875,44.48,80.0,Lauro de Freitas,BA,-8.614759323423094
3300456,3174,0.4003342783520265,0.391304347826087,48.64,80.0,Belford Roxo,RJ,-8.606572164797349
1506708,561,0.5425475524219203,0.5882352941176471,62.85,80.0,Santana do Araguaia,PA,-8.595244757807968
4217709,332,0.6117765949957086,0.5210843373493976,69.76,80.0,Sombrio,SC,-8.582340500429147
2204501,128,0.5043795325264457,0.6796875,59.02,80.0,Guadalupe,PI,-8.582046747355427
4207809,123,0.6717254933934905,0.6585365853658537,75.75,80.0,Irani,SC,-8.577450660650953
1505650,196,0.518359060189721,0.5714285714285714,60.41,80.0,Placas,PA,-8.5740939810279
2512705,142,0.5714563638664285,0.49295774647887325,65.68,80.0,Remígio,PB,-8.534363613357158
1720903,173,0.4287664123298115,0.42196531791907516,51.39,80.0,Taguatinga,TO,-8.51335876701885
2609006,214,0.663788205336781,0.822429906542056,74.88,80.0,Macaparana,PE,-8.5011794663219
5105507,200,0.49036539636927035,0.475,57.53,80.0,Vila Bela da Santíssima Trindade,MT,-8.49346036307297
2208809,161,0.44830540518018536,0.3167701863354037,53.32,80.0,Regeneração,PI,-8.489459481981463
1600105,112,0.37304619699478125,0.19642857142857142,45.79,80.0,Amapá,AP,-8.485380300521875
2201606,111,0.6981840954226854,0.6846846846846847,78.29,80.0,Beneditinos,PI,-8.471590457731466
1508035,193,0.5025504071563751,0.3626943005181347,58.72,80.0,Tracuateua,PA,-8.464959284362486
2201200,557,0.5518988279759084,0.599640933572711,63.62,80.0,Barras,PI,-8.430117202409157
5000708,405,0.34121227434091606,0.4148148148148148,42.53,80.0,Anastácio,MS,-8.408772565908393
3304151,262,0.6223790096614502,0.7061068702290076,70.62,80.0,Quissamã,RJ,-8.382099033854985
2925253,173,0.30308245246361754,0.3699421965317919,38.69,80.0,Ponto Novo,BA,-8.381754753638244
4202057,140,0.5831900795244903,0.5,66.68,80.0,Balneário Barra do Sul,SC,-8.360992047550972
3120904,726,0.6166921323595045,0.7327823691460055,70.03,80.0,Curvelo,MG,-8.36078676404955
2905305,135,0.2884090681467544,0.3037037037037037,37.2,80.0,Cafarnaum,BA,-8.359093185324564
2614204,353,0.5835093758294818,0.7450424929178471,66.7,80.0,Sirinhaém,PE,-8.349062417051819
2907707,105,0.4017645879933709,0.3619047619047619,48.5,80.0,Chorrochó,BA,-8.323541200662909
2108058,179,0.6140139363724317,0.6871508379888268,69.72,80.0,Paulino Neves,MA,-8.318606362756825
2204659,148,0.44276029342676226,0.33783783783783783,52.58,80.0,Ilha Grande,PI,-8.303970657323774
3305109,2543,0.4258025649324483,0.36059771922925676,50.86,80.0,São João de Meriti,RJ,-8.279743506755175
1303007,136,0.613377650503089,0.5955882352941176,69.59,80.0,Nhamundá,AM,-8.2522349496911
3300233,634,0.6303602644698376,0.6861198738170347,71.27,80.0,Armação dos Búzios,RJ,-8.233973553016234
3154606,3421,0.5494489525459438,0.6062554808535516,63.16,80.0,Ribeirão das Neves,MG,-8.215104745405611
1506203,525,0.46831296190200844,0.5085714285714286,55.04,80.0,Salinópolis,PA,-8.208703809799154
2506004,253,0.5928407740846943,0.6442687747035574,67.49,80.0,Esperança,PB,-8.205922591530566
4203600,395,0.6113777539687828,0.6430379746835443,69.34,80.0,Campos Novos,SC,-8.20222460312172
3521309,143,0.6975006619283315,0.6433566433566433,77.95,80.0,Ipuã,SP,-8.199933807166857
5107602,2966,0.5348532520196005,0.6065407956844234,61.65,80.0,Rondonópolis,MT,-8.164674798039947
2101301,177,0.6342127563172275,0.576271186440678,71.58,80.0,Bacuri,MA,-8.158724368277248
5107925,1711,0.7119802353303536,0.8158971361776739,79.35,80.0,Sorriso,MT,-8.15197646696464
3507100,292,0.6490258986389781,0.5376712328767124,73.04,80.0,Bom Jesus dos Perdões,SP,-8.137410136102204
1503200,303,0.389622191190403,0.46534653465346537,47.07,80.0,Igarapé-Açu,PA,-8.107780880959702
2109270,219,0.6025015757283604,0.4063926940639269,68.35,80.0,Presidente Sarney,MA,-8.099842427163956
1304401,257,0.4470394526441206,0.44357976653696496,52.79,80.0,Urucurituba,AM,-8.086054735587943
2709202,160,0.38058398315194564,0.475,46.14,80.0,Traipu,AL,-8.081601684805435
1101401,172,0.6653598916482469,0.7093023255813954,74.6,80.0,Monte Negro,RO,-8.064010835175296
2703106,242,0.3650931014071205,0.23553719008264462,44.57,80.0,Igaci,AL,-8.060689859287955
2915809,252,0.2971661635126499,0.2698412698412698,37.77,80.0,Itambé,BA,-8.053383648735014
3151701,140,0.719595320407165,0.7071428571428572,80.0,80.0,Poço Fundo,MG,-8.040467959283504
3148004,1280,0.6453258668231271,0.803125,72.56,80.0,Patos de Minas,MG,-8.02741331768729
1711902,177,0.33310019516808353,0.3559322033898305,41.33,80.0,Lagoa da Confusão,TO,-8.019980483191645
3134202,894,0.6046789436262525,0.6387024608501118,68.48,80.0,Ituiutaba,MG,-8.012105637374752
4205803,230,0.5497491153880882,0.6739130434782609,62.97,80.0,Garuva,SC,-7.995088461191173
1700707,110,0.5031592094391315,0.7181818181818181,58.3,80.0,Alvorada,TO,-7.984079056086848
1503804,464,0.4503370708972074,0.3771551724137931,53.01,80.0,Jacundá,PA,-7.9762929102792555
5201405,5454,0.5899031963401857,0.6928859552621929,66.95,80.0,Aparecida de Goiânia,GO,-7.959680365981427
2613701,951,0.4769719981686281,0.5099894847528917,55.62,80.0,São Lourenço da Mata,PE,-7.922800183137184
3165537,475,0.7210126200116596,0.8252631578947368,80.0,80.0,Sarzedo,MG,-7.898737998834051
2405801,277,0.3020839667354679,0.36462093862815886,38.1,80.0,João Câmara,RN,-7.891603326453211
4215505,230,0.6284392046728426,0.5739130434782609,70.72,80.0,Santa Cecília,SC,-7.876079532715735
2613206,177,0.5917029426848686,0.5423728813559322,67.04,80.0,São João,PE,-7.86970573151315
2601102,937,0.5656894111196562,0.5229455709711847,64.43,80.0,Araripina,PE,-7.8610588880343855
2700102,150,0.49949365337344176,0.4866666666666667,57.79,80.0,Água Branca,AL,-7.840634662655823
2805307,100,0.3330332412488898,0.39,41.14,80.0,Pirambu,SE,-7.83667587511102
2604106,3085,0.552942721628987,0.5831442463533225,63.13,80.0,Caruaru,PE,-7.835727837101295
2510105,109,0.6272352856353302,0.6697247706422018,70.55,80.0,Nova Floresta,PB,-7.826471436466981
4209904,179,0.5856670323820025,0.6033519553072626,66.39,80.0,Lontras,SC,-7.823296761799753
2606804,1170,0.6041119203182361,0.67008547008547,68.23,80.0,Igarassu,PE,-7.818807968176394
3117504,206,0.5784149983689525,0.8058252427184466,65.66,80.0,Conceição do Mato Dentro,MG,-7.818500163104744
2923704,233,0.2889695412147114,0.2446351931330472,36.71,80.0,Paratinga,BA,-7.813045878528861
5004007,100,0.7141890836917507,0.74,79.23,80.0,Glória de Dourados,MS,-7.811091630824933
2920205,190,0.3281523337790311,0.3368421052631579,40.62,80.0,Malhada,BA,-7.804766622096892
1501204,261,0.3486485149529943,0.39080459770114945,42.66,80.0,Baião,PA,-7.795148504700563
4213609,249,0.6567633497249346,0.6746987951807228,73.47,80.0,Porto União,SC,-7.793665027506549
2608701,103,0.6599670336200413,0.8640776699029126,73.76,80.0,Lagoa dos Gatos,PE,-7.763296637995879
5005004,360,0.41311282150430084,0.5416666666666666,49.07,80.0,Jardim,MS,-7.758717849569919
2100956,133,0.6962520402856572,0.7443609022556391,77.37,80.0,Arame,MA,-7.744795971434286
3131208,179,0.7144333521958085,0.770949720670391,79.18,80.0,Ipanema,MG,-7.7366647804191615
3114204,205,0.6353336336108597,0.7268292682926829,71.27,80.0,Carmo do Cajuru,MG,-7.736636638914028
5103502,291,0.5348702694227954,0.6082474226804123,61.22,80.0,Diamantino,MT,-7.732973057720464
2108256,189,0.6266870527978806,0.5767195767195767,70.35,80.0,Pedro do Rosário,MA,-7.68129472021193
2917805,143,0.3350674246471588,0.46853146853146854,41.18,80.0,Jaguaripe,BA,-7.673257535284122
2925709,107,0.37479231629121756,0.3177570093457944,45.13,80.0,Presidente Jânio Quadros,BA,-7.650768370878247
3157906,170,0.6681585133673409,0.6,74.46,80.0,Santa Margarida,MG,-7.644148663265909
3152808,334,0.5578884049926291,0.5,63.42,80.0,Prata,MG,-7.631159500737084
3300308,712,0.4884920518289294,0.48735955056179775,56.48,80.0,Barra do Piraí,RJ,-7.630794817107059
2205953,139,0.7237190628477139,0.8992805755395683,80.0,80.0,Marcolândia,PI,-7.6280937152286015
5008305,1634,0.6542359446469747,0.8298653610771114,73.04,80.0,Três Lagoas,MS,-7.6164055353025475
2103257,170,0.6316038930352712,0.8647058823529412,70.76,80.0,Cidelândia,MA,-7.599610696472887
1720200,165,0.3459363198479978,0.3696969696969697,42.19,80.0,São Miguel do Tocantins,TO,-7.59636801520022
4323002,2430,0.581440062819905,0.37736625514403294,65.74,80.0,Viamão,RS,-7.595993718009495
2922300,174,0.3127584729581293,0.5172413793103449,38.86,80.0,Muritiba,BA,-7.584152704187069
2108603,539,0.5428136992941498,0.47680890538033394,61.85,80.0,Pinheiro,MA,-7.568630070585023
2616308,223,0.5724576178935975,0.6816143497757847,64.81,80.0,Vicência,PE,-7.564238210640255
2805406,345,0.24716769467501987,0.26666666666666666,32.28,80.0,Poço Redondo,SE,-7.5632305324980145
5005806,183,0.5488678787086648,0.6174863387978142,62.45,80.0,Nioaque,MS,-7.563212129133518
1502905,315,0.3792902814141963,0.3396825396825397,45.47,80.0,Curuçá,PA,-7.54097185858037
2611705,154,0.6160146507135443,0.6818181818181818,69.13,80.0,Riacho das Almas,PE,-7.528534928645563
2927309,201,0.5073627916075484,0.4577114427860697,58.26,80.0,Salinas da Margarida,BA,-7.523720839245158
3538204,138,0.7114391313273014,0.7898550724637681,78.66,80.0,Pinhalzinho,SP,-7.516086867269848
1713205,135,0.46283464653038353,0.4444444444444444,53.79,80.0,Miracema do Tocantins,TO,-7.506535346961648
5006002,381,0.43065175011000234,0.5695538057742782,50.57,80.0,Nova Alvorada do Sul,MS,-7.504824988999765
3162559,152,0.7019834830122205,0.7171052631578947,77.7,80.0,São João do Manhuaçu,MG,-7.5016516987779625
2201101,122,0.4587956588723664,0.45081967213114754,53.38,80.0,Avelino Lopes,PI,-7.500434112763365
5002407,393,0.5428253706883379,0.6564885496183206,61.77,80.0,Caarapó,MS,-7.487462931166213
1702109,1972,0.4171064187402296,0.5081135902636917,49.19,80.0,Araguaína,TO,-7.479358125977043
1709302,209,0.4220663718089043,0.4784688995215311,49.68,80.0,Guaraí,TO,-7.473362819109575
2925204,291,0.5941284251755257,0.5154639175257731,66.86,80.0,Pojuca,BA,-7.44715748244743
3304102,123,0.41706906112781894,0.5284552845528455,49.15,80.0,Porciúncula,RJ,-7.4430938872181045
2920908,101,0.30437833471610054,0.26732673267326734,37.88,80.0,Mascote,BA,-7.442166528389947
2111508,453,0.6208101061495588,0.6578366445916115,69.52,80.0,São Mateus do Maranhão,MA,-7.438989385044117
3100906,189,0.6380473761948001,0.6243386243386243,71.23,80.0,Águas Formosas,MG,-7.425262380519989
5003157,341,0.7186134468393031,0.6187683284457478,79.28,80.0,Coronel Sapucaia,MS,-7.418655316069689
2904902,242,0.328677291694461,0.3305785123966942,40.27,80.0,Cachoeira,BA,-7.402270830553903
4218806,129,0.5861389859967495,0.7286821705426356,66.0,80.0,Turvo,SC,-7.386101400325046
5007901,726,0.4238900479375549,0.38980716253443526,49.77,80.0,Sidrolândia,MS,-7.380995206244513
2409407,210,0.44433626883044985,0.4095238095238095,51.81,80.0,Pau dos Ferros,RN,-7.3763731169550155
2804508,437,0.37033699844103973,0.37528604118993136,44.41,80.0,Nossa Senhora da Glória,SE,-7.3763001558960255
1304005,181,0.38864292223570096,0.43646408839779005,46.24,80.0,Silves,AM,-7.3757077764299055
4302105,1035,0.7077661273911137,0.48985507246376814,78.15,80.0,Bento Gonçalves,RS,-7.373387260888634
1507458,315,0.49972864903768266,0.526984126984127,57.34,80.0,São Geraldo do Araguaia,PA,-7.367135096231735
2702405,560,0.3835814171812352,0.2839285714285714,45.72,80.0,Delmiro Gouveia,AL,-7.361858281876479
2912400,160,0.3726465943222351,0.36875,44.62,80.0,Ibipeba,BA,-7.355340567776487
2700508,235,0.3791557537128316,0.3276595744680851,45.27,80.0,Barra de Santo Antônio,AL,-7.354424628716842
2600807,111,0.5810049753754511,0.6846846846846847,65.45,80.0,Altinho,PE,-7.349502462454886
3305406,198,0.6285511773729688,0.6717171717171717,70.2,80.0,Sapucaia,RJ,-7.344882262703116
3131703,989,0.572913753387843,0.6976744186046512,64.62,80.0,Itabira,MG,-7.328624661215706
3202454,342,0.7267510325393507,0.8216374269005848,80.0,80.0,Ibatiba,ES,-7.324896746064937
2613107,338,0.4905088907399432,0.5325443786982249,56.36,80.0,São Caitano,PE,-7.30911092600568
2111706,108,0.5987710587693698,0.7777777777777778,67.18,80.0,São Vicente Ferrer,MA,-7.302894123063034
2103752,153,0.636683312360609,0.6993464052287581,70.97,80.0,Davinópolis,MA,-7.301668763939091
3145307,289,0.6961865956126371,0.7785467128027682,76.92,80.0,Novo Cruzeiro,MG,-7.30134043873629
3534757,121,0.7270067020653745,0.8925619834710744,80.0,80.0,Ouroeste,SP,-7.299329793462547
1501451,197,0.5961613895350322,0.5786802030456852,66.91,80.0,Belterra,PA,-7.2938610464967795
3127107,525,0.5516501716306546,0.7390476190476191,62.44,80.0,Frutal,MG,-7.274982836934541
2404200,373,0.3083532535692205,0.353887399463807,38.09,80.0,Goianinha,RN,-7.254674643077955
3302007,1455,0.46925279501616046,0.41993127147766324,54.17,80.0,Itaguaí,RJ,-7.2447204983839555
3142908,138,0.7275763988180663,0.6739130434782609,80.0,80.0,Monte Azul,MG,-7.242360118193361
5200605,128,0.7275826144368018,0.6015625,80.0,80.0,Alto Paraíso de Goiás,GO,-7.241738556319817
2600054,722,0.5076066517250324,0.46121883656509693,58.0,80.0,Abreu e Lima,PE,-7.239334827496762
3155702,135,0.7067181006556049,0.8,77.9,80.0,Rio Piracicaba,MG,-7.228189934439513
1303502,207,0.4467277392797684,0.4927536231884058,51.88,80.0,Pauini,AM,-7.207226072023161
3104304,154,0.6642303387283782,0.8831168831168831,73.63,80.0,Areado,MG,-7.206966127162175
1703842,148,0.24226860591916177,0.38513513513513514,31.43,80.0,Campos Lindos,TO,-7.203139408083821
1504703,769,0.39336930364759914,0.3420026007802341,46.54,80.0,Moju,PA,-7.203069635240084
5103254,399,0.4672184471440086,0.6892230576441103,53.92,80.0,Colniza,MT,-7.198155285599142
2100303,212,0.6453501441105247,0.45754716981132076,71.73,80.0,Aldeias Altas,MA,-7.194985588947532
2919157,301,0.3328640089250591,0.25249169435215946,40.48,80.0,Lapão,BA,-7.193599107494087
2604502,245,0.5622375833512239,0.5836734693877551,63.39,80.0,Chã Grande,PE,-7.166241664877617
2606101,197,0.6636680328186052,0.6649746192893401,73.52,80.0,Glória do Goitá,PE,-7.153196718139469
2500700,113,0.4707464498272247,0.7345132743362832,54.19,80.0,São João do Rio do Peixe,PB,-7.11535501727753
2105906,109,0.6078808107258795,0.7614678899082569,67.9,80.0,Lago Verde,MA,-7.111918927412056
5103007,246,0.5108283885808356,0.6869918699186992,58.18,80.0,Chapada dos Guimarães,MT,-7.097161141916445
3512407,324,0.6902954642475778,0.6975308641975309,76.12,80.0,Cordeirópolis,SP,-7.090453575242222
5003801,252,0.5996577720153866,0.5952380952380952,67.03,80.0,Fátima do Sul,MS,-7.064222798461337
5102603,131,0.446960635403003,0.4351145038167939,51.76,80.0,Campinápolis,MT,-7.063936459699697
1714880,164,0.3376438899674521,0.42073170731707316,40.82,80.0,Nova Olinda,TO,-7.055611003254789
4208104,247,0.6309458485678159,0.6153846153846154,70.15,80.0,Itaiópolis,SC,-7.0554151432184185
3204302,182,0.6499362802345577,0.6978021978021978,72.03,80.0,Presidente Kennedy,ES,-7.036371976544231
3106002,112,0.6200978059439057,0.7321428571428571,69.02,80.0,Bela Vista de Minas,MG,-7.010219405609419
2404507,138,0.43042290650360004,0.4420289855072464,50.03,80.0,Guamaré,RN,-6.987709349639999
1504422,1472,0.5774771121639402,0.499320652173913,64.73,80.0,Marituba,PA,-6.982288783605988
1504802,732,0.5547934023288643,0.4685792349726776,62.46,80.0,Monte Alegre,PA,-6.980659767113572
2929057,164,0.5611445779766109,0.36585365853658536,63.09,80.0,São Félix do Coribe,BA,-6.975542202338914
2103208,685,0.5080433383711354,0.41751824817518246,57.77,80.0,Chapadinha,MA,-6.965666162886471
2609600,2717,0.5925461746099069,0.624585940375414,66.22,80.0,Olinda,PE,-6.965382539009312
2109601,388,0.5732292235266911,0.5721649484536082,64.27,80.0,Rosário,MA,-6.947077647330879
1500800,4114,0.5891872592378024,0.5354885755955274,65.86,80.0,Ananindeua,PA,-6.941274076219763
5100250,657,0.5524099693478132,0.7168949771689498,62.17,80.0,Alta Floresta,MT,-6.929003065218687
3153400,152,0.7122251999346264,0.7763157894736842,78.15,80.0,Presidente Olegário,MG,-6.927480006537365
5220454,1917,0.5183822242611045,0.6045905059989567,58.75,80.0,Senador Canedo,GO,-6.911777573889552
2102606,231,0.6067674893550496,0.4935064935064935,67.57,80.0,Cândido Mendes,MA,-6.893251064495026
1500701,339,0.35148019573480016,0.3421828908554572,42.04,80.0,Anajás,PA,-6.891980426519986
2803005,476,0.5898742956624916,0.5777310924369747,65.87,80.0,Itabaianinha,SE,-6.882570433750843
4200200,154,0.7312638952374817,0.7662337662337663,80.0,80.0,Agrolândia,SC,-6.873610476251827
1504208,2997,0.5391525690566618,0.5128461795128462,60.77,80.0,Marabá,PA,-6.854743094333827
5105606,295,0.6335747933731471,0.5254237288135594,70.21,80.0,Matupá,MT,-6.852520662685279
1508308,682,0.41431433963527,0.3841642228739003,48.28,80.0,Viseu,PA,-6.848566036473002
4216701,159,0.7061224334508103,0.8238993710691824,77.46,80.0,São José do Cedro,SC,-6.8477566549189675
5007950,187,0.5403403380629038,0.5668449197860963,60.88,80.0,Tacuru,MS,-6.8459661937096215
4304663,241,0.5201674305864841,0.3112033195020747,58.86,80.0,Capão do Leão,RS,-6.843256941351591
2700409,433,0.3990879822779805,0.44341801385681295,46.74,80.0,Atalaia,AL,-6.831201772201958
3134004,108,0.5449507954163387,0.5833333333333334,61.32,80.0,Itinga,MG,-6.82492045836613
5108956,134,0.7118589307933296,0.9328358208955224,78.0,80.0,Nova Monte Verde,MT,-6.814106920667044
4317301,254,0.5702857208434869,0.46062992125984253,63.84,80.0,Santa Vitória do Palmar,RS,-6.811427915651308
2602001,289,0.4963880648486799,0.47750865051903113,56.45,80.0,Bodocó,PE,-6.811193515132011
3300100,1777,0.577207653767952,0.6088913899831176,64.51,80.0,Angra dos Reis,RJ,-6.7892346232048055
2705101,256,0.42250929280334915,0.48828125,49.04,80.0,Matriz de Camaragibe,AL,-6.789070719665084
1304302,180,0.5775322550033486,0.75,64.52,80.0,Urucará,AM,-6.766774499665139
2901908,230,0.26473965221865303,0.16521739130434782,33.23,80.0,Aporá,BA,-6.756034778134694
1100205,5422,0.6310128394550902,0.5208410180745112,69.85,80.0,Porto Velho,RO,-6.74871605449097
1503457,328,0.4569630712222509,0.4420731707317073,52.44,80.0,Ipixuna do Pará,PA,-6.743692877774912
3157807,2300,0.540696076009416,0.7091304347826087,60.8,80.0,Santa Luzia,MG,-6.730392399058395
4204707,123,0.7327639422000655,0.7479674796747967,80.0,80.0,Cunha Porã,SC,-6.7236057799934486
5003702,3216,0.46266123074475607,0.5388681592039801,52.98,80.0,Dourados,MS,-6.713876925524389
2922102,126,0.35149936781922175,0.3333333333333333,41.86,80.0,Mundo Novo,BA,-6.710063218077821
2104099,198,0.7329194777935479,0.8434343434343434,80.0,80.0,Formosa da Serra Negra,MA,-6.7080522206452
2705002,120,0.4603389764805865,0.425,52.74,80.0,Mata Grande,AL,-6.706102351941347
3151503,309,0.5798914736397851,0.7378640776699029,64.69,80.0,Piumhi,MG,-6.700852636021487
2706901,528,0.441572794502455,0.4602272727272727,50.85,80.0,Pilar,AL,-6.6927205497544975
3130101,532,0.5436162540415728,0.7387218045112782,61.05,80.0,Igarapé,MG,-6.688374595842717
3510005,268,0.6828490237086429,0.6791044776119403,74.97,80.0,Cândido Mota,SP,-6.685097629135711
3162906,205,0.6550465507985618,0.697560975609756,72.16,80.0,São João Nepomuceno,MG,-6.655344920143818
2604601,203,0.500347742733734,0.43349753694581283,56.69,80.0,Condado,PE,-6.655225726626604
2600609,171,0.4810351422896396,0.5380116959064327,54.75,80.0,Alagoinha,PE,-6.6464857710360405
2107001,114,0.6736631942512472,0.5526315789473685,74.01,80.0,Montes Altos,MA,-6.64368057487529
3304300,528,0.5710463229946683,0.571969696969697,63.74,80.0,Rio Bonito,RJ,-6.635367700533173
2105708,410,0.7336818079092724,0.7975609756097561,80.0,80.0,Lago da Pedra,MA,-6.631819209072759
2105401,772,0.5543896527837847,0.6049222797927462,62.06,80.0,Itapecuru Mirim,MA,-6.621034721621534
3511300,143,0.6847473334680513,0.5454545454545454,75.09,80.0,Cedral,SP,-6.61526665319488
2806701,805,0.5713593445789653,0.6111801242236025,63.75,80.0,São Cristóvão,SE,-6.614065542103468
5007109,419,0.41727913826065366,0.42720763723150357,48.34,80.0,Ribas do Rio Pardo,MS,-6.612086173934635
3126208,103,0.6061860236684764,0.8058252427184466,67.22,80.0,Formoso,MG,-6.601397633152359
5106752,705,0.6520968427208306,0.6695035460992907,71.81,80.0,Pontes e Lacerda,MT,-6.60031572791695
2110203,376,0.5959380544638702,0.5664893617021277,66.19,80.0,Santa Rita,MA,-6.596194553612982
3151800,1117,0.5867217930718314,0.7851387645478961,65.24,80.0,Poços de Caldas,MG,-6.567820692816859
1708205,176,0.6238023569248028,0.45454545454545453,68.94,80.0,Formoso do Araguaia,TO,-6.559764307519721
3134608,197,0.6614743972406292,0.7563451776649747,72.7,80.0,Jaboticatubas,MG,-6.552560275937083
4203907,283,0.6811345922342312,0.6996466431095406,74.66,80.0,Capinzal,SC,-6.546540776576876
2206720,128,0.7183983473863156,0.5234375,78.34,80.0,Nazária,PI,-6.500165261368451
3531506,125,0.6858990701511635,0.552,75.09,80.0,Monte Azul Paulista,SP,-6.500092984883651
2101970,110,0.5999550147106851,0.8,66.49,80.0,Boa Vista do Gurupi,MA,-6.49449852893148
5200100,182,0.7276704299280199,0.7967032967032966,79.26,80.0,Abadiânia,GO,-6.492957007198015
5203500,271,0.7052897536046179,0.8154981549815498,77.02,80.0,Bom Jesus de Goiás,GO,-6.49102463953821
2610608,522,0.6199198219763593,0.6532567049808429,68.48,80.0,Paudalho,PE,-6.4880178023640696
2601300,104,0.7351313304686666,0.8653846153846154,80.0,80.0,Barra de Guabiraba,PE,-6.48686695313333
3148608,110,0.6310304430773466,0.7454545454545455,69.58,80.0,Peçanha,MG,-6.476955692265342
2931053,178,0.6230538785255044,0.6179775280898876,68.78,80.0,Tanque Novo,BA,-6.474612147449562
4217808,176,0.6564154013732051,0.7159090909090909,72.11,80.0,Taió,SC,-6.468459862679495
1100189,472,0.6648273050221789,0.8177966101694916,72.95,80.0,Pimenta Bueno,RO,-6.467269497782112
2615607,387,0.5982466094559178,0.6925064599483204,66.29,80.0,Trindade,PE,-6.465339054408226
5100300,153,0.6925932429016981,0.7712418300653595,75.72,80.0,Alto Araguaia,MT,-6.460675709830184
2613305,233,0.6567215590533784,0.721030042918455,72.13,80.0,São Joaquim do Monte,PE,-6.457844094662164
2103000,1394,0.4893392918940166,0.554519368723099,55.39,80.0,Caxias,MA,-6.456070810598341
2509206,101,0.4931697414701176,0.40594059405940597,55.77,80.0,Massaranduba,PB,-6.45302585298824
1304062,1156,0.4734073397136074,0.40743944636678203,53.79,80.0,Tabatinga,AM,-6.449266028639265
1200013,180,0.5715969976737851,0.5888888888888889,63.6,80.0,Acrelândia,AC,-6.440300232621489
2609402,385,0.5566688074446553,0.44155844155844154,62.08,80.0,Moreno,PE,-6.413119255534468
3137601,534,0.612438254598698,0.7322097378277154,67.63,80.0,Lagoa Santa,MG,-6.386174540130192
4207007,663,0.6658616859308462,0.6953242835595776,72.97,80.0,Içara,SC,-6.383831406915377
5108006,224,0.5739796077020591,0.6875,63.78,80.0,Tapurah,MT,-6.382039229794088
2104008,189,0.5973540384942934,0.8148148148148148,66.08,80.0,Esperantinópolis,MA,-6.344596150570659
3305554,980,0.5100826274065444,0.5091836734693878,57.34,80.0,Seropédica,RJ,-6.331737259345559
2922904,242,0.3136834218257032,0.3140495867768595,37.7,80.0,Nova Soure,BA,-6.331657817429683
5208004,1174,0.6234907389208767,0.641396933560477,68.67,80.0,Formosa,GO,-6.320926107912335
3147006,951,0.6395096448653237,0.6919032597266036,70.27,80.0,Paracatu,MG,-6.319035513467625
4204202,2707,0.576805081064169,0.592168452161064,63.99,80.0,Chapecó,SC,-6.3094918935831075
2103604,553,0.47457771042672403,0.5587703435804702,53.76,80.0,Coroatá,MA,-6.302228957327593
2907202,430,0.21534275934367897,0.20930232558139536,27.82,80.0,Casa Nova,BA,-6.2857240656321025
3521903,147,0.737171631405747,0.8299319727891157,80.0,80.0,Itajobi,SP,-6.282836859425302
2611606,10035,0.6180196553287787,0.5399103139013453,68.08,80.0,Recife,PE,-6.278034467122133
2605400,219,0.7372258297278753,0.8356164383561644,80.0,80.0,Feira Nova,PE,-6.277417027212465
1507805,327,0.41169921331271153,0.37003058103975534,47.44,80.0,Senador José Porfírio,PA,-6.270078668728843
3508801,178,0.6103688641719875,0.601123595505618,67.29,80.0,Cafelândia,SP,-6.253113582801248
3304706,331,0.6446931805571471,0.7462235649546828,70.72,80.0,Santo Antônio de Pádua,RJ,-6.25068194428529
4315602,1519,0.5636613571984692,0.44173798551678733,62.61,80.0,Rio Grande,RS,-6.243864280153076
3147600,141,0.7377283073564649,0.8085106382978723,80.0,80.0,Passa Quatro,MG,-6.227169264353506
4305108,3664,0.6633770560680537,0.4375,72.56,80.0,Caxias do Sul,RS,-6.22229439319463
5007703,162,0.5644540959685513,0.5308641975308642,62.66,80.0,Sete Quedas,MS,-6.214590403144861
1508001,1105,0.5218609681600975,0.4968325791855204,58.39,80.0,Tomé-Açu,PA,-6.203903183990249
2608750,344,0.5679326185059563,0.6773255813953488,62.99,80.0,Lagoa Grande,PE,-6.196738149404368
2615409,548,0.5373114255986856,0.6423357664233577,59.92,80.0,Toritama,PE,-6.188857440131443
3517703,180,0.652049537098391,0.7777777777777778,71.39,80.0,Guará,SP,-6.185046290160898
4201208,170,0.6998114613331646,0.7352941176470589,76.15,80.0,Antônio Carlos,SC,-6.168853866683548
4300604,1974,0.5124258452698778,0.36119554204660587,57.39,80.0,Alvorada,RS,-6.147415473012224
3537107,411,0.7388535973815189,0.9416058394160584,80.0,80.0,Pedreira,SP,-6.114640261848109
3112802,105,0.7389111965649304,0.8476190476190476,80.0,80.0,Capitólio,MG,-6.108880343506954
4211207,264,0.6570460955255202,0.6931818181818182,71.81,80.0,Morro da Fumaça,SC,-6.105390447447988
3164704,668,0.6402463589111947,0.812874251497006,70.13,80.0,São Sebastião do Paraíso,MG,-6.105364108880522
4217501,239,0.7389553014865838,0.6317991631799164,80.0,80.0,Seara,SC,-6.104469851341619
3156700,1108,0.5850793371757634,0.7256317689530686,64.61,80.0,Sabará,MG,-6.102066282423657
2112456,241,0.580409843269486,0.5020746887966805,64.13,80.0,Turilândia,MA,-6.089015673051399
2911907,263,0.3238466151372352,0.28517110266159695,38.47,80.0,Iaçu,BA,-6.085338486276477
1503077,340,0.45054886868801713,0.32941176470588235,51.13,80.0,Garrafão do Norte,PA,-6.075113131198286
2105302,2612,0.5035065964441936,0.5463246554364471,56.42,80.0,Imperatriz,MA,-6.069340355580643
3300704,2212,0.5682703006857054,0.5524412296564195,62.89,80.0,Cabo Frio,RJ,-6.062969931429464
3503604,131,0.6863352918016439,0.7480916030534351,74.69,80.0,Areiópolis,SP,-6.05647081983561
2210508,192,0.5320410299211423,0.671875,59.26,80.0,São Pedro do Piauí,PI,-6.055897007885768
2103307,1166,0.5160443391936158,0.5188679245283019,57.65,80.0,Codó,MA,-6.045566080638416
2106003,131,0.7397198156345496,0.9083969465648855,80.0,80.0,Lima Campos,MA,-6.0280184365450395
2603504,169,0.5763279464924672,0.6863905325443787,63.64,80.0,Camocim de São Félix,PE,-6.007205350753281
4107652,1941,0.6636370110600112,0.6481195260175168,72.37,80.0,Fazenda Rio Grande,PR,-6.006298893998888
3154903,116,0.6025822583434435,0.6293103448275862,66.26,80.0,Rio Casca,MG,-6.001774165655661
3140803,114,0.5972946413335991,0.7807017543859649,65.73,80.0,Matias Barbosa,MG,-6.000535866640092
3160405,284,0.7400178983012939,0.8169014084507042,80.0,80.0,Santo Antônio do Monte,MG,-5.998210169870603
3304201,983,0.6621886596305991,0.7273652085452695,72.21,80.0,Resende,RJ,-5.991134036940082
2613404,244,0.479755256114586,0.38934426229508196,53.96,80.0,São José da Coroa Grande,PE,-5.9844743885414005
3164605,130,0.6816154606161593,0.7692307692307693,74.14,80.0,São Sebastião do Oeste,MG,-5.978453938384078
5219753,919,0.4867238915365256,0.5331882480957563,54.64,80.0,Santo Antônio do Descoberto,GO,-5.967610846347441
1505205,373,0.28093308395931327,0.3136729222520107,34.05,80.0,Oeiras do Pará,PA,-5.95669160406867
3304755,487,0.49266525797707483,0.4681724845995893,55.22,80.0,São Francisco de Itabapoana,RJ,-5.953474202292519
2613008,549,0.578090150174753,0.6429872495446266,63.76,80.0,São Bento do Una,PE,-5.950984982524702
2615805,194,0.6623883281167803,0.6855670103092784,72.18,80.0,Tupanatinga,PE,-5.941167188321984
3113305,258,0.5440049124737015,0.624031007751938,60.34,80.0,Carangola,MG,-5.939508752629848
2611507,221,0.5254141330931934,0.579185520361991,58.48,80.0,Quipapá,PE,-5.938586690680658
3138401,400,0.5968235095349506,0.6575,65.62,80.0,Leopoldina,MG,-5.937649046504951
5217203,119,0.7273792466161726,0.6974789915966386,78.66,80.0,Piranhas,GO,-5.92207533838274
4310108,375,0.740794825549061,0.47733333333333333,80.0,80.0,Igrejinha,RS,-5.920517445093907
5103700,153,0.6402211080420271,0.5163398692810458,69.93,80.0,Feliz Natal,MT,-5.907889195797296
2402006,309,0.43403896334728276,0.47249190938511326,49.31,80.0,Caicó,RN,-5.906103665271729
2603108,179,0.5839648724424441,0.6368715083798883,64.3,80.0,Cachoeirinha,PE,-5.903512755755585
4309100,445,0.7345736794032045,0.5730337078651685,79.35,80.0,Gramado,RS,-5.892632059679542
2803609,219,0.25683695221732694,0.2648401826484018,31.57,80.0,Laranjeiras,SE,-5.886304778267306
3302601,429,0.5219012456974083,0.4172494172494173,58.07,80.0,Mangaratiba,RJ,-5.879875430259176
2601201,670,0.603193183585456,0.7029850746268657,66.19,80.0,Arcoverde,PE,-5.8706816414543965
2102101,272,0.5412767280913449,0.5808823529411765,59.99,80.0,Brejo,MA,-5.862327190865514
3140159,149,0.6752236863019812,0.738255033557047,73.37,80.0,Mário Campos,MG,-5.8476313698018885
5108907,102,0.6182724957509556,0.6176470588235294,67.66,80.0,Nova Maringá,MT,-5.8327504249044395
1721208,218,0.42550314220428753,0.3577981651376147,48.38,80.0,Tocantinópolis,TO,-5.82968577957125
2106755,270,0.5744123427752759,0.5111111111111111,63.27,80.0,Miranda do Norte,MA,-5.8287657224724185
3500105,200,0.6558192758661552,0.66,71.41,80.0,Adamantina,SP,-5.828072413384476
3303708,349,0.5391853555676759,0.5128939828080229,59.74,80.0,Paraíba do Sul,RJ,-5.821464443232415
2106508,186,0.63308807513745,0.46774193548387094,69.13,80.0,Matinha,MA,-5.8211924862549935
1505007,120,0.54174678761047,0.5083333333333333,59.99,80.0,Nova Timboteua,PA,-5.815321238952997
3517901,101,0.6988859925165717,0.7326732673267327,75.7,80.0,Guaraci,SP,-5.811400748342834
5215231,988,0.555317729023677,0.5748987854251012,61.34,80.0,Novo Gama,GO,-5.808227097632297
2110039,243,0.7419964755088607,0.8600823045267489,80.0,80.0,Santa Luzia do Paruá,MA,-5.80035244911393
3124203,208,0.6842070861014413,0.5961538461538461,74.22,80.0,Espera Feliz,MG,-5.799291389855867
1508357,263,0.6111991744729471,0.6958174904942965,66.91,80.0,Vitória do Xingu,PA,-5.790082552705286
2608305,234,0.6116072095600189,0.688034188034188,66.95,80.0,Jupi,PE,-5.789279043998114
1301001,340,0.5217636698241443,0.5941176470588235,57.96,80.0,Carauari,AM,-5.783633017585565
3523909,1577,0.6419922344681437,0.6195307545973368,69.98,80.0,Itu,SP,-5.780776553185632
2110856,138,0.6248263481918721,0.427536231884058,68.26,80.0,São Francisco do Brejão,MA,-5.777365180812794
2608107,169,0.5872787531328061,0.757396449704142,64.5,80.0,João Alfredo,PE,-5.772124686719394
1303700,555,0.605415365216752,0.418018018018018,66.29,80.0,Santo Antônio do Içá,AM,-5.748463478324808
3124104,914,0.5453194727112336,0.6925601750547046,60.28,80.0,Esmeraldas,MG,-5.748052728876644
1505486,500,0.44928464063823814,0.458,50.64,80.0,Pacajá,PA,-5.711535936176183
2105005,334,0.6184766614183049,0.5898203592814372,67.55,80.0,Humberto de Campos,MA,-5.702333858169503
2501203,101,0.7430400049528019,0.7029702970297029,80.0,80.0,Areial,PB,-5.695999504719808
4210506,350,0.7430449287768488,0.7628571428571429,80.0,80.0,Maravilha,SC,-5.695507122315121
2101202,902,0.5106426284194411,0.5110864745011087,56.75,80.0,Bacabal,MA,-5.685737158055893
2600401,174,0.6157467386023396,0.5574712643678161,67.26,80.0,Água Preta,PE,-5.68532613976604
2106201,113,0.7215602560090988,0.8495575221238938,77.84,80.0,Luís Domingues,MA,-5.683974399090118
4215703,262,0.5961921073891931,0.6259541984732825,65.3,80.0,Santo Amaro da Imperatriz,SC,-5.680789261080683
5106505,371,0.40301807836411996,0.38544474393531,45.98,80.0,Poconé,MT,-5.678192163588001
2928000,199,0.34810956410657823,0.2914572864321608,40.48,80.0,Santaluz,BA,-5.669043589342174
1501576,178,0.5959948405540195,0.5280898876404494,65.25,80.0,Bom Jesus do Tocantins,PA,-5.650515944598048
4216909,302,0.6843165435639204,0.7152317880794702,74.08,80.0,São Lourenço do Oeste,SC,-5.648345643607968
1100700,163,0.6042845401025487,0.7239263803680982,66.05,80.0,Campo Novo de Rondônia,RO,-5.6215459897451225
3525508,134,0.6877536829283888,0.582089552238806,74.39,80.0,Joanópolis,SP,-5.614631707161124
2611002,412,0.5544685741751323,0.662621359223301,61.05,80.0,Petrolândia,PE,-5.603142582486768
1503002,148,0.5491575522699095,0.5337837837837838,60.49,80.0,Faro,PA,-5.574244773009056
2101103,143,0.7442705976912882,0.7132867132867133,80.0,80.0,Axixá,MA,-5.572940230871183
2101400,1244,0.4695716916045848,0.3963022508038585,52.53,80.0,Balsas,MA,-5.572830839541524
2512408,210,0.7134316684077879,0.6238095238095238,76.9,80.0,Puxinanã,PB,-5.556833159221213
5217302,290,0.6953733174511858,0.6448275862068965,75.09,80.0,Pirenópolis,GO,-5.552668254881425
3304144,1260,0.4567404878045107,0.38095238095238093,51.22,80.0,Queimados,RJ,-5.545951219548925
5105903,243,0.5892537270811492,0.5720164609053497,64.47,80.0,Nobres,MT,-5.544627291885078
5002308,181,0.5541803596326451,0.6132596685082873,60.95,80.0,Brasilândia,MS,-5.531964036735488
2500502,141,0.5917102531031126,0.524822695035461,64.7,80.0,Alagoinha,PB,-5.528974689688738
2607208,1323,0.6652164285520321,0.6447467876039304,72.04,80.0,Ipojuca,PE,-5.518357144796795
2614501,286,0.5793656347298517,0.5944055944055944,63.44,80.0,Surubim,PE,-5.503436527014827
3170701,1027,0.5473776098926512,0.7215189873417721,60.24,80.0,Varginha,MG,-5.502239010734883
2606002,1278,0.5582808094045053,0.6971830985915493,61.33,80.0,Garanhuns,PE,-5.501919059549465
2101707,762,0.5451216818546842,0.7860892388451444,60.01,80.0,Barreirinhas,MA,-5.4978318145315725
3171303,534,0.6278403332220488,0.7827715355805244,68.27,80.0,Viçosa,MG,-5.485966677795119
2927606,155,0.3551475809455783,0.2838709677419355,41.0,80.0,Santa Brígida,BA,-5.485241905442173
3105905,154,0.7013705498216749,0.8311688311688312,75.62,80.0,Barroso,MG,-5.48294501783252
2706406,307,0.5267092059782472,0.5504885993485342,58.15,80.0,Pão de Açúcar,AL,-5.47907940217528
4206504,488,0.6787130869959024,0.6516393442622951,73.35,80.0,Guaramirim,SC,-5.47869130040975
4311403,734,0.708014169967336,0.4822888283378747,76.28,80.0,Lajeado,RS,-5.478583003266394
2906824,156,0.28912587270014967,0.30128205128205127,34.38,80.0,Canudos,BA,-5.4674127299850355
3104205,364,0.737086736036979,0.8873626373626373,79.17,80.0,Arcos,MG,-5.461326396302098
2407203,179,0.3699287577243896,0.31843575418994413,42.44,80.0,Macau,RN,-5.447124227561041
3113701,139,0.5869972309952713,0.5611510791366906,64.14,80.0,Carlos Chagas,MG,-5.440276900472867
5007406,288,0.5248507710768762,0.5034722222222222,57.9,80.0,Rio Verde de Mato Grosso,MS,-5.414922892312383
2108454,206,0.593051709985859,0.6990291262135923,64.71,80.0,Peritoró,MA,-5.404829001414093
3305802,1463,0.6091559418046977,0.6473000683526999,66.32,80.0,Teresópolis,RJ,-5.404405819530226
2608800,407,0.527886056588132,0.5749385749385749,58.19,80.0,Lajedo,PE,-5.401394341186794
5101704,410,0.54998694335637,0.7268292682926829,60.4,80.0,Barra do Bugres,MT,-5.401305664363001
4214706,105,0.6159269823231983,0.6857142857142857,66.99,80.0,Rio dos Cedros,SC,-5.397301767680162
2612406,171,0.4858753109354961,0.6608187134502924,53.98,80.0,Sanharó,PE,-5.3924689064503895
5104104,460,0.6165193680281704,0.5434782608695652,67.04,80.0,Guarantã do Norte,MT,-5.388063197182966
3304003,277,0.6031288639259346,0.6137184115523465,65.7,80.0,Piraí,RJ,-5.3871136074065475
2923357,141,0.32825645084353905,0.3404255319148936,38.2,80.0,Ourolândia,BA,-5.374354915646094
1101708,146,0.6838104282756707,0.6095890410958904,73.75,80.0,Urupá,RO,-5.368957172432928
1507201,184,0.401122036985998,0.32608695652173914,45.48,80.0,São Domingos do Capim,PA,-5.3677963014001975
2602902,1976,0.5789153787204884,0.5075910931174089,63.25,80.0,Cabo de Santo Agostinho,PE,-5.358462127951164
4316907,1694,0.6466540711749472,0.4085005903187721,70.02,80.0,Santa Maria,RS,-5.354592882505273
5000906,145,0.5719122588296284,0.5655172413793104,62.54,80.0,Antônio João,MS,-5.348774117037159
2922052,111,0.32678750430000336,0.2882882882882883,38.02,80.0,Mulungu do Morro,BA,-5.341249569999668
3170206,5954,0.551130733042289,0.6513268390997649,60.41,80.0,Uberlândia,MG,-5.2969266957710985
4304606,2563,0.5664240324572662,0.4385485758876317,61.93,80.0,Canoas,RS,-5.287596754273373
4309209,2361,0.6362345108979921,0.40576027107157986,68.91,80.0,Gravataí,RS,-5.286548910200786
2708907,269,0.49524464682152636,0.550185873605948,54.8,80.0,Satuba,AL,-5.275535317847364
1600303,6536,0.4981839730198542,0.4548653610771114,55.09,80.0,Macapá,AP,-5.271602698014583
3508702,164,0.6801863174802765,0.7073170731707317,73.29,80.0,Caconde,SP,-5.271368251972362
3151305,121,0.7108334918130543,0.859504132231405,76.33,80.0,Piraúba,MG,-5.246650818694562
1600279,539,0.4688501318978505,0.4007421150278293,52.13,80.0,Laranjal do Jari,AP,-5.244986810214954
2207801,236,0.5112338799418104,0.5042372881355932,56.33,80.0,Paulistana,PI,-5.206612005818961
3169406,540,0.6207488620771897,0.8203703703703704,67.27,80.0,Três Pontas,MG,-5.1951137922810275
1302900,530,0.567372558775991,0.5509433962264151,61.93,80.0,Maués,AM,-5.192744122400896
3531308,304,0.659965063075119,0.5888157894736842,71.18,80.0,Monte Alto,SP,-5.183493692488099
2111029,173,0.6473957729012227,0.7052023121387283,69.92,80.0,São João do Carú,MA,-5.180422709877732
5220009,178,0.7483751416760812,0.898876404494382,80.0,80.0,São João d'Aliança,GO,-5.16248583239188
3542701,105,0.6815759503936629,0.5523809523809524,73.32,80.0,Restinga,SP,-5.162404960633694
4301057,137,0.6628157690574047,0.46715328467153283,71.44,80.0,Arroio do Sal,RS,-5.158423094259533
5103056,142,0.6027565789380644,0.6619718309859155,65.43,80.0,Cláudia,MT,-5.15434210619356
1502202,652,0.6267938804355322,0.5950920245398773,67.83,80.0,Capanema,PA,-5.150611956446781
5006309,451,0.4018089022051361,0.5521064301552107,45.33,80.0,Paranaíba,MS,-5.149109779486388
5105580,172,0.6288101092873605,0.6569767441860465,68.03,80.0,Marcelândia,MT,-5.148989071263955
5002001,185,0.5164284772376175,0.6756756756756757,56.78,80.0,Batayporã,MS,-5.137152276238247
4318200,247,0.5925222028447896,0.44129554655870445,64.37,80.0,São Francisco de Paula,RS,-5.1177797155210385
5107180,108,0.6364780474660043,0.7129629629629629,68.76,80.0,Ribeirão Cascalheira,MT,-5.11219525339957
2610905,460,0.6115783087269095,0.6456521739130435,66.27,80.0,Pesqueira,PE,-5.112169127309045
5106240,213,0.701904702096385,0.5821596244131455,75.3,80.0,Nova Ubiratã,MT,-5.109529790361492
2911808,159,0.3313536810972094,0.22641509433962265,38.24,80.0,Guaratinga,BA,-5.104631890279059
2504033,106,0.5875704456765365,0.6226415094339622,63.86,80.0,Capim,PB,-5.102955432346349
2100055,1208,0.4727035515856475,0.6291390728476821,52.35,80.0,Açailândia,MA,-5.079644841435254
2113009,258,0.5541292354588027,0.7364341085271318,60.49,80.0,Vitorino Freire,MA,-5.077076454119734
3108008,124,0.6624604193706105,0.8387096774193549,71.32,80.0,Bom Sucesso,MG,-5.073958062938942
2905503,149,0.3180981875286608,0.28187919463087246,36.88,80.0,Caldeirão Grande,BA,-5.07018124713392
3107802,143,0.7493014117163677,0.7762237762237763,80.0,80.0,Bom Jesus do Galho,MG,-5.0698588283632375
3507506,1152,0.6083968623742565,0.5720486111111112,65.9,80.0,Botucatu,SP,-5.060313762574353
4317400,392,0.6998009033140931,0.5994897959183674,75.04,80.0,Santiago,RS,-5.059909668590706
4103453,289,0.7496230903271317,0.7854671280276817,80.0,80.0,Cafelândia,PR,-5.037690967286835
2607901,4684,0.596423186102716,0.552732707087959,64.67,80.0,Jaboatão dos Guararapes,PE,-5.0276813897284
3106705,4233,0.5747382292582918,0.6728088825891803,62.45,80.0,Betim,MG,-4.9761770741708276
3204807,101,0.7120543204699603,0.6237623762376238,76.18,80.0,São José do Calçado,ES,-4.9745679530039695
3530201,116,0.7503606072660682,0.8793103448275862,80.0,80.0,Mirante do Paranapanema,SP,-4.96393927339318
3302809,147,0.6045514040200852,0.5714285714285714,65.41,80.0,Mendes,RJ,-4.954859597991472
3205200,4241,0.6689961825070573,0.6838009903324688,71.85,80.0,Vila Velha,ES,-4.950381749294266
2609204,106,0.6765645162632593,0.5754716981132075,72.6,80.0,Maraial,PE,-4.943548373674062
2503555,105,0.41960836937665913,0.47619047619047616,46.89,80.0,Cacimbas,PB,-4.929163062334091
4318309,533,0.62330578256083,0.399624765478424,67.25,80.0,São Gabriel,RS,-4.919421743916999
2114007,408,0.7508329859168958,0.7303921568627451,80.0,80.0,Zé Doca,MA,-4.916701408310416
5006408,110,0.42873314117021566,0.5636363636363636,47.79,80.0,Pedro Gomes,MS,-4.916685882978435
3136900,122,0.740301489998233,0.8278688524590164,78.94,80.0,Juruaia,MG,-4.909851000176701
3117306,311,0.5851738935199581,0.5884244372990354,63.42,80.0,Conceição das Alagoas,MG,-4.902610648004192
4100400,1101,0.5654235127316213,0.4586739327883742,61.44,80.0,Almirante Tamandaré,PR,-4.897648726837872
2906873,242,0.36597316625715526,0.29338842975206614,41.49,80.0,Capim Grosso,BA,-4.8926833742844735
3529708,155,0.644601418741054,0.3096774193548387,69.35,80.0,Miguelópolis,SP,-4.889858125894591
3304409,147,0.6530113925571273,0.6530612244897959,70.19,80.0,Rio Claro,RJ,-4.888860744287271
2501807,428,0.43136181116063743,0.3808411214953271,47.97,80.0,Bayeux,PB,-4.833818883936253
1302306,360,0.45303394495069116,0.36666666666666664,50.12,80.0,Jutaí,AM,-4.816605504930884
4114302,328,0.7474543438043371,0.6402439024390244,79.56,80.0,Mandirituba,PR,-4.814565619566295
2616209,168,0.5840966248835187,0.5714285714285714,63.2,80.0,Vertentes,PE,-4.79033751164814
3303906,2256,0.6342941842039527,0.6533687943262412,68.17,80.0,Petrópolis,RJ,-4.740581579604736
4109807,641,0.7065026686724221,0.656786271450858,75.39,80.0,Ibiporã,PR,-4.739733132757792
2902104,331,0.31101439440307954,0.24471299093655588,35.84,80.0,Araci,BA,-4.738560559692051
3160306,101,0.6372336731646807,0.6534653465346535,68.45,80.0,Santo Antônio do Jacinto,MG,-4.726632683531932
2910602,359,0.3071435746115898,0.2395543175487465,35.44,80.0,Esplanada,BA,-4.725642538841015
4311809,432,0.6615906137282623,0.4652777777777778,70.88,80.0,Marau,RS,-4.720938627173766
3512100,107,0.7527979541575847,0.7289719626168224,80.0,80.0,Colômbia,SP,-4.720204584241529
4219002,216,0.676540424659786,0.7083333333333334,72.37,80.0,Urussanga,SC,-4.715957534021399
4119509,1321,0.6067542264996585,0.5094625283875852,65.39,80.0,Piraquara,PR,-4.714577350034155
2104800,987,0.4970336491266547,0.46403242147923,54.39,80.0,Grajaú,MA,-4.68663508733453
2611101,4624,0.6589641777523856,0.7030709342560554,70.58,80.0,Petrolina,PE,-4.683582224761437
4318804,355,0.7469313402686376,0.5633802816901409,79.35,80.0,São Lourenço do Sul,RS,-4.6568659731362345
4205704,342,0.688791319461806,0.7543859649122807,73.53,80.0,Garopaba,SC,-4.650868053819394
2923902,134,0.5139651929715394,0.3283582089552239,56.04,80.0,Pau Brasil,BA,-4.643480702846055
5004304,241,0.46728892898121854,0.6016597510373444,51.37,80.0,Iguatemi,MS,-4.641107101878141
1101757,115,0.4572802080232701,0.5565217391304348,50.36,80.0,Vale do Anari,RO,-4.63197919767299
3200805,275,0.6772618165184001,0.7454545454545455,72.35,80.0,Baixo Guandu,ES,-4.623818348159986
2105609,120,0.5825067543646787,0.75,62.87,80.0,Joselândia,MA,-4.619324563532125
3171204,1460,0.5793458600093941,0.7061643835616438,62.54,80.0,Vespasiano,MG,-4.605413999060588
5004106,155,0.5302710622296942,0.6580645161290323,57.63,80.0,Guia Lopes da Laguna,MS,-4.60289377703058
4118204,1256,0.6318058561373752,0.6226114649681529,67.77,80.0,Paranaguá,PR,-4.589414386262476
2511202,376,0.4604562046017209,0.48936170212765956,50.63,80.0,Pedras de Fogo,PB,-4.584379539827914
2109809,200,0.6000752569951441,0.725,64.59,80.0,Santa Helena,MA,-4.582474300485593
4313508,467,0.6710168130906414,0.42184154175588867,71.66,80.0,Osório,RS,-4.558318690935849
2709400,254,0.48128507955338484,0.49606299212598426,52.68,80.0,Viçosa,AL,-4.551492044661515
5106224,883,0.647296533831666,0.7474518686296716,69.28,80.0,Nova Mutum,MT,-4.550346616833409
1100304,1319,0.656701283611937,0.7194844579226687,70.22,80.0,Vilhena,RO,-4.5498716388062945
4105805,3101,0.6521189947988171,0.6091583360206385,69.76,80.0,Colombo,PR,-4.548100520118297
2610707,2040,0.5609355222604304,0.5495098039215687,60.62,80.0,Paulista,PE,-4.526447773956953
2402303,125,0.36095302440658517,0.416,40.62,80.0,Caraúbas,RN,-4.524697559341483
2924009,944,0.3568710342599628,0.3050847457627119,40.21,80.0,Paulo Afonso,BA,-4.522896574003717
3140001,601,0.5782452395168998,0.6805324459234608,62.34,80.0,Mariana,MG,-4.515476048310028
4313953,103,0.703186879057567,0.3106796116504854,74.82,80.0,Pantano Grande,RS,-4.501312094243289
4212304,118,0.6404786931582137,0.3983050847457627,68.53,80.0,Paulo Lopes,SC,-4.482130684178628
5200258,3010,0.5455081854413654,0.5335548172757475,59.02,80.0,Águas Lindas de Goiás,GO,-4.469181455863463
2927101,162,0.34333843798100894,0.2839506172839506,38.79,80.0,Rodelas,BA,-4.456156201899105
3539004,103,0.7554970634906346,0.7572815533980582,80.0,80.0,Pirangi,SP,-4.450293650936544
2401206,149,0.3573071752111394,0.31543624161073824,40.17,80.0,Arês,RN,-4.4392824788860565
3111507,155,0.6091533254661928,0.6709677419354839,65.35,80.0,Campos Altos,MG,-4.434667453380712
1100320,302,0.6719942616167286,0.6920529801324503,71.63,80.0,São Miguel do Guaporé,RO,-4.430573838327135
2304400,17722,0.7142135161926242,0.7499153594402438,75.85,80.0,Fortaleza,CE,-4.42864838073757
3111200,388,0.6836365626470452,0.8556701030927835,72.79,80.0,Campo Belo,MG,-4.4263437352954895
2925808,188,0.3809399452259279,0.30319148936170215,42.51,80.0,Queimadas,BA,-4.416005477407211
3138625,119,0.6553588121443907,0.5966386554621849,69.94,80.0,Limeira do Oeste,MG,-4.404118785560925
2915007,110,0.4921915837748787,0.45454545454545453,53.62,80.0,Itaeté,BA,-4.400841622512125
3140704,415,0.5996080875858456,0.7566265060240964,64.35,80.0,Mateus Leme,MG,-4.389191241415432
4320701,120,0.7561177685949616,0.6416666666666667,80.0,80.0,Sobradinho,RS,-4.38822314050384
3132701,209,0.5648592737307941,0.5789473684210527,60.87,80.0,Itambacuri,MG,-4.3840726269205845
3155801,141,0.65626942375336,0.7872340425531915,70.01,80.0,Rio Pomba,MG,-4.383057624664005
3157203,311,0.686911124934124,0.6655948553054662,73.07,80.0,Santa Bárbara,MG,-4.3788875065875885
3205010,431,0.6689266873357844,0.7122969837587007,71.27,80.0,Sooretama,ES,-4.37733126642155
4322509,716,0.6608150413909983,0.41899441340782123,70.45,80.0,Vacaria,RS,-4.368495860900168
2606200,702,0.5754354275358944,0.4586894586894587,61.91,80.0,Goiana,PE,-4.366457246410562
2904605,548,0.5764394613007736,0.4215328467153285,62.01,80.0,Brumado,BA,-4.366053869922638
3114402,163,0.6426434061468425,0.6871165644171779,68.62,80.0,Carmo do Rio Claro,MG,-4.355659385315761
5102678,600,0.5964495747551827,0.645,63.98,80.0,Campo Verde,MT,-4.335042524481729
2111300,6251,0.5371714322300039,0.569828827387618,58.04,80.0,São Luís,MA,-4.322856776999615
3550100,414,0.620012614680357,0.606280193236715,66.3,80.0,São Manuel,SP,-4.298738531964304
2607604,205,0.5763323719610451,0.5073170731707317,61.93,80.0,Ilha de Itamaracá,PE,-4.296762803895483
1100155,362,0.7044896228536415,0.6657458563535912,74.74,80.0,Ouro Preto do Oeste,RO,-4.2910377146358485
2414209,216,0.28757109815630355,0.25462962962962965,33.04,80.0,Tibau do Sul,RN,-4.282890184369645
1100049,951,0.6387756016213295,0.6635120925341745,68.16,80.0,Cacoal,RO,-4.282439837867045
4217204,438,0.6794360808932307,0.6963470319634704,72.22,80.0,São Miguel do Oeste,SC,-4.276391910676921
4305801,105,0.7573065873285585,0.49523809523809526,80.0,80.0,Constantina,RS,-4.269341267144156
4303905,608,0.738598687321845,0.46381578947368424,78.12,80.0,Campo Bom,RS,-4.26013126781551
2804904,106,0.28011159042855305,0.3018867924528302,32.27,80.0,Pacatuba,SE,-4.258840957144699
4306502,105,0.6200864935278807,0.44761904761904764,66.26,80.0,Dom Feliciano,RS,-4.251350647211936
3304524,1585,0.6610822563842678,0.6889589905362776,70.35,80.0,Rio das Ostras,RJ,-4.241774361573221
4323804,205,0.6016080648849937,0.3853658536585366,64.4,80.0,Xangri-lá,RS,-4.2391935115006305
3167608,205,0.659962799301681,0.7317073170731707,70.23,80.0,Simonésia,MG,-4.233720069831904
3123601,249,0.608843243390602,0.6586345381526104,65.11,80.0,Elói Mendes,MG,-4.2256756609398
2111805,250,0.5020320229644752,0.54,54.41,80.0,Sítio Novo,MA,-4.206797703552475
2504009,2736,0.5023155403725502,0.49159356725146197,54.42,80.0,Campina Grande,PB,-4.188445962744979
2102325,708,0.47902333982894496,0.4350282485875706,52.09,80.0,Buriticupu,MA,-4.1876660171055065
4218202,431,0.6886195936743762,0.7540603248259861,73.04,80.0,Timbó,SC,-4.178040632562386
3300936,138,0.5632427724925801,0.6014492753623188,60.47,80.0,Carapebus,RJ,-4.145722750741982
3103751,117,0.6415544797573896,0.7350427350427351,68.3,80.0,Araporã,MG,-4.144552024261046
3551801,143,0.6686513075677751,0.5244755244755245,71.0,80.0,Sete Barras,SP,-4.134869243222482
2110708,348,0.4986834938478999,0.49712643678160917,54.0,80.0,São Domingos do Maranhão,MA,-4.131650615210013
3125101,725,0.6083091844617787,0.6924137931034483,64.96,80.0,Extrema,MG,-4.129081553822118
3304557,43411,0.5984434933068494,0.6428785330906913,63.97,80.0,Rio de Janeiro,RJ,-4.125650669315057
1101500,186,0.6438093606109208,0.6612903225806451,68.5,80.0,Seringueiras,RO,-4.119063938907928
2910859,136,0.29658005638399887,0.36764705882352944,33.77,80.0,Filadélfia,BA,-4.111994361600118
4315701,317,0.712788879877172,0.61198738170347,75.39,80.0,Rio Pardo,RS,-4.111112012282803
3149903,168,0.6985023925015639,0.7916666666666666,73.96,80.0,Perdões,MG,-4.109760749843602
2102358,156,0.6330420162506007,0.5512820512820513,67.41,80.0,Buritirana,MA,-4.105798374939923
3148707,215,0.6040421849466293,0.6046511627906976,64.51,80.0,Pedra Azul,MG,-4.105781505337077
2104602,106,0.5764461717972287,0.4811320754716981,61.75,80.0,Governador Eugênio Barros,MA,-4.1053828202771285
5204805,101,0.7582738428522816,0.7722772277227723,79.93,80.0,Campo Alegre de Goiás,GO,-4.102615714771844
3303104,110,0.6260964262175447,0.5727272727272728,66.7,80.0,Natividade,RJ,-4.090357378245535
2102077,105,0.7592792965237165,0.9523809523809523,80.0,80.0,Bom Lugar,MA,-4.072070347628355
4215802,793,0.7115099907544296,0.798234552332913,75.22,80.0,São Bento do Sul,SC,-4.069000924557045
2312601,111,0.7593879677544275,0.6576576576576577,80.0,80.0,São Luís do Curu,CE,-4.0612032245572465
4211702,237,0.6630369138345383,0.6413502109704642,70.36,80.0,Orleans,SC,-4.056308616546161
1504976,182,0.5176399450957999,0.532967032967033,55.82,80.0,Nova Ipixuna,PA,-4.056005490420006
4212205,177,0.6944446550570132,0.6779661016949152,73.49,80.0,Papanduva,SC,-4.045534494298664
2615201,115,0.6382552504694674,0.7130434782608696,67.85,80.0,Terra Nova,PE,-4.024474953053257
1716505,231,0.5784739987590644,0.5670995670995671,61.86,80.0,Pedro Afonso,TO,-4.0126001240935665
5106158,191,0.7134176102504948,0.7853403141361257,75.35,80.0,Nova Bandeirantes,MT,-4.008238974950515
5104542,112,0.760146463923166,0.7767857142857143,80.0,80.0,Itanhangá,MT,-3.9853536076834075
2701308,233,0.38001406276868543,0.33905579399141633,41.98,80.0,Cajueiro,AL,-3.9785937231314534
3520004,209,0.6819257855677712,0.7751196172248804,72.17,80.0,Igaraçu do Tietê,SP,-3.9774214432228803
4210100,528,0.7115969430590914,0.7424242424242424,75.13,80.0,Mafra,SC,-3.970305694090854
4321204,490,0.6513448104750336,0.45102040816326533,69.1,80.0,Taquara,RS,-3.9655189524966374
3204005,146,0.760365785540596,0.863013698630137,80.0,80.0,Pancas,ES,-3.963421445940398
1504604,294,0.4246950947905118,0.3707482993197279,46.42,80.0,Mocajuba,PA,-3.9504905209488186
4208906,1670,0.7106380115849014,0.725748502994012,75.01,80.0,Jaraguá do Sul,SC,-3.9461988415098688
4204004,142,0.6805713391402141,0.7394366197183099,72.0,80.0,Catanduvas,SC,-3.9428660859785936
2616407,1004,0.5312594607934273,0.5079681274900398,57.06,80.0,Vitória de Santo Antão,PE,-3.93405392065727
3108305,166,0.662361292675482,0.8012048192771084,70.17,80.0,Borda da Mata,MG,-3.933870732451794
5106299,158,0.6302861753316533,0.7974683544303798,66.96,80.0,Paranaíta,MT,-3.9313824668346626
2204709,122,0.5951017005174494,0.6721311475409836,63.43,80.0,Inhuma,PI,-3.919829948255064
3145109,174,0.687405897204483,0.867816091954023,72.66,80.0,Nova Resende,MG,-3.9194102795516983
5106828,141,0.5163683489032569,0.49645390070921985,55.54,80.0,Porto Esperidião,MT,-3.903165109674312
2707206,163,0.4366747134576483,0.49079754601226994,47.56,80.0,Poço das Trincheiras,AL,-3.8925286542351714
2900355,139,0.5216968870901036,0.4244604316546763,56.06,80.0,Adustina,BA,-3.8903112909896365
2601904,401,0.56905506886815,0.5660847880299252,60.78,80.0,Bezerros,PE,-3.8744931131849967
3303856,292,0.6692692121636624,0.7534246575342466,70.79,80.0,Paty do Alferes,RJ,-3.8630787836337674
4215000,486,0.6273049477907884,0.6790123456790124,66.59,80.0,Rio Negrinho,SC,-3.8595052209211644
2108306,382,0.596380079952292,0.6361256544502618,63.48,80.0,Penalva,MA,-3.8419920047707947
5208400,177,0.722582000526703,0.6836158192090396,76.1,80.0,Goianápolis,GO,-3.8417999473297044
3138203,781,0.6015881321858912,0.6965428937259923,64.0,80.0,Lavras,MG,-3.841186781410876
1502707,506,0.47830210720296185,0.5158102766798419,51.67,80.0,Conceição do Araguaia,PA,-3.8397892797038153
1721000,2964,0.617710757218743,0.5745614035087719,65.61,80.0,Palmas,TO,-3.8389242781256954
3114303,285,0.6957506582327126,0.8666666666666667,73.41,80.0,Carmo do Paranaíba,MG,-3.834934176728737
1301704,762,0.5615594949347147,0.5787401574803149,59.95,80.0,Humaitá,AM,-3.794050506528535
5106372,282,0.6054237428174285,0.6524822695035462,64.33,80.0,Pedra Preta,MT,-3.7876257182571464
1100098,392,0.7623950290536257,0.6964285714285714,80.0,80.0,Espigão D'Oeste,RO,-3.7604970946374294
2102200,251,0.5249974910049605,0.2908366533864542,56.26,80.0,Buriti,MA,-3.7602508995039443
3305000,554,0.574887611736201,0.592057761732852,61.22,80.0,São João da Barra,RJ,-3.731238826379901
1504406,189,0.3998995037069085,0.4497354497354497,43.72,80.0,Marapanim,PA,-3.73004962930915
5007208,569,0.49067119777041235,0.5272407732864675,52.79,80.0,Rio Brilhante,MS,-3.7228802229587643
5005202,332,0.3683798382041864,0.3373493975903614,40.56,80.0,Ladário,MS,-3.7220161795813596
4216404,115,0.7354884100419378,0.782608695652174,77.27,80.0,São João do Sul,SC,-3.7211589958062206
2704708,869,0.49379129850953074,0.46029919447640966,53.1,80.0,Marechal Deodoro,AL,-3.720870149046924
3304805,338,0.4878059455978532,0.4822485207100592,52.5,80.0,São Fidélis,RJ,-3.719405440214686
2110401,183,0.5384443923827688,0.3825136612021858,57.56,80.0,São Benedito do Rio Preto,MA,-3.7155607617231254
4112108,184,0.741665259691964,0.6902173913043478,77.88,80.0,Jandaia do Sul,PR,-3.713474030803596
3170750,105,0.6094081111583007,0.9333333333333333,64.65,80.0,Varjão de Minas,MG,-3.709188884169933
1600808,170,0.3998854713375104,0.3588235294117647,43.69,80.0,Vitória do Jari,AP,-3.7014528662489568
5207402,156,0.7629967714805854,0.7243589743589743,80.0,80.0,Edéia,GO,-3.7003228519414506
5105622,305,0.5723004970640778,0.580327868852459,60.92,80.0,Mirassol d'Oeste,MT,-3.6899502935922186
1716109,611,0.6318374235319073,0.6366612111292962,66.87,80.0,Paraíso do Tocantins,TO,-3.686257646809274
4301636,163,0.6174639539753775,0.44785276073619634,65.43,80.0,Balneário Pinhal,RS,-3.6836046024622604
2110500,309,0.7633107608801645,0.7961165048543689,80.0,80.0,São Bento,MA,-3.668923911983555
5215603,363,0.6166110010489256,0.6776859504132231,65.33,80.0,Padre Bernardo,GO,-3.6688998951074367
2604007,570,0.6634058150171357,0.5929824561403508,70.0,80.0,Carpina,PE,-3.6594184982864277
3133808,666,0.6934208903955843,0.8678678678678678,73.0,80.0,Itaúna,MG,-3.657910960441569
4313409,2045,0.6443429633581188,0.37359413202933983,68.07,80.0,Novo Hamburgo,RS,-3.6357036641881137
5107065,396,0.6143737145057275,0.7449494949494949,65.07,80.0,Querência,MT,-3.6326285494272383
3134400,357,0.6010426241175137,0.7002801120448179,63.73,80.0,Iturama,MG,-3.6257375882486187
1714203,104,0.39641009912630976,0.4423076923076923,43.26,80.0,Natividade,TO,-3.6189900873690206
2608404,155,0.5851357251411998,0.6064516129032258,62.13,80.0,Jurema,PE,-3.616427485880017
1100114,595,0.6476904259899859,0.653781512605042,68.37,80.0,Jaru,RO,-3.600957401001409
3108602,283,0.7294911195190903,0.7667844522968198,76.55,80.0,Brasília de Minas,MG,-3.6008880480909653
2707107,375,0.3658346743262423,0.25066666666666665,40.17,80.0,Piranhas,AL,-3.5865325673757766
3151206,588,0.5585963056137274,0.70578231292517,59.44,80.0,Pirapora,MG,-3.580369438627258
1505502,1446,0.6454061892347724,0.5705394190871369,68.12,80.0,Paragominas,PA,-3.5793810765227647
3161908,164,0.7642994592643506,0.9146341463414634,80.0,80.0,São Gonçalo do Rio Abaixo,MG,-3.5700540735649327
5107909,2552,0.6096283895349414,0.542319749216301,64.53,80.0,Sinop,MT,-3.5671610465058663
3101607,653,0.6232360726370387,0.7304747320061256,65.87,80.0,Alfenas,MG,-3.5463927362961343
4127601,242,0.7557681792408776,0.6859504132231405,79.12,80.0,Tijucas do Sul,PR,-3.5431820759122417
4203303,145,0.6724923333179462,0.6,70.79,80.0,Campo Alegre,SC,-3.5407666682053787
3104601,123,0.7289119001241745,0.8861788617886179,76.43,80.0,Astolfo Dutra,MG,-3.538809987582553
2107803,322,0.7646418381059923,0.5527950310559007,80.0,80.0,Parnarama,MA,-3.5358161894007765
3527108,631,0.7246467246553286,0.8145800316957211,76.0,80.0,Lins,SP,-3.535327534467129
2112308,298,0.4832482264020531,0.6610738255033557,51.86,80.0,Tuntum,MA,-3.5351773597946874
2509107,189,0.47619844037714787,0.708994708994709,51.15,80.0,Mari,PB,-3.530155962285214
3304110,225,0.6350271230411162,0.6311111111111111,67.03,80.0,Porto Real,RJ,-3.5272876958883828
3524105,285,0.5513729230517352,0.5017543859649123,58.66,80.0,Ituverava,SP,-3.5227076948264724
4202909,1305,0.6872839373244121,0.6620689655172414,72.25,80.0,Brusque,SC,-3.521606267558795
2105153,145,0.6225966963196672,0.7793103448275862,65.78,80.0,Igarapé do Meio,MA,-3.520330368033285
3531100,749,0.5529075591160993,0.4205607476635514,58.81,80.0,Mongaguá,SP,-3.5192440883900673
5218003,358,0.5739111491335228,0.4972067039106145,60.91,80.0,Porangatu,GO,-3.518885086647714
2929909,406,0.5534565946916068,0.3497536945812808,58.86,80.0,Seabra,BA,-3.51434053083932
4318903,368,0.7649279566053298,0.49728260869565216,80.0,80.0,São Luiz Gonzaga,RS,-3.507204339467023
4104006,698,0.6991335394276577,0.670487106017192,73.41,80.0,Campina Grande do Sul,PR,-3.49664605723423
4301602,899,0.6434172639905582,0.43047830923248054,67.83,80.0,Bagé,RS,-3.488273600944183
2929602,123,0.6092037309838365,0.6504065040650406,64.4,80.0,Sapeaçu,BA,-3.4796269016163563
4220000,209,0.5654467005849186,0.5167464114832536,60.01,80.0,Balneário Rincão,SC,-3.465329941508138
2911105,234,0.31756365412747156,0.28205128205128205,35.22,80.0,Formosa do Rio Preto,BA,-3.463634587252841
2411205,374,0.3347467392561695,0.35561497326203206,36.93,80.0,Santa Cruz,RN,-3.455326074383052
4209102,5308,0.6699646294810505,0.6929163526752072,70.43,80.0,Joinville,SC,-3.433537051894959
1303957,122,0.5755698216687366,0.4426229508196721,60.98,80.0,São Sebastião do Uatumã,AM,-3.4230178331263375
4104659,314,0.7314842488440394,0.697452229299363,76.57,80.0,Carambeí,PR,-3.421575115596056
2408003,1621,0.4779916892690864,0.44540407156076495,51.21,80.0,Mossoró,RN,-3.4108310730913587
5210406,523,0.7584943335394735,0.8126195028680688,79.26,80.0,Itaberaí,GO,-3.410566646052658
1505304,734,0.45069786375071896,0.31607629427792916,48.47,80.0,Oriximiná,PA,-3.4002136249280994
4304200,228,0.7336216565684305,0.5307017543859649,76.76,80.0,Candelária,RS,-3.3978343431569584
3147907,1081,0.6672485073155823,0.8288621646623496,70.11,80.0,Passos,MG,-3.385149268441765
1304104,255,0.5590478433818213,0.5137254901960784,59.27,80.0,Tapauá,AM,-3.365215661817871
2401453,183,0.43115705449091835,0.4426229508196721,46.46,80.0,Baraúna,RN,-3.3442945509081667
4317509,613,0.6604595849537617,0.43066884176182707,69.39,80.0,Santo Ângelo,RS,-3.3440415046238314
2925600,100,0.335263998267322,0.2,36.86,80.0,Presidente Dutra,BA,-3.333600173267797
1508407,599,0.5635015599605198,0.49248747913188645,59.68,80.0,Xinguara,PA,-3.3298440039480255
3202553,172,0.7245235471716845,0.8197674418604651,75.77,80.0,Ibitirama,ES,-3.317645282831535
1507607,676,0.48363333834015054,0.5029585798816568,51.68,80.0,São Miguel do Guamá,PA,-3.316666165984948
1600600,1709,0.506486782761526,0.5318899941486249,53.95,80.0,Santana,AP,-3.3013217238474013
4307500,138,0.7670086074523245,0.5072463768115942,80.0,80.0,Espumoso,RS,-3.299139254767553
3539202,230,0.7327147029606209,0.6956521739130435,76.56,80.0,Pirapozinho,SP,-3.288529703937911
2109106,429,0.5972831796329788,0.44988344988344986,63.01,80.0,Presidente Dutra,MA,-3.281682036702115
4211009,104,0.689216935195734,0.6057692307692307,72.2,80.0,Mondaí,SC,-3.2783064804266075
2606309,109,0.5819642707622239,0.6788990825688074,61.47,80.0,Granito,PE,-3.273572923777607
4206306,285,0.699673196515719,0.7298245614035088,73.24,80.0,Guabiruba,SC,-3.2726803484280964
3513009,2900,0.5696776553571163,0.49448275862068963,60.23,80.0,Cotia,SP,-3.262234464288362
4200101,250,0.664278873972627,0.588,69.69,80.0,Abelardo Luz,SC,-3.2621126027373037
2506301,422,0.4646084051607985,0.5924170616113744,49.72,80.0,Guarabira,PB,-3.2591594839201505
4108502,146,0.7606626743462139,0.5616438356164384,79.32,80.0,General Carneiro,PR,-3.2537325653785985
3145208,1397,0.5987933741849434,0.7265569076592698,63.13,80.0,Nova Serrana,MG,-3.250662581505665
2601052,221,0.5354118120043109,0.5384615384615384,56.79,80.0,Araçoiaba,PE,-3.248818799568909
3542404,170,0.7515735667443316,0.6058823529411764,78.4,80.0,Regente Feijó,SP,-3.2426433255668456
2611533,123,0.7675952292516118,0.8699186991869918,80.0,80.0,Quixaba,PE,-3.2404770748388216
3516408,1792,0.5714046535121171,0.4838169642857143,60.38,80.0,Franco da Rocha,SP,-3.2395346487882932
2605301,335,0.6104248784200921,0.5552238805970149,64.27,80.0,Exu,PE,-3.2275121579907875
1303908,777,0.4414446298963536,0.36936936936936937,47.36,80.0,São Paulo de Olivença,AM,-3.215537010364642
5200050,319,0.6317463870609135,0.64576802507837,66.39,80.0,Abadia de Goiás,GO,-3.215361293908657
1507409,103,0.471982158596565,0.3786407766990291,50.41,80.0,São Francisco do Pará,PA,-3.2117841403434966
3121258,110,0.5723949952433534,0.4727272727272727,60.45,80.0,Delta,MG,-3.2105004756646665
1302801,184,0.33323767815768046,0.5163043478260869,36.53,80.0,Maraã,AM,-3.2062321842319577
2406106,112,0.3949485084434299,0.4642857142857143,42.7,80.0,Jucurutu,RN,-3.2051491556570113
4103701,1120,0.7617267339106852,0.7705357142857143,79.37,80.0,Cambé,PR,-3.1973266089314762
5103379,142,0.6223580112727705,0.6267605633802817,65.41,80.0,Cotriguaçu,MT,-3.174198872722954
2702108,184,0.7683678276966359,0.7336956521739131,80.0,80.0,Colônia Leopoldina,AL,-3.1632172303364143
3162955,328,0.6494667973932702,0.7530487804878049,68.1,80.0,São José da Lapa,MG,-3.15332026067297
3104007,1076,0.6920479881181973,0.7592936802973977,72.32,80.0,Araxá,MG,-3.115201188180265
3106200,16012,0.6180157773350369,0.7053459905071197,64.91,80.0,Belo Horizonte,MG,-3.108422266496312
3300258,377,0.570174005930125,0.583554376657825,60.11,80.0,Arraial do Cabo,RJ,-3.092599406987496
3551009,3048,0.5185349874261003,0.4868766404199475,54.93,80.0,São Vicente,SP,-3.076501257389971
4317202,710,0.7169382602875927,0.5140845070422535,74.76,80.0,Santa Rosa,RS,-3.066173971240744
2200707,126,0.5432517463156175,0.5714285714285714,57.38,80.0,Anísio de Abreu,PI,-3.0548253684382587
4322806,206,0.749437959365177,0.5728155339805825,77.99,80.0,Veranópolis,RS,-3.0462040634822927
2107357,164,0.6156420292414579,0.6341463414634146,64.61,80.0,Nova Olinda do Maranhão,MA,-3.0457970758542032
2611309,133,0.5462631812503921,0.41353383458646614,57.66,80.0,Pombos,PE,-3.0336818749607914
2101251,194,0.5775911583959079,0.5412371134020618,60.79,80.0,Bacabeira,MA,-3.030884160409208
3107307,514,0.693135563343789,0.7821011673151751,72.34,80.0,Bocaiúva,MG,-3.026443665621102
1100106,488,0.5094033295010181,0.45286885245901637,53.95,80.0,Guajará-Mirim,RO,-3.009667049898198
3136702,3343,0.5231375569665624,0.5518994914747233,55.31,80.0,Juiz de Fora,MG,-2.996244303343765
4203808,571,0.7278909769280097,0.7810858143607706,75.78,80.0,Canoinhas,SC,-2.990902307199022
4310207,767,0.7457403892500638,0.5645371577574967,77.52,80.0,Ijuí,RS,-2.945961074993619
4208500,298,0.6631464603785655,0.7248322147651006,69.26,80.0,Ituporanga,SC,-2.9453539621434572
1101104,160,0.7706130103563996,0.7125,80.0,80.0,Itapuã do Oeste,RO,-2.938698964360043
2509305,178,0.77062018313213,0.5168539325842697,80.0,80.0,Mataraca,PB,-2.9379816867869977
3526001,191,0.74920931779147,0.806282722513089,77.85,80.0,Junqueirópolis,SP,-2.9290682208529972
3514502,110,0.7707282945106031,0.7727272727272727,80.0,80.0,Duartina,SP,-2.927170548939685
3302403,2721,0.6349495282572427,0.5938993017273061,66.41,80.0,Macaé,RJ,-2.9150471742757276
2406502,161,0.45727119529228666,0.36024844720496896,48.64,80.0,Lagoa Nova,RN,-2.9128804707713343
1200054,103,0.5219817421817972,0.5048543689320388,55.08,80.0,Assis Brasil,AC,-2.8818257818202824
3123908,135,0.7712192672310972,0.8888888888888888,80.0,80.0,Entre Rios de Minas,MG,-2.8780732768902766
5106109,119,0.6928792636922528,0.8067226890756303,72.16,80.0,Nossa Senhora do Livramento,MT,-2.8720736307747075
4125506,3798,0.6839002297809353,0.6463928383359663,71.26,80.0,São José dos Pinhais,PR,-2.8699770219064646
3202504,116,0.6874380466114454,0.8103448275862069,71.61,80.0,Ibiraçu,ES,-2.866195338855462
1100148,240,0.7353152548142127,0.7541666666666667,76.38,80.0,Nova Brasilândia D'Oeste,RO,-2.848474518578726
2612471,124,0.7392823056354851,0.8709677419354839,76.77,80.0,Santa Cruz da Baixa Verde,PE,-2.841769436451486
3161106,612,0.543120859416587,0.6209150326797386,57.15,80.0,São Francisco,MG,-2.8379140583412905
1507706,377,0.5561472618346781,0.47480106100795755,58.45,80.0,São Sebastião da Boa Vista,PA,-2.835273816532194
4101804,1943,0.699749469090123,0.6906845084920227,72.81,80.0,Araucária,PR,-2.8350530909876994
1504059,367,0.538023486626013,0.4713896457765668,56.63,80.0,Mãe do Rio,PA,-2.8276513373987058
1100056,244,0.6271329194599767,0.6680327868852459,65.53,80.0,Cerejeiras,RO,-2.8167080540023264
3133303,180,0.5677293701484962,0.5388888888888889,59.56,80.0,Itaobim,MG,-2.787062985150378
4314050,630,0.6229631892577123,0.37777777777777777,65.06,80.0,Parobé,RS,-2.7636810742287707
2612505,1020,0.5893132211383737,0.5568627450980392,61.69,80.0,Santa Cruz do Capibaribe,PE,-2.75867788616263
3114105,145,0.6144831094179302,0.7586206896551724,64.19,80.0,Carmo de Minas,MG,-2.7416890582069797
4312401,651,0.6771628951984281,0.4362519201228879,70.43,80.0,Montenegro,RS,-2.7137104801572036
5107941,176,0.5804805004107736,0.625,60.75,80.0,Tabaporã,MT,-2.70194995892264
4321808,211,0.7661386505640652,0.5213270142180095,79.31,80.0,Três de Maio,RS,-2.696134943593492
3550605,725,0.5868480983713906,0.5158620689655172,61.36,80.0,São Roque,SP,-2.675190162860936
4314100,1804,0.6285596433252607,0.3719512195121951,65.53,80.0,Passo Fundo,RS,-2.6740356674739303
3167202,1673,0.5954597847494858,0.7172743574417214,62.22,80.0,Sete Lagoas,MG,-2.6740215250514154
3517406,306,0.6039670834198594,0.5359477124183006,63.07,80.0,Guaíra,SP,-2.673291658014058
1504901,592,0.4708918971349112,0.33614864864864863,49.76,80.0,Muaná,PA,-2.6708102865088748
2804409,204,0.34092412450616605,0.30392156862745096,36.76,80.0,Neópolis,SE,-2.6675875493833914
5204409,149,0.7493787492351924,0.8456375838926175,77.6,80.0,Caiapônia,GO,-2.6621250764807485
4106308,229,0.7359944350760463,0.851528384279476,76.25,80.0,Corbélia,PR,-2.650556492395367
2614006,201,0.5967538084483466,0.6019900497512438,62.31,80.0,Serrita,PE,-2.634619155165346
5003488,204,0.48655827980154853,0.4019607843137255,51.28,80.0,Dois Irmãos do Buriti,MS,-2.6241720198451475
2616506,160,0.6565590239622816,0.8125,68.26,80.0,Xexéu,PE,-2.604097603771848
3504503,813,0.6224063350088592,0.5264452644526445,64.83,80.0,Avaré,SP,-2.589366499114078
2210003,251,0.5324152761705889,0.649402390438247,55.82,80.0,São João do Piauí,PI,-2.578472382941108
2927507,133,0.3401549961504894,0.3157894736842105,36.59,80.0,Santa Bárbara,BA,-2.5745003849510653
5107958,1185,0.5630680023095549,0.5924050632911393,58.88,80.0,Tangará da Serra,MT,-2.573199769044514
5103304,230,0.6246266579423185,0.4782608695652174,65.02,80.0,Comodoro,MT,-2.557334205768143
2403103,257,0.5098870407030514,0.46303501945525294,53.54,80.0,Currais Novos,RN,-2.5512959296948665
5104906,119,0.612234031089938,0.5462184873949579,63.76,80.0,Jangada,MT,-2.536596891006198
4109401,2301,0.7358328246464195,0.6705780095610604,76.11,80.0,Guarapuava,PR,-2.5267175353580456
3126109,469,0.6856728154505911,0.8571428571428571,71.09,80.0,Formiga,MG,-2.522718454940886
4123402,127,0.631004797608262,0.6535433070866141,65.62,80.0,Santa Fé,PR,-2.5195202391738007
2602506,105,0.715892956676349,0.7904761904761904,74.1,80.0,Brejinho,PE,-2.510704332365094
5200308,397,0.7488034737523639,0.7581863979848866,77.39,80.0,Alexânia,GO,-2.5096526247636177
2613602,298,0.6898012754894685,0.7348993288590604,71.48,80.0,São José do Egito,PE,-2.4998724510531645
4320107,214,0.7162627996337096,0.5,74.12,80.0,Sarandi,RS,-2.4937200366290426
3518503,151,0.6550662993575328,0.6821192052980133,68.0,80.0,Guareí,SP,-2.4933700642467187
3306008,636,0.5967008807964593,0.5172955974842768,62.15,80.0,Três Rios,RJ,-2.4799119203540627
3146305,190,0.5657587860030796,0.5736842105263158,59.05,80.0,Padre Paraíso,MG,-2.474121399692038
2500403,235,0.49407190861868555,0.8936170212765957,51.87,80.0,Alagoa Nova,PB,-2.4628091381314405
2930105,487,0.3304611329756406,0.2402464065708419,35.5,80.0,Senhor do Bonfim,BA,-2.4538867024359377
3533007,181,0.6484737796419096,0.5966850828729282,67.3,80.0,Nova Granada,SP,-2.4526220358090427
2507309,113,0.4623656128995073,0.5221238938053098,48.68,80.0,Jacaraú,PB,-2.4434387100492714
5206206,848,0.6931468433801169,0.6922169811320755,71.75,80.0,Cristalina,GO,-2.4353156619883123
1503705,486,0.5218962419922686,0.44650205761316875,54.62,80.0,Itupiranga,PA,-2.4303758007731417
3118007,551,0.6155259371679214,0.7422867513611615,63.94,80.0,Congonhas,MG,-2.3874062832078593
4309001,138,0.75021873154048,0.5217391304347826,77.4,80.0,Giruá,RS,-2.3781268459520106
3548500,2276,0.614235319759781,0.5281195079086116,63.79,80.0,Santos,SP,-2.3664680240219056
4320206,129,0.7763574269847396,0.6666666666666666,80.0,80.0,Seberi,RS,-2.364257301526038
3162401,177,0.6786220122600743,0.632768361581921,70.22,80.0,São João da Ponte,MG,-2.3577987739925703
4321667,114,0.7764851265316147,0.5350877192982456,80.0,80.0,Três Cachoeiras,RS,-2.3514873468385247
4303103,1166,0.6285024103714789,0.4090909090909091,65.2,80.0,Cachoeirinha,RS,-2.349758962852114
1302603,23125,0.5893284754217247,0.5196108108108108,61.28,80.0,Manaus,AM,-2.3471524578275265
3129806,1647,0.5852496401163823,0.6636308439587129,60.87,80.0,Ibirité,MG,-2.345035988361772
5102637,779,0.6564347637521639,0.6713735558408216,67.98,80.0,Campo Novo do Parecis,MT,-2.3365236247836094
3301157,163,0.44069501928908295,0.3619631901840491,46.4,80.0,Cardoso Moreira,RJ,-2.3304980710917036
2606606,269,0.5797212555462246,0.6319702602230484,60.3,80.0,Ibimirim,PE,-2.327874445377539
3514106,249,0.651268903897928,0.5742971887550201,67.45,80.0,Dois Córregos,SP,-2.3231096102071973
4106902,12923,0.7109255588683427,0.6617658438443086,73.41,80.0,Curitiba,PR,-2.3174441131657204
4321907,258,0.7769533261199028,0.5697674418604651,80.0,80.0,Três Passos,RS,-2.304667388009719
3133501,142,0.7242540132854272,0.8591549295774648,74.72,80.0,Itapecerica,MG,-2.2945986714572797
3525201,507,0.5665404781976107,0.4418145956607495,58.93,80.0,Jarinu,SP,-2.2759521802389315
2515500,100,0.6262271995001183,0.53,64.89,80.0,Serra Branca,PB,-2.267280049988173
3305208,1152,0.6172567104976692,0.5564236111111112,63.99,80.0,São Pedro da Aldeia,RJ,-2.264328950233086
3524600,129,0.6679240970817623,0.5503875968992248,69.05,80.0,Jacupiranga,SP,-2.2575902918237745
5203302,363,0.6505693756568838,0.6225895316804407,67.31,80.0,Bela Vista de Goiás,GO,-2.25306243431163
4107603,212,0.7776219464138611,0.7216981132075472,80.0,80.0,Faxinal,PR,-2.2378053586138975
4206900,203,0.6921763817984528,0.7241379310344828,71.45,80.0,Ibirama,SC,-2.232361820154722
2612208,723,0.7492001092304321,0.7524204702627939,77.15,80.0,Salgueiro,PE,-2.229989076956798
5207907,138,0.6874872213286018,0.6666666666666666,70.97,80.0,Flores de Goiás,GO,-2.2212778671398183
3130200,126,0.7017709977526587,0.7936507936507936,72.39,80.0,Igaratinga,MG,-2.2129002247341276
2102903,288,0.6135759200845627,0.6215277777777778,63.56,80.0,Carutapera,MA,-2.20240799154373
3538907,145,0.5995885226049003,0.4689655172413793,62.15,80.0,Pirajuí,SP,-2.1911477395099723
2708956,159,0.588796476679294,0.5723270440251572,61.07,80.0,Senador Rui Palmeira,AL,-2.1903523320705958
1100809,366,0.5687110624075551,0.5136612021857924,59.06,80.0,Candeias do Jamari,RO,-2.1888937592444933
3151008,101,0.7051270080412795,0.8514851485148515,72.7,80.0,Piranguinho,MG,-2.1872991958720576
4100301,140,0.74906328194775,0.8714285714285714,77.09,80.0,Agudos do Sul,PR,-2.1836718052250035
4322608,488,0.7649759138735358,0.610655737704918,78.68,80.0,Venâncio Aires,RS,-2.1824086126464266
3109006,394,0.7116356542958774,0.8756345177664975,73.32,80.0,Brumadinho,MG,-2.1564345704122587
3110509,289,0.6077984765018438,0.5951557093425606,62.93,80.0,Camanducaia,MG,-2.1501523498156203
4307708,636,0.6660073532736734,0.46540880503144655,68.74,80.0,Esteio,RS,-2.139264672632649
4218509,138,0.7394775619582967,0.7246376811594203,76.05,80.0,Treze Tílias,SC,-2.102243804170328
3301504,188,0.6388278243800856,0.648936170212766,65.98,80.0,Cordeiro,RJ,-2.0972175619914495
1100015,275,0.6741605689929737,0.68,69.51,80.0,Alta Floresta D'Oeste,RO,-2.0939431007026315
3105400,335,0.6360090123712789,0.6447761194029851,65.68,80.0,Barão de Cocais,MG,-2.079098762872114
3302908,223,0.6269725888582198,0.7040358744394619,64.77,80.0,Miguel Pereira,RJ,-2.072741114178015
2615508,123,0.6398108836212779,0.7317073170731707,66.05,80.0,Tracunhaém,PE,-2.068911637872205
3110608,252,0.6786712558564454,0.8214285714285714,69.92,80.0,Cambuí,MG,-2.0528744143554576
5105176,147,0.6426348674131328,0.7346938775510204,66.31,80.0,Juruena,MT,-2.0465132586867156
2610400,175,0.5680383904229263,0.5942857142857143,58.85,80.0,Parnamirim,PE,-2.0461609577073787
3131802,102,0.6761738571691307,0.8333333333333334,69.66,80.0,Itabirinha,MG,-2.0426142830869196
3100302,102,0.779596682776,0.8431372549019608,80.0,80.0,Abre Campo,MG,-2.0403317223999977
4110201,147,0.7340703451429791,0.7006802721088435,75.44,80.0,Inácio Martins,PR,-2.0329654857020927
5217401,257,0.6934225964499465,0.8054474708171206,71.37,80.0,Pires do Rio,GO,-2.027740355005349
4322202,177,0.723949326197077,0.4350282485875706,74.42,80.0,Tupanciretã,RS,-2.025067380292299
4202206,121,0.6541302376268949,0.7024793388429752,67.43,80.0,Benedito Novo,SC,-2.016976237310516
2307304,2361,0.6485757221689229,0.5959339263024143,66.87,80.0,Juazeiro do Norte,CE,-2.012427783107711
2805703,197,0.3319231541863451,0.3553299492385787,35.2,80.0,Propriá,SE,-2.0076845813654955
3523206,486,0.6176449663027144,0.5329218106995884,63.77,80.0,Itararé,SP,-2.005503369728565
4320008,1389,0.6392981302871121,0.48020158387329015,65.93,80.0,Sapucaia do Sul,RS,-2.000186971288791
2610004,323,0.5286453202529136,0.6439628482972136,54.86,80.0,Palmares,PE,-1.995467974708646
4306809,188,0.7800827479063651,0.5797872340425532,80.0,80.0,Encantado,RS,-1.9917252093634943
3202405,1503,0.723616610534477,0.7651363938789089,74.35,80.0,Guarapari,ES,-1.9883389465522896
5005707,801,0.6469230343462516,0.6017478152309613,66.68,80.0,Naviraí,MS,-1.987696565374847
3303609,367,0.6737867117566407,0.7002724795640327,69.35,80.0,Paracambi,RJ,-1.9713288243359273
3132909,104,0.6528238265589048,0.7980769230769231,67.25,80.0,Itamogi,MG,-1.967617344109513
3201100,108,0.692874135015171,0.6666666666666666,71.23,80.0,Bom Jesus do Norte,ES,-1.9425864984828962
4219507,454,0.689384258623011,0.7070484581497798,70.88,80.0,Xanxerê,SC,-1.9415741376988933
4210605,218,0.7186052544656927,0.7660550458715596,73.79,80.0,Massaranduba,SC,-1.9294745534307367
3553955,192,0.7807775601903597,0.9166666666666666,80.0,80.0,Tarumã,SP,-1.9222439809640264
3202306,344,0.7393577023390853,0.7674418604651163,75.85,80.0,Guaçuí,ES,-1.9142297660914664
2108009,229,0.7402746698549755,0.6419213973799127,75.94,80.0,Pastos Bons,MA,-1.9125330145024435
3548005,213,0.607788970472248,0.6150234741784038,62.69,80.0,Santo Antônio de Posse,SP,-1.9111029527751953
4207502,884,0.6139041979569393,0.669683257918552,63.3,80.0,Indaial,SC,-1.9095802043060672
1701002,145,0.5070856965725925,0.46206896551724136,52.61,80.0,Ananás,TO,-1.9014303427407526
3170404,764,0.6223361586791806,0.675392670157068,64.12,80.0,Unaí,MG,-1.8863841320819503
4313201,245,0.7811633021456617,0.563265306122449,80.0,80.0,Nova Petrópolis,RS,-1.8836697854338382
4209003,185,0.6406529176653322,0.7405405405405405,65.94,80.0,Joaçaba,SC,-1.8747082334667766
4321600,598,0.6088959209256708,0.41638795986622074,62.76,80.0,Tramandaí,RS,-1.87040790743292
3526407,271,0.6077925979408405,0.5977859778597786,62.64,80.0,Laranjal Paulista,SP,-1.8607402059159526
1300409,226,0.5696245348121669,0.4778761061946903,58.82,80.0,Barcelos,AM,-1.857546518783309
3149309,602,0.6400587383610564,0.7591362126245847,65.85,80.0,Pedro Leopoldo,MG,-1.8441261638943587
3525300,1024,0.6450832850842411,0.55078125,66.35,80.0,Jaú,SP,-1.8416714915758945
2112852,167,0.7815943628178654,0.7425149700598802,80.0,80.0,Vila Nova dos Martírios,MA,-1.8405637182134598
5210000,506,0.7816466730622593,0.8754940711462451,80.0,80.0,Inhumas,GO,-1.8353326937740633
3536208,173,0.6762302921337411,0.6127167630057804,69.45,80.0,Pariquera-Açu,SP,-1.8269707866258926
3526803,607,0.655555074676657,0.6359143327841845,67.37,80.0,Lençóis Paulista,SP,-1.814492532334313
2511400,191,0.5968088530219948,0.42408376963350786,61.49,80.0,Picuí,PB,-1.809114697800517
5102702,303,0.45000987080183985,0.42244224422442245,46.81,80.0,Canarana,MT,-1.8090129198160199
3515707,1961,0.5983195084533746,0.6522182559918409,61.63,80.0,Ferraz de Vasconcelos,SP,-1.798049154662543
4302402,131,0.7693584217864966,0.648854961832061,78.72,80.0,Bom Retiro do Sul,RS,-1.784157821350334
3144706,177,0.6496261571450885,0.7231638418079096,66.71,80.0,Nova Era,MG,-1.7473842854911368
1507979,313,0.7186351337946542,0.6613418530351438,73.61,80.0,Terra Santa,PA,-1.7464866205345828
3133758,124,0.7431507663198039,0.8951612903225806,76.05,80.0,Itaú de Minas,MG,-1.734923368019608
4111803,341,0.6152755106556854,0.4838709677419355,63.25,80.0,Jacarezinho,PR,-1.7224489344314549
4319901,826,0.7327000868366588,0.4467312348668281,74.99,80.0,Sapiranga,RS,-1.7199913163341165
5211909,1148,0.6744140341713498,0.7012195121951219,69.15,80.0,Jataí,GO,-1.7085965828650274
1302702,557,0.5927283283948139,0.6193895870736086,60.98,80.0,Manicoré,AM,-1.7071671605186012
3145901,387,0.683492631733619,0.813953488372093,70.05,80.0,Ouro Branco,MG,-1.7007368266381064
1302504,1280,0.5387589022932385,0.403125,55.57,80.0,Manacapuru,AM,-1.6941097706761497
3517505,186,0.6240021609407083,0.7150537634408602,64.05,80.0,Guapiaçu,SP,-1.6497839059291692
5213806,461,0.6636062049598848,0.6594360086767896,68.01,80.0,Morrinhos,GO,-1.6493795040115344
2615706,134,0.7837514280477786,0.8059701492537313,80.0,80.0,Triunfo,PE,-1.624857195222134
3518602,380,0.713151784616175,0.7868421052631579,72.94,80.0,Guariba,SP,-1.6248215383824913
2111201,1923,0.6638723369949988,0.5730629225169007,68.0,80.0,São José de Ribamar,MA,-1.6127663005001125
3302106,188,0.6839799587143547,0.6914893617021277,70.01,80.0,Itaocara,RJ,-1.6120041285645357
5215702,356,0.7016980124401035,0.8061797752808989,71.78,80.0,Palmeiras de Goiás,GO,-1.610198755989643
2303709,3784,0.6954991809173052,0.6847251585623678,71.16,80.0,Caucaia,CE,-1.6100819082694784
2701704,201,0.5197770541388496,0.42786069651741293,53.57,80.0,Capela,AL,-1.5922945861150453
1303569,356,0.4750750358043123,0.46629213483146065,49.09,80.0,Rio Preto da Eva,AM,-1.5824964195687699
5101902,217,0.5951196971094423,0.6912442396313364,61.09,80.0,Brasnorte,MT,-1.5780302890557678
1303536,450,0.4661716048567226,0.3377777777777778,48.19,80.0,Presidente Figueiredo,AM,-1.5728395143277396
4112009,440,0.784370504114914,0.7931818181818182,80.0,80.0,Jaguariaíva,PR,-1.5629495885086016
3202207,191,0.6582636591669402,0.6282722513089005,67.38,80.0,Fundão,ES,-1.5536340833059796
3135506,122,0.6327402786204989,0.8524590163934426,64.81,80.0,Jequeri,MG,-1.535972137950118
1100288,673,0.7080748481387622,0.7444279346210996,72.34,80.0,Rolim de Moura,RO,-1.5325151861237885
5201108,3479,0.7308513673532897,0.7323943661971831,74.61,80.0,Anápolis,GO,-1.5248632646710263
3200607,1243,0.7222950561280006,0.7433628318584071,73.75,80.0,Aracruz,ES,-1.5204943871999461
3505708,4295,0.6683777097162564,0.6828870779976717,68.35,80.0,Barueri,SP,-1.5122290283743496
3161007,121,0.709905540911468,0.8429752066115702,72.5,80.0,São Domingos do Prata,MG,-1.509445908853209
3201506,1112,0.7416572262924577,0.783273381294964,75.66,80.0,Colatina,ES,-1.494277370754233
5007695,479,0.5986726719008457,0.6200417536534447,61.36,80.0,São Gabriel do Oeste,MS,-1.4927328099154238
4123709,107,0.7850827924380335,0.7476635514018691,80.0,80.0,Santa Isabel do Ivaí,PR,-1.4917207561966563
4321709,239,0.6201268199202294,0.4225941422594142,63.49,80.0,Três Coroas,RS,-1.477318007977054
5209903,122,0.6769476772658487,0.6557377049180327,69.15,80.0,Iaciara,GO,-1.4552322734151346
3530300,489,0.7008297093803757,0.6134969325153374,71.53,80.0,Mirassol,SP,-1.447029061962425
2202000,298,0.5234574410593079,0.6174496644295302,53.76,80.0,Buriti dos Lopes,PI,-1.414255894069207
4318002,492,0.6865846792723758,0.4715447154471545,70.07,80.0,São Borja,RS,-1.4115320727624123
5215009,118,0.7858895865564957,0.7627118644067796,80.0,80.0,Nova Veneza,GO,-1.411041344350437
3111606,204,0.687716463240901,0.75,70.18,80.0,Campos Gerais,MG,-1.4083536759099076
2602209,297,0.6571970606902254,0.6936026936026936,67.12,80.0,Bom Jardim,PE,-1.4002939309774547
4218301,234,0.5824043668587227,0.5170940170940171,59.64,80.0,Três Barras,SC,-1.3995633141277324
3169307,580,0.588585751798778,0.7017241379310345,60.25,80.0,Três Corações,MG,-1.3914248201221966
2901304,136,0.5476038831896379,0.47794117647058826,56.14,80.0,Andaraí,BA,-1.3796116810362093
2608909,377,0.7326411854982399,0.6710875331564987,74.63,80.0,Limoeiro,PE,-1.3658814501760048
3118304,1226,0.6844356757270795,0.835236541598695,69.8,80.0,Conselheiro Lafaiete,MG,-1.3564324272920487
5205471,208,0.7865385461485168,0.8701923076923077,80.0,80.0,Chapadão do Céu,GO,-1.3461453851483185
4302303,128,0.7352502288312668,0.4140625,74.87,80.0,Bom Jesus,RS,-1.3449771168733236
3541000,3854,0.589430012507828,0.5111572392319668,60.28,80.0,Praia Grande,SP,-1.3369987492172015
5108600,275,0.5698653276574872,0.5527272727272727,58.32,80.0,Vila Rica,MT,-1.3334672342512803
2202703,318,0.7394492589309247,0.839622641509434,75.26,80.0,Cocal,PI,-1.315074106907531
3132305,125,0.6352456628679679,0.608,64.83,80.0,Itaipé,MG,-1.3054337132032074
3303203,851,0.5454831381364533,0.4735605170387779,55.83,80.0,Nilópolis,RJ,-1.281686186354662
4307609,546,0.7002240400448925,0.4358974358974359,71.3,80.0,Estância Velha,RS,-1.277595995510751
3152105,433,0.6031386705410838,0.7875288683602771,61.58,80.0,Ponte Nova,MG,-1.2661329458916128
3300209,1329,0.5909866804547294,0.5598194130925508,60.36,80.0,Araruama,RJ,-1.2613319545270656
2513406,149,0.617917727780363,0.5436241610738255,63.05,80.0,Santa Luzia,PB,-1.2582272219636934
3205002,6396,0.6462224339928825,0.6072545340838024,65.88,80.0,Serra,ES,-1.257756600711744
5214002,213,0.5934256365638106,0.6666666666666666,60.6,80.0,Mozarlândia,GO,-1.2574363436189344
2111748,101,0.7875418041000023,0.9603960396039604,80.0,80.0,Senador Alexandre Costa,MA,-1.245819589999769
3131901,679,0.6526664832114026,0.8041237113402062,66.49,80.0,Itabirito,MG,-1.2233516788597285
1302405,467,0.681688297636416,0.683083511777302,69.37,80.0,Lábrea,AM,-1.2011702363584078
3116159,208,0.5802032495952388,0.6923076923076923,59.2,80.0,Chapada Gaúcha,MG,-1.1796750404761198
1505700,296,0.5051059621606622,0.5844594594594594,51.69,80.0,Ponta de Pedras,PA,-1.179403783933779
2606408,447,0.5315727742695191,0.42953020134228187,54.32,80.0,Gravatá,PE,-1.162722573048093
5005400,648,0.5196032372772337,0.4722222222222222,53.12,80.0,Maracaju,MS,-1.1596762722766272
3168002,380,0.7151270780527029,0.8578947368421053,72.65,80.0,Taiobeiras,MG,-1.13729219472971
5213087,275,0.7582489942463064,0.8145454545454546,76.96,80.0,Minaçu,GO,-1.13510057536935
3509601,846,0.5853698765935496,0.4905437352245863,59.67,80.0,Campo Limpo Paulista,SP,-1.1330123406450454
5211503,1120,0.7186190814349493,0.7392857142857143,72.98,80.0,Itumbiara,GO,-1.1180918565050746
3131307,1931,0.6846469710205281,0.7622993267736924,69.58,80.0,Ipatinga,MG,-1.1153028979471884
3142007,120,0.6470637005869362,0.5416666666666666,65.82,80.0,Mirabela,MG,-1.113629941306371
3135050,536,0.5360789291539814,0.6007462686567164,54.72,80.0,Jaíba,MG,-1.1121070846018597
4217600,123,0.6649835976202929,0.5691056910569106,67.61,80.0,Siderópolis,SC,-1.111640237970704
4204608,2022,0.6477703993658133,0.6043521266073195,65.88,80.0,Criciúma,SC,-1.1029600634186636
4116901,230,0.7482530876525533,0.7478260869565218,75.92,80.0,Nova Esperança,PR,-1.0946912347446727
3137205,506,0.7379093901001659,0.8241106719367589,74.86,80.0,Lagoa da Prata,MG,-1.069060989983413
3103504,1032,0.5727745142662806,0.6579457364341085,58.34,80.0,Araguari,MG,-1.0625485733719486
3201209,1808,0.6895932205096018,0.7206858407079646,70.01,80.0,Cachoeiro de Itapemirim,ES,-1.050677949039823
1100023,1066,0.66975788428985,0.6585365853658537,68.02,80.0,Ariquemes,RO,-1.0442115710149977
4108403,1041,0.7872627237093863,0.7617675312199808,79.76,80.0,Francisco Beltrão,PR,-1.0337276290613744
3556305,269,0.6840068616059922,0.7063197026022305,69.43,80.0,Valparaíso,SP,-1.0293138394007855
2609501,221,0.6196682555070966,0.5701357466063348,62.99,80.0,Nazaré da Mata,PE,-1.0231744492903445
4211603,152,0.7181703181946476,0.743421052631579,72.84,80.0,Nova Veneza,SC,-1.0229681805352442
3524303,449,0.6081716793627892,0.5835189309576837,61.83,80.0,Jaboticabal,SP,-1.0128320637210848
3300225,138,0.6711180641991963,0.6304347826086957,68.12,80.0,Areal,RJ,-1.0081935800803734
2610806,174,0.5675158400897911,0.5459770114942529,57.72,80.0,Pedra,PE,-0.9684159910208905
5106778,158,0.44736795716592304,0.5253164556962026,45.7,80.0,Porto Alegre do Norte,MT,-0.9632042834076984
2205409,187,0.625679627912464,0.8128342245989305,63.53,80.0,Joaquim Pires,PI,-0.9620372087535998
3106309,250,0.6361458828896468,0.66,64.57,80.0,Belo Oriente,MG,-0.9554117110353104
4313656,151,0.611981343865925,0.4966887417218543,62.15,80.0,Palmares do Sul,RS,-0.9518656134075059
3169000,152,0.6447136192674233,0.7105263157894737,65.42,80.0,Tocantins,MG,-0.9486380732576691
4317806,147,0.7744558972873773,0.6462585034013606,78.38,80.0,Santo Augusto,RS,-0.9344102712622657
3140852,112,0.5001306902017779,0.3125,50.92,80.0,Matias Cardoso,MG,-0.9069309798222065
1600709,284,0.45593519866263554,0.9049295774647887,46.5,80.0,Tartarugalzinho,AP,-0.9064801337364443
3549953,137,0.6651377671848718,0.583941605839416,67.42,80.0,São Lourenço da Serra,SP,-0.9062232815128226
3144805,855,0.634497257129752,0.7976608187134503,64.35,80.0,Nova Lima,MG,-0.9002742870247928
4119905,3191,0.7615016574356382,0.7599498589783766,77.05,80.0,Ponta Grossa,PR,-0.8998342564361792
3144300,310,0.6022145550933056,0.6,61.12,80.0,Nanuque,MG,-0.898544490669444
4318507,243,0.6153245043795299,0.43209876543209874,62.43,80.0,São José do Norte,RS,-0.8975495620470113
2107209,128,0.6097766854739666,0.46875,61.87,80.0,Nina Rodrigues,MA,-0.8923314526033366
3203130,125,0.7347975478944653,0.776,74.37,80.0,João Neiva,ES,-0.8902452105534735
1502400,1890,0.401749294130471,0.33544973544973544,41.06,80.0,Castanhal,PA,-0.8850705869528994
5000203,371,0.7237723758164325,0.7789757412398922,73.26,80.0,Água Clara,MS,-0.8827624183567622
4123857,134,0.765024667812747,0.7089552238805971,77.37,80.0,Santa Maria do Oeste,PR,-0.8675332187252991
3301207,140,0.5442282628892687,0.6857142857142857,55.29,80.0,Carmo,RJ,-0.8671737110731286
4103503,143,0.7913413231420451,0.6923076923076923,80.0,80.0,Califórnia,PR,-0.865867685795493
4313300,246,0.7826433213202362,0.6016260162601627,79.13,80.0,Nova Prata,RS,-0.8656678679763843
2905008,196,0.6015499302703979,0.47959183673469385,61.02,80.0,Caculé,BA,-0.8650069729602095
1507102,140,0.4669817781928941,0.6928571428571428,47.56,80.0,São Caetano de Odivelas,PA,-0.8618221807105897
1507003,331,0.40204397814803217,0.31722054380664655,41.06,80.0,Santo Antônio do Tauá,PA,-0.855602185196787
1507474,222,0.4381581790929504,0.40540540540540543,44.66,80.0,São João de Pirabas,PA,-0.8441820907049546
3155603,268,0.7454969775032099,0.8694029850746269,75.39,80.0,Rio Pardo de Minas,MG,-0.8403022496790129
1500958,216,0.4719470170593295,0.5555555555555556,48.03,80.0,Aurora do Pará,PA,-0.8352982940670515
2924306,150,0.5343501459528187,0.4533333333333333,54.27,80.0,Piatã,BA,-0.8349854047181324
4120606,486,0.7916618429740621,0.8251028806584362,80.0,80.0,Prudentópolis,PR,-0.833815702593796
1705508,442,0.5964331917189083,0.5588235294117647,60.47,80.0,Colinas do Tocantins,TO,-0.8266808281091684
3107901,145,0.6339526775774207,0.6827586206896552,64.21,80.0,Bom Repouso,MG,-0.8147322422579251
3135100,742,0.5872412515994578,0.6778975741239892,59.53,80.0,Janaúba,MG,-0.8058748400542157
2700201,151,0.6132014163292911,0.4503311258278146,62.12,80.0,Anadia,AL,-0.7998583670708825
1303809,689,0.4922275454669208,0.41509433962264153,50.01,80.0,São Gabriel da Cachoeira,AM,-0.7872454533079178
4216503,285,0.47633667674292235,0.43859649122807015,48.42,80.0,São Joaquim,SC,-0.7863323257077681
3203205,2058,0.6847157899701906,0.6783284742468416,69.25,80.0,Linhares,ES,-0.7784210029809486
3104908,120,0.7255617872122218,0.7833333333333333,73.33,80.0,Baependi,MG,-0.7738212787778167
3170107,2858,0.5605960784827545,0.6154653603918825,56.83,80.0,Uberaba,MG,-0.7703921517245504
5210109,266,0.6845288898532631,0.7406015037593985,69.21,80.0,Ipameri,GO,-0.7571110146736828
2109502,283,0.5652686382527585,0.5335689045936396,57.28,80.0,Riachão,MA,-0.7531361747241476
3116605,294,0.6645144422073912,0.8299319727891157,67.2,80.0,Cláudio,MG,-0.748555779260883
3154002,168,0.7042564402816696,0.8392857142857143,71.17,80.0,Raul Soares,MG,-0.7443559718330448
4211751,252,0.6246661681642616,0.6706349206349206,63.21,80.0,Otacílio Costa,SC,-0.7433831835738474
3149804,229,0.7099219733096301,0.834061135371179,71.73,80.0,Perdizes,MG,-0.737802669036995
3300407,1314,0.6524128777928073,0.6423135464231354,65.96,80.0,Barra Mansa,RJ,-0.7187122207192687
4122404,864,0.747076418591512,0.7199074074074074,75.42,80.0,Rolândia,PR,-0.7123581408488064
3552403,2702,0.6104810646161749,0.5810510732790526,61.76,80.0,Sumaré,SP,-0.7118935383825047
4101200,198,0.6997025664877168,0.6414141414141414,70.68,80.0,Antonina,PR,-0.709743351228326
2105500,245,0.4817362002519662,0.563265306122449,48.88,80.0,João Lisboa,MA,-0.706379974803383
3113206,209,0.7363956520716983,0.8229665071770335,74.34,80.0,Carandaí,MG,-0.7004347928301655
4317608,298,0.7741421768095049,0.5805369127516778,78.11,80.0,Santo Antônio da Patrulha,RS,-0.6957823190495134
1100403,171,0.6682172942060047,0.6023391812865497,67.51,80.0,Alto Paraíso,RO,-0.6882705793995285
3202009,103,0.7932029031861421,0.8155339805825242,80.0,80.0,Dores do Rio Preto,ES,-0.6797096813857877
3152501,1194,0.6510290853140329,0.6892797319932998,65.78,80.0,Pouso Alegre,MG,-0.6770914685967142
4319000,152,0.7933410626814565,0.4473684210526316,80.0,80.0,São Marcos,RS,-0.6658937318543394
2110906,134,0.5999411363490801,0.835820895522388,60.66,80.0,São Francisco do Maranhão,MA,-0.6658863650919855
3169901,809,0.6882573238058445,0.7861557478368356,69.49,80.0,Ubá,MG,-0.6642676194155541
3553302,189,0.5756120603469626,0.6031746031746031,58.21,80.0,Tambaú,SP,-0.6487939653037458
2100873,145,0.7936222820284456,0.9172413793103448,80.0,80.0,Araguanã,MA,-0.6377717971554375
3535606,183,0.6819253585707186,0.5846994535519126,68.82,80.0,Paraibuna,SP,-0.6274641429281331
4306601,312,0.6418268588949219,0.4807692307692308,64.81,80.0,Dom Pedrito,RS,-0.627314110507811
2112902,249,0.5844449096968509,0.606425702811245,59.07,80.0,Vitória do Mearim,MA,-0.6255090303149089
4104808,3374,0.793777874163598,0.7445168938944873,80.0,80.0,Cascavel,PR,-0.6222125836401915
3501905,481,0.6080490169147775,0.6257796257796258,61.42,80.0,Amparo,SP,-0.6150983085222492
5106265,106,0.6164560064061071,0.6698113207547169,62.24,80.0,Novo Mundo,MT,-0.5943993593892927
1501402,8616,0.5795746008232316,0.5224001857010213,58.55,80.0,Belém,PA,-0.5925399176768309
3205309,2698,0.6980067324575745,0.7338769458858414,70.39,80.0,Vitória,ES,-0.5893267542425491
2100600,309,0.5614635613413816,0.42071197411003236,56.73,80.0,Amarante do Maranhão,MA,-0.5836438658618306
4204806,412,0.5820834280215859,0.5679611650485437,58.78,80.0,Curitibanos,SC,-0.571657197841418
2516102,111,0.470995562134917,0.46846846846846846,47.67,80.0,Soledade,PB,-0.5704437865082994
3556404,370,0.7221575104266014,0.6189189189189189,72.78,80.0,Vargem Grande do Sul,SP,-0.5642489573398706
5104526,149,0.671460668263732,0.5973154362416108,67.71,80.0,Ipiranga do Norte,MT,-0.5639331736267934
1502772,271,0.5975070408477189,0.7343173431734318,60.3,80.0,Curionópolis,PA,-0.5492959152281074
5220603,200,0.7945874853269219,0.91,80.0,80.0,Silvânia,GO,-0.5412514673078022
4128500,208,0.7946172679734458,0.7403846153846154,80.0,80.0,Wenceslau Braz,PR,-0.538273202655418
5107859,136,0.4819856453328494,0.3235294117647059,48.72,80.0,São Félix do Araguaia,MT,-0.5214354667150616
2503209,565,0.5851366558605049,0.5752212389380531,59.03,80.0,Cabedelo,PB,-0.5163344139495081
3109303,305,0.6073070001502947,0.6327868852459017,61.24,80.0,Buritis,MG,-0.5092999849705322
2201150,201,0.583108825983317,0.8159203980099502,58.82,80.0,Baixa Grande do Ribeiro,PI,-0.5091174016682984
3516309,2160,0.5970524467501082,0.5097222222222222,60.21,80.0,Francisco Morato,SP,-0.5047553249891834
2107605,119,0.5368013014767818,0.7058823529411765,54.18,80.0,Palmeirândia,MA,-0.49986985232181524
1301209,932,0.5124430131758709,0.40772532188841204,51.74,80.0,Coari,AM,-0.4956986824129075
4127700,1590,0.7920708001218785,0.8188679245283019,79.7,80.0,Toledo,PR,-0.49291998781215796
3520103,209,0.5728124455110989,0.5598086124401914,57.77,80.0,Igarapava,SP,-0.48875544889011735
2408904,210,0.5460702434170459,0.638095238095238,55.09,80.0,Parelhas,RN,-0.4829756582954161
1100379,186,0.7233560088368389,0.7956989247311828,72.81,80.0,Alto Alegre dos Parecis,RO,-0.474399116316107
3203320,568,0.7487175147797269,0.6971830985915493,75.34,80.0,Marataízes,ES,-0.4682485220273094
3500709,330,0.6420346781089912,0.6515151515151515,64.66,80.0,Agudos,SP,-0.45653218910088356
4302709,186,0.6017749296025074,0.5,60.63,80.0,Butiá,RS,-0.452507039749257
2103406,430,0.6640326324813646,0.7604651162790698,66.85,80.0,Coelho Neto,MA,-0.4467367518635399
3146008,230,0.6859407581867003,0.8565217391304348,69.04,80.0,Ouro Fino,MG,-0.44592418132997125
3141108,382,0.5758650082650127,0.6308900523560209,58.03,80.0,Matozinhos,MG,-0.44349917349872925
4204400,102,0.7558020996866447,0.8627450980392157,76.02,80.0,Coronel Freitas,SC,-0.4397900313355336
4313060,244,0.7409496139047083,0.45491803278688525,74.53,80.0,Nova Hartz,RS,-0.4350386095291725
4118907,135,0.7844434258040847,0.6222222222222222,78.87,80.0,Pérola,PR,-0.4256574195915448
4207908,129,0.7394737627489918,0.7984496124031008,74.35,80.0,Irineópolis,SC,-0.4026237251008098
3163706,367,0.6883394749764389,0.8528610354223434,69.23,80.0,São Lourenço,MG,-0.3960525023561132
4107504,121,0.796191229441122,0.8264462809917356,80.0,80.0,Engenheiro Beltrão,PR,-0.38087705588780807
3200409,385,0.7962649726671802,0.8831168831168831,80.0,80.0,Anchieta,ES,-0.37350273328198114
4304507,338,0.7941837439211572,0.5680473372781065,79.79,80.0,Canguçu,RS,-0.3716256078842832
3555109,122,0.7965654165615594,0.9344262295081968,80.0,80.0,Tupi Paulista,SP,-0.3434583438440626
2107407,141,0.621319210567111,0.5886524822695035,62.45,80.0,Olho d'Água das Cunhãs,MA,-0.31807894328889574
2707800,101,0.6907418195984045,0.46534653465346537,69.39,80.0,Roteiro,AL,-0.3158180401595416
5002902,230,0.5063524831672459,0.5478260869565217,50.95,80.0,Cassilândia,MS,-0.3147516832754107
4108601,262,0.7314975746514342,0.6412213740458015,73.46,80.0,Goioerê,PR,-0.3102425348565703
4214201,118,0.7091366349025644,0.6949152542372882,71.22,80.0,Quilombo,SC,-0.3063365097435593
5213103,919,0.7970933812680931,0.8411316648531012,80.0,80.0,Mineiros,GO,-0.29066187319068604
2112407,294,0.527209209896383,0.6496598639455783,53.01,80.0,Turiaçu,MA,-0.2890790103616965
3519402,117,0.7362476407741845,0.6239316239316239,73.91,80.0,Ibirá,SP,-0.28523592258154906
4213401,164,0.6159617417622086,0.5487804878048781,61.87,80.0,Ponte Serrada,SC,-0.2738258237791342
1100502,102,0.7456260791363929,0.7058823529411765,74.83,80.0,Novo Horizonte do Oeste,RO,-0.2673920863607151
3162104,528,0.6159218883122622,0.7537878787878788,61.85,80.0,São Gotardo,MG,-0.2578111687737774
2613909,815,0.7703457950770304,0.7803680981595092,77.29,80.0,Serra Talhada,PE,-0.2554204922969632
3202603,134,0.7719112009171063,0.7611940298507462,77.43,80.0,Iconha,ES,-0.23887990828937689
1506609,237,0.46948728812162355,0.4008438818565401,47.15,80.0,Santa Maria do Pará,PA,-0.20127118783764075
3554102,2159,0.5564921005453536,0.540064844835572,55.84,80.0,Taubaté,SP,-0.190789945464644
5201702,223,0.6867044108658651,0.7219730941704036,68.86,80.0,Aragarças,GO,-0.1895589134134923
4309308,947,0.5939673550298317,0.3262935586061246,59.58,80.0,Guaíba,RS,-0.1832644970168289
1300508,410,0.44364956078764894,0.25121951219512195,44.54,80.0,Barreirinha,AM,-0.17504392123510826
3131158,190,0.6828707608434099,0.7947368421052632,68.46,80.0,Ipaba,MG,-0.17292391565899834
4113700,4774,0.7557276277503733,0.7356514453288647,75.74,80.0,Londrina,PR,-0.1672372249626619
1101609,114,0.6008395511537956,0.7894736842105263,60.25,80.0,Theobroma,RO,-0.16604488462044031
5103858,100,0.5614543648227277,0.6,56.31,80.0,Gaúcha do Norte,MT,-0.1645635177272311
3153608,121,0.6160632867467122,0.6363636363636364,61.77,80.0,Prudente de Morais,MG,-0.16367132532878514
4204509,189,0.6711339541771022,0.8042328042328042,67.27,80.0,Corupá,SC,-0.15660458228977348
5100409,172,0.5305571641460574,0.5290697674418605,53.21,80.0,Alto Garças,MT,-0.15428358539426767
1100130,405,0.6057884340445232,0.654320987654321,60.73,80.0,Machadinho D'Oeste,RO,-0.15115659554767547
3507803,239,0.6212221703102472,0.5397489539748954,62.27,80.0,Brodowski,SP,-0.1477829689752852
3148103,990,0.6757369980205442,0.7212121212121212,67.71,80.0,Patrocínio,MG,-0.13630019794557313
4103909,227,0.7987659398160654,0.7797356828193832,80.0,80.0,Campina da Lagoa,PR,-0.12340601839346732
2503704,484,0.608020357031038,0.5475206611570248,60.92,80.0,Cajazeiras,PB,-0.11796429689620425
3151602,142,0.5682458934186543,0.6619718309859155,56.93,80.0,Planura,MG,-0.10541065813457351
2101004,319,0.7135537358618254,0.7241379310344828,71.46,80.0,Arari,MA,-0.10462641381745641
4119152,1315,0.6822393407140981,0.5733840304182509,68.31,80.0,Pinhais,PR,-0.08606592859018747
2608008,131,0.6098558087963012,0.35877862595419846,61.07,80.0,Jataúba,PE,-0.08441912036987986
4301008,165,0.7992179189698959,0.6303030303030303,80.0,80.0,Arroio do Meio,RS,-0.07820810301041092
1500347,185,0.4279779914039282,0.4864864864864865,42.87,80.0,Água Azul do Norte,PA,-0.07220085960717171
4320404,144,0.7994182357214301,0.5416666666666666,80.0,80.0,Serafina Corrêa,RS,-0.05817642785699206
4110102,468,0.7994301092596144,0.782051282051282,80.0,80.0,Imbituva,PR,-0.05698907403855458
2614600,298,0.7504703035001079,0.6912751677852349,75.1,80.0,Tabira,PE,-0.05296964998920828
3301306,500,0.6307200923281133,0.588,63.12,80.0,Casimiro de Abreu,RJ,-0.04799076718866502
3541604,273,0.7133894829467304,0.7326007326007326,71.38,80.0,Promissão,SP,-0.04105170532695013
3510401,568,0.6942798604673067,0.6654929577464789,69.46,80.0,Capivari,SP,-0.032013953269327544
2100907,239,0.6395851562472861,0.4309623430962343,63.99,80.0,Araioses,MA,-0.031484375271396914
3201902,382,0.7996951585265364,0.8219895287958116,80.0,80.0,Domingos Martins,ES,-0.03048414734635685
3556008,114,0.7996987296582826,0.6578947368421053,80.0,80.0,Urupês,SP,-0.03012703417174123
1300680,178,0.41445201290875366,0.38202247191011235,41.46,80.0,Boa Vista do Ramos,AM,-0.014798709124633547
4302352,171,0.7561606034396877,0.5029239766081871,75.63,80.0,Bom Princípio,RS,-0.013939656031226377
