id_municipio,alunos,soma_rw,soma_w,taxa_real_2024,risco_previsto,nome,sigla_uf
2907202,430,337.40261348221804,430.0,0.20930232558139536,0.784657240656321,Casa Nova,BA
1703842,148,126.66237983455291,167.16,0.38513513513513514,0.7577313940808382,Campos Lindos,TO
2805406,345,298.0990079395324,395.97,0.26666666666666666,0.7528323053249801,Poço Redondo,SE
2919603,146,109.0932535194105,146.0,0.3013698630136986,0.7472140652014417,Macajuba,BA
2803609,219,181.37637344183918,244.06,0.2648401826484018,0.7431630477826731,Laranjeiras,SE
2924405,391,289.9800542886845,391.0,0.22506393861892582,0.7416369674902418,Pilão Arcado,BA
2803401,137,102.00161509504301,138.1,0.39416058394160586,0.7386069159670022,Japoatã,SE
2801207,462,353.8846551009413,479.21,0.2683982683982684,0.7384751050707233,Canindé de São Francisco,SE
2901908,230,169.1098799897098,230.0,0.16521739130434782,0.735260347781347,Aporá,BA
2803203,351,291.9031432875176,397.32,0.396011396011396,0.7346802156637411,Itaporanga d'Ajuda,SE
2804805,1790,1467.3835544982908,2002.49,0.29720670391061454,0.7327794668129632,Nossa Senhora do Socorro,SE
2904704,140,102.43008151240858,140.0,0.2857142857142857,0.731643439374347,Buerarema,BA
2804201,169,128.74369015536735,176.0,0.35502958579881655,0.7314982395191326,Monte Alegre de Sergipe,SE
2803906,128,101.28445643957527,139.08,0.375,0.7282460198416397,Malhador,SE
2804003,123,97.51814419455107,133.99,0.3089430894308943,0.7278016582920447,Maruim,SE
2910503,255,185.02021749735013,255.0,0.3254901960784314,0.7255694803817653,Entre Rios,BA
2922250,118,85.42713269590624,118.0,0.22033898305084745,0.7239587516602224,Muquém de São Francisco,BA
2800506,149,120.15127904997144,166.17000000000002,0.44966442953020136,0.7230624002525813,Areia Branca,SE
2932457,122,88.20563379613257,122.0,0.22950819672131148,0.7229969983289555,Umburanas,BA
2800670,166,142.63280731820754,198.01,0.35542168674698793,0.7203313333579493,Boquim,SE
2800704,139,102.34350412146513,142.08,0.34532374100719426,0.7203230864404921,Brejo Grande,SE
2805604,228,179.43840029912664,249.21,0.17543859649122806,0.7200288924967965,Porto da Folha,SE
2804904,106,84.94683232943073,118.0,0.3018867924528302,0.719888409571447,Pacatuba,SE
2801702,185,137.59426195612028,191.14000000000001,0.34594594594594597,0.7198611591300631,Cristinápolis,SE
1505205,373,338.3569373429452,470.55,0.3136729222520107,0.7190669160406867,Oeiras do Pará,PA
2907004,115,82.65816743435478,115.0,0.33043478260869563,0.7187666733422154,Cardeal da Silva,BA
1502806,510,493.71172848436294,687.82,0.25882352941176473,0.717792050949904,Curralinho,PA
2932200,151,108.37885364879183,151.0,0.31125827814569534,0.7177407526410056,Ubaitaba,BA
2807501,115,85.43757871608942,119.06,0.4,0.7176010307079574,Tomar do Geru,SE
2930501,487,348.94292431927323,487.0,0.19917864476386038,0.7165152450087746,Serrinha,BA
2800605,279,232.07660886874626,324.09,0.27956989247311825,0.7160869168093624,Barra dos Coqueiros,SE
1716208,120,91.61575156682498,128.03,0.6833333333333333,0.7155803449724673,Paranã,TO
2802908,787,631.8723049520601,883.12,0.40025412960609913,0.7154999376665233,Itabaiana,SE
2414209,216,186.0650562945182,261.17,0.25462962962962965,0.7124289018436964,Tibau do Sul,RN
2905305,135,96.06477580018816,135.0,0.3037037037037037,0.7115909318532456,Cafarnaum,BA
2923704,233,165.67009689697224,233.0,0.2446351931330472,0.7110304587852886,Paratinga,BA
2906824,156,110.89636385877665,156.0,0.30128205128205127,0.7108741272998503,Canudos,BA
2916500,326,231.6026584868014,326.0,0.5122699386503068,0.7104376027202497,Itapicuru,BA
2921500,251,177.97421240700206,251.0,0.2749003984063745,0.7090606071992114,Monte Santo,BA
2917003,247,175.09018737376178,247.0,0.21052631578947367,0.7088671553593594,Itiúba,BA
2910859,136,95.66511233177616,136.0,0.36764705882352944,0.7034199436160011,Filadélfia,BA
2901353,109,76.66116956948753,109.0,0.28440366972477066,0.7033134822888764,Andorinha,BA
2915809,252,177.11412679481222,252.0,0.2698412698412698,0.7028338364873501,Itambé,BA
2414407,278,242.54756487606616,345.15,0.38489208633093525,0.7027308847633382,Touros,RN
2801504,148,116.619266029974,166.05,0.16216216216216217,0.7023141585665401,Carmópolis,SE
2914000,415,290.96995718860467,415.0,0.344578313253012,0.7011324269604932,Ipirá,BA
2918506,122,85.53424647478062,122.0,0.4344262295081967,0.7011003809408247,Jussara,BA
2913705,229,160.4508948268033,229.0,0.30131004366812225,0.7006589293746869,Inhambupe,BA
2906808,332,232.2231681094724,332.0,0.2319277108433735,0.699467373823712,Cansanção,BA
2918100,193,134.9217504873193,193.0,0.29533678756476683,0.6990764273954367,Jeremoabo,BA
2905602,191,133.44333264460178,191.0,0.24607329842931938,0.6986561918565538,Camacan,BA
2807600,184,148.6880933814894,213.03,0.391304347826087,0.697967860777775,Umbaúba,SE
2405801,277,241.54175995252191,346.09,0.36462093862815886,0.6979160332645321,João Câmara,RN
2925253,173,120.56673572379417,173.0,0.3699421965317919,0.6969175475363825,Ponto Novo,BA
2408300,176,151.28516932481773,217.21,0.2840909090909091,0.6964926537674035,Nova Cruz,RN
2907103,316,220.0206029471415,316.0,0.31962025316455694,0.6962677308453845,Carinhanha,BA
2920908,101,70.25778819367385,101.0,0.26732673267326734,0.6956216652838995,Mascote,BA
2924207,132,91.80207780202277,132.0,0.20454545454545456,0.6954702863789604,Pedro Alexandre,BA
2906303,272,188.82792637517028,272.0,0.2867647058823529,0.6942203175557731,Canavieiras,BA
2402600,654,624.9123955281242,900.28,0.3470948012232416,0.6941311542277117,Ceará-Mirim,RN
2913606,1378,956.4369312831761,1378.0,0.2663280116110305,0.6940761475204471,Ilhéus,BA
2806305,124,91.62703073122226,132.08,0.21774193548387097,0.6937237335798172,Santa Luzia do Itanhy,SE
2910602,359,248.73545671443927,359.0,0.2395543175487465,0.6928564253884102,Esplanada,BA
2930600,144,99.75618546474124,144.0,0.2569444444444444,0.692751287949592,Serrolândia,BA
2908606,167,115.53327157259037,167.0,0.281437125748503,0.6918159974406609,Conde,BA
2404200,373,311.44852991778004,450.3,0.353887399463807,0.6916467464307795,Goianinha,RN
1504505,354,336.68750701252867,486.95,0.2909604519774011,0.6914211048619544,Melgaço,PA
2902104,331,228.05423545258068,331.0,0.24471299093655588,0.6889856055969205,Araci,BA
2904852,119,81.98581221421219,119.0,0.3277310924369748,0.688956405161447,Cabaceiras do Paraguaçu,BA
1600501,384,352.385592913082,512.24,0.21354166666666666,0.6879306436691434,Oiapoque,AP
2905800,236,162.32151382608805,236.0,0.2838983050847458,0.6878030246868138,Camamu,BA
2800407,108,76.98678874635658,111.94,0.28703703703703703,0.6877504801353992,Arauá,SE
2910701,434,298.31764341944046,434.0,0.31336405529953915,0.6873678419802776,Euclides da Cunha,BA
2902708,474,325.7600517783563,474.0,0.2848101265822785,0.6872574932032833,Barra,BA
2922300,174,119.58002570528551,174.0,0.5172413793103449,0.6872415270418707,Muritiba,BA
2930204,429,294.45580428547794,429.0,0.24242424242424243,0.6863771661666153,Sento Sé,BA
2922904,242,166.08861191817982,242.0,0.3140495867768595,0.6863165781742968,Nova Soure,BA
2931509,186,127.42218295811065,186.0,0.2956989247311828,0.6850654997747885,Teofilândia,BA
2928703,467,318.9369969109522,467.0,0.4089935760171306,0.6829486015223816,Santo Antônio de Jesus,BA
2926004,329,224.6712355582586,329.0,0.3525835866261398,0.6828912934901477,Remanso,BA
2806602,101,68.95454925294972,101.0,0.37623762376237624,0.6827183094351458,Santo Amaro das Brotas,SE
2801009,125,90.92434587397693,133.23,0.352,0.682461501718659,Campo do Brito,SE
2911105,234,159.69010493417164,234.0,0.28205128205128205,0.6824363458725284,Formosa do Rio Preto,BA
2905503,149,101.60337005822954,149.0,0.28187919463087246,0.6819018124713392,Caldeirão Grande,BA
2912202,249,169.7653314688418,249.0,0.3253012048192771,0.6817884797945454,Ibicoara,BA
2907905,193,131.58412281791774,193.0,0.31088082901554404,0.6817830197819572,Cipó,BA
2802809,235,164.34287939812947,241.24,0.3446808510638298,0.6812422458884491,Indiaroba,SE
2922805,101,68.67866189809561,101.0,0.3465346534653465,0.6799867514662932,Nova Itarana,BA
2913101,100,67.98426625761128,100.0,0.28,0.6798426625761128,Ibititá,BA
2407104,556,518.398074043079,763.08,0.3057553956834532,0.6793495754613919,Macaíba,RN
2914653,313,212.38835876704724,313.0,0.24920127795527156,0.6785570567637292,Itabela,BA
2914802,931,631.60506981487,931.0,0.2975295381310419,0.6784157570514179,Itabuna,BA
2911204,214,145.10130348925713,214.0,0.4719626168224299,0.6780434742488651,Gandu,BA
2913903,326,220.94574689795064,326.0,0.25153374233128833,0.6777476898710142,Ipiaú,BA
2922656,176,119.11231790406994,176.0,0.26136363636363635,0.6767745335458519,Nordestina,BA
2806008,112,80.5372024594031,119.01,0.4107142857142857,0.6767263461843803,Ribeirópolis,SE
2412609,114,116.32306893829038,171.92,0.35964912280701755,0.6766116155089017,São Paulo do Potengi,RN
2202307,223,157.69286267633927,233.10999999999999,0.33183856502242154,0.6764740366193612,Canto do Buriti,PI
2911907,263,177.82834021890713,263.0,0.28517110266159695,0.6761533848627648,Iaçu,BA
2806107,130,92.59875118242537,137.01000000000002,0.38461538461538464,0.6758539608964701,Rosário do Catete,SE
2804607,221,157.97272256932018,234.03,0.28054298642533937,0.675010565181046,Nossa Senhora das Dores,SE
2930154,439,296.2315023253792,439.0,0.26651480637813213,0.6747870212423217,Serra do Ramalho,BA
2926509,162,109.28602905087698,162.0,0.3395061728395062,0.674605117598006,Ribeira do Amparo,BA
2909901,388,261.54607629472764,388.0,0.22938144329896906,0.6740878255018754,Curaçá,BA
2930774,302,203.41689521786284,302.0,0.3443708609271523,0.6735658782048438,Sobradinho,BA
2930303,136,91.60160118506053,136.0,0.33088235294117646,0.6735411851842686,Serra Dourada,BA
2910727,787,529.9697375348895,787.0,0.38373570520965694,0.6734050032209524,Eunápolis,BA
2922052,111,74.72658702269963,111.0,0.2882882882882883,0.6732124956999966,Mulungu do Morro,BA
2801405,126,86.10085981922288,127.91,0.3412698412698413,0.6731362662749033,Carira,SE
2909208,111,74.6328590916155,111.0,0.36036036036036034,0.672368099924464,Coronel João Sá,BA
1600402,347,265.1367221676994,394.43,0.43515850144092216,0.6722022213515692,Mazagão,AP
2920205,190,127.6510565819841,190.0,0.3368421052631579,0.6718476662209689,Malhada,BA
2923357,141,94.715840431061,141.0,0.3404255319148936,0.671743549156461,Ourolândia,BA
2904902,242,162.46009540994044,242.0,0.3305785123966942,0.671322708305539,Cachoeira,BA
2805802,125,90.61199289033439,135.08,0.344,0.6708024347818654,Riachão do Dantas,SE
2932804,115,77.1410401025581,115.0,0.33043478260869563,0.6707916530657225,Utinga,BA
2917508,558,374.1573977214104,558.0,0.2849462365591398,0.6705329708269003,Jacobina,BA
2928109,251,168.15355794719366,251.0,0.26294820717131473,0.6699344938135205,Santa Maria da Vitória,BA
2918001,927,620.9185844447292,927.0,0.3948220064724919,0.6698150857008944,Jequié,BA
2927002,268,179.50362460120172,268.0,0.332089552238806,0.6697896440343348,Rio Real,BA
2930105,487,326.065428240863,487.0,0.2402464065708419,0.6695388670243594,Senhor do Bonfim,BA
2912707,204,136.5294860021497,204.0,0.22058823529411764,0.6692621862850475,Ibirapitanga,BA
1503101,473,464.8447330576027,694.88,0.3657505285412262,0.6689568458692187,Gurupá,PA
2923100,202,135.11222037580123,202.0,0.21287128712871287,0.6688723780980259,Olindina,BA
2911808,159,106.3147647055437,159.0,0.22641509433962265,0.6686463189027906,Guaratinga,BA
2802106,540,392.95354383975865,588.17,0.31296296296296294,0.668095183092913,Estância,SE
2805703,197,148.3331020760058,222.03,0.3553299492385787,0.6680768458136549,Propriá,SE
2910800,3528,2356.3764860585575,3528.0,0.33191609977324266,0.667907167250158,Feira de Santana,BA
2910057,555,370.56796447836894,555.0,0.3225225225225225,0.6676900260871512,Dias d'Ávila,BA
1502509,196,143.49436874935327,214.93,0.7397959183673469,0.6676330374975725,Chaves,PA
2919157,301,200.8079333135572,301.0,0.25249169435215946,0.6671359910749409,Lapão,BA
2903805,140,93.38461064994286,140.0,0.32142857142857145,0.6670329332138776,Boa Vista do Tupim,BA
2805307,100,76.16093418178927,114.19,0.39,0.6669667587511102,Pirambu,SE
1711902,177,133.39996796052824,200.03,0.3559322033898305,0.6668998048319165,Lagoa da Confusão,TO
2908408,446,297.4268010280173,446.0,0.3094170403587444,0.666876235488828,Conceição do Coité,BA
1709005,127,109.28051027737838,163.88,0.3858267716535433,0.6668325010823675,Goiatins,TO
1302801,184,146.7477194142761,220.09,0.5163043478260869,0.6667623218423195,Maraã,AM
2931905,256,170.4992620514454,256.0,0.35546875,0.6660127423884586,Tucano,BA
2902906,487,324.05418928801606,487.0,0.3059548254620123,0.6654090129117373,Barra do Choça,BA
2901155,192,127.74542396146656,192.0,0.4322916666666667,0.665340749799305,América Dourada,BA
2411205,374,304.6527307576372,457.95,0.35561497326203206,0.6652532607438305,Santa Cruz,RN
2917805,143,95.0853582754563,143.0,0.46853146853146854,0.6649325753528412,Jaguaripe,BA
2925600,100,66.4736001732678,100.0,0.2,0.664736001732678,Presidente Dutra,BA
2800308,3727,2655.8898900256536,3995.5,0.43681244969144084,0.6647202828245911,Aracaju,SE
2803500,766,545.698489176358,821.16,0.3733681462140992,0.6645458731262579,Lagarto,SE
2914901,218,144.8488095535429,218.0,0.3119266055045872,0.664444080520839,Itacaré,BA
2929255,158,104.88614743484875,158.0,0.33544303797468356,0.6638363761699289,São Gabriel,BA
2903409,168,111.50131604587185,168.0,0.3392857142857143,0.6636983097968562,Belmonte,BA
2926301,172,114.03113056475205,172.0,0.38372093023255816,0.6629716893299538,Riachão do Jacuípe,BA
1714880,164,121.84703000158753,183.96,0.42073170731707316,0.6623561100325479,Nova Olinda,TO
2908200,142,94.02938535621888,142.0,0.2746478873239437,0.6621787701142174,Conceição da Feira,BA
1500503,355,285.0800732870501,431.34,0.39154929577464787,0.6609173118353273,Almeirim,PA
2929305,203,134.0842804226879,203.0,0.24630541871921183,0.6605136966634871,São Gonçalo dos Campos,BA
2923209,196,129.4023598298838,196.0,0.39285714285714285,0.6602161215810398,Oliveira dos Brejinhos,BA
2400505,134,100.85801544962531,152.85,0.5895522388059702,0.6598496267558084,Alexandria,RN
2927507,133,87.75938551198492,133.0,0.3157894736842105,0.6598450038495106,Santa Bárbara,BA
2933604,524,345.5819586559167,524.0,0.32251908396946566,0.659507554686864,Xique-Xique,BA
2804409,204,135.80917490425944,206.06,0.30392156862745096,0.659075875493834,Neópolis,SE
5000708,405,293.2000651818319,445.06,0.4148148148148148,0.658787725659084,Anastácio,MS
2932903,417,274.0374749150668,417.0,0.31894484412470026,0.6571642084294168,Valença,BA
2927101,162,106.37917304707655,162.0,0.2839506172839506,0.6566615620189911,Rodelas,BA
2932705,159,104.323600964243,159.0,0.2641509433962264,0.656123276504673,Uruçuca,BA
2933158,156,102.27939487363912,156.0,0.1794871794871795,0.6556371466258918,Várzea Nova,BA
2906204,255,167.18068679354943,255.0,0.33725490196078434,0.6556105364452919,Canarana,BA
2912103,166,108.78706781942763,166.0,0.3795180722891566,0.6553437820447447,Ibicaraí,BA
2918407,2494,1633.447267273168,2494.0,0.29310344827586204,0.654950788802393,Juazeiro,BA
2931301,110,71.9916508013133,110.0,0.41818181818181815,0.6544695527392118,Tapiramutá,BA
2927200,247,161.64085968471406,247.0,0.2793522267206478,0.6544164359705023,Ruy Barbosa,BA
1720200,165,122.41455837724872,187.16,0.3696969696969697,0.6540636801520022,São Miguel do Tocantins,TO
2408201,287,234.05679285039662,359.04,0.4843205574912892,0.6518961476448212,Nísia Floresta,RN
2928000,199,129.72619674279093,199.0,0.2914572864321608,0.6518904358934218,Santaluz,BA
2909307,214,139.41531706245073,214.0,0.26635514018691586,0.6514734442170594,Correntina,BA
2928208,230,149.81328955688537,230.0,0.3869565217391304,0.6513621285081972,Santana,BA
1501204,261,197.44417566229885,303.13,0.39080459770114945,0.6513514850470057,Baião,PA
2925956,173,112.64300861788176,173.0,0.3352601156069364,0.6511156567507617,Rafael Jambeiro,BA
2910750,117,76.15630346778599,117.0,0.49572649572649574,0.6509085766477435,Fátima,BA
2904050,150,97.45183798464416,150.0,0.34,0.6496789198976277,Bonito,BA
2916807,112,72.76045458925935,112.0,0.4107142857142857,0.6496469159755299,Itarantim,BA
2915601,556,360.90261341094805,556.0,0.37410071942446044,0.6491054198038634,Itamaraju,BA
2903904,683,443.04671432244993,683.0,0.34553440702781846,0.6486774733857247,Bom Jesus da Lapa,BA
1500701,339,265.6985638074524,409.7,0.3421828908554572,0.6485198042651998,Anajás,PA
2922102,126,81.71107965477806,126.0,0.3333333333333333,0.6485006321807782,Mundo Novo,BA
2929206,342,221.75280179844768,342.0,0.2573099415204678,0.648400005258619,São Francisco do Conde,BA
2921401,119,77.13182589359108,119.0,0.29411764705882354,0.6481666041478242,Mirangaba,BA
2928406,259,167.81801449560305,259.0,0.3204633204633205,0.6479460019135252,Santa Rita de Cássia,BA
2807105,362,243.9338759834134,376.54,0.356353591160221,0.6478299144404669,Simão Dias,SE
1507508,197,142.5012390493654,220.05,0.34517766497461927,0.6475857261957073,São João do Araguaia,PA
1502855,172,124.2346576895228,192.04000000000002,0.42441860465116277,0.6469207336467548,Curuá,PA
2919553,1313,849.3054364530261,1313.0,0.3571972581873572,0.6468434397966688,Luís Eduardo Magalhães,BA
2913200,289,186.925288352259,289.0,0.328719723183391,0.6468003057171592,Ibotirama,BA
2908002,115,74.34740962655061,115.0,0.391304347826087,0.6464992141439184,Coaraci,BA
2933208,405,261.5791132617147,405.0,0.38271604938271603,0.6458743537326289,Vera Cruz,BA
2921054,127,82.01648751781818,127.0,0.4251968503937008,0.645799114313529,Matina,BA
2918803,110,71.02525672690169,110.0,0.45454545454545453,0.6456841520627427,Laje,BA
2801306,318,225.06385282801742,348.92,0.3584905660377358,0.6450299576636978,Capela,SE
1508209,447,344.80098465319713,534.62,0.3825503355704698,0.6449459142067209,Vigia,PA
2905404,286,184.44761069505276,286.0,0.32867132867132864,0.6449217157169677,Cairu,BA
2927606,155,99.95212495343536,155.0,0.2838709677419355,0.6448524190544217,Santa Brígida,BA
2926103,123,79.21146054719262,123.0,0.23577235772357724,0.643995614204818,Retirolândia,BA
2805505,156,113.32837759613135,175.99,0.40384615384615385,0.6439478242862171,Poço Verde,SE
2902401,122,78.560735937254,122.0,0.3360655737704918,0.6439404585020819,Aurelino Leal,BA
2404705,130,103.05960699309871,160.1,0.4,0.6437202185702605,Ipanguaçu,RN
2933000,102,65.60851538803652,102.0,0.37254901960784315,0.6432207390983973,Valente,BA
2924009,944,607.1137436585951,944.0,0.3050847457627119,0.6431289657400372,Paulo Afonso,BA
2900702,988,635.3491774072895,988.0,0.36639676113360325,0.6430659690357181,Alagoinhas,BA
2401206,149,116.6358938426824,181.48,0.31543624161073824,0.6426928247888606,Arês,RN
2909802,432,277.59737173717406,432.0,0.33564814814814814,0.6425865086508659,Cruz das Almas,BA
2908903,169,108.39635867314726,169.0,0.21301775147928995,0.6413985720304571,Coração de Maria,BA
2919207,1280,820.9249193398156,1280.0,0.2875,0.641347593234231,Lauro de Freitas,BA
1504950,218,160.39228649292016,250.09,0.4954128440366973,0.6413382641965699,Nova Esperança do Piriá,PA
2412203,541,431.3892927585564,672.88,0.3419593345656192,0.6411088050745399,São José de Mipibu,RN
2928802,499,319.8093404023266,499.0,0.3186372745490982,0.6409004817681896,Santo Estêvão,BA
2905909,189,121.03546926117245,189.0,0.2804232804232804,0.6403993082601717,Campo Alegre de Lourdes,BA
2708808,336,224.7645035182015,351.0,0.4226190476190476,0.640354710878067,São Sebastião,AL
1502764,155,118.60971945449027,185.37,0.45161290322580644,0.6398539108512179,Cumaru do Norte,PA
2402303,125,95.32024687951376,149.16,0.416,0.6390469755934148,Caraúbas,RN
2930709,1151,735.3044774209746,1151.0,0.42137271937445697,0.6388396849878146,Simões Filho,BA
2902054,115,73.39883978327109,115.0,0.3826086956521739,0.6382507807240964,Araças,BA
2906709,162,103.39566938915769,162.0,0.30864197530864196,0.6382448727725784,Cândido Sales,BA
1500305,615,445.437220202661,699.37,0.3902439024390244,0.6369121069000114,Afuá,PA
2924801,138,87.87092436887816,138.0,0.4057971014492754,0.6367458287599866,Piritiba,BA
2920106,111,70.6712403560287,111.0,0.23423423423423423,0.6366778410453037,Mairi,BA
2917706,233,148.13911181603345,233.0,0.40772532188841204,0.6357901794679547,Jaguarari,BA
2902807,265,168.37660890662815,265.0,0.4716981132075472,0.6353834298363327,Barra da Estiva,BA
2703106,242,171.3867682061619,269.94,0.23553719008264462,0.6349068985928795,Igaci,AL
2707107,375,256.50719092852154,404.48,0.25066666666666665,0.6341653256737577,Piranhas,AL
2907509,231,146.47152028316916,231.0,0.3939393939393939,0.6340758453816847,Catu,BA
2906873,242,153.43449376576842,242.0,0.29338842975206614,0.6340268337428447,Capim Grosso,BA
2925501,391,247.86040438699212,391.0,0.3273657289002558,0.6339140777160923,Prado,BA
2706802,226,152.89635354195326,241.26000000000002,0.4247787610619469,0.6337409995107073,Piaçabuçu,AL
2910404,153,96.94486442653655,153.0,0.37254901960784315,0.6336265648793239,Encruzilhada,BA
1700400,126,83.00112233053073,131.04,0.47619047619047616,0.6334029481878108,Almas,TO
2515302,376,269.9735220865377,426.24,0.39361702127659576,0.6333838262165392,Sapé,PB
2704500,408,275.01823775270117,434.24,0.4583333333333333,0.6333323455985196,Maragogi,AL
2906907,225,142.49333262326155,225.0,0.49777777777777776,0.6333037005478291,Caravelas,BA
2917102,104,65.85858994374685,104.0,0.28846153846153844,0.6332556725360274,Itororó,BA
2204402,136,89.31042833882185,141.12,0.3897058823529412,0.6328686815392705,Gilbués,PI
2702355,206,139.83021790549043,220.96,0.6796116504854369,0.6328304575737257,Craíbas,AL
2912905,195,123.38931362714423,195.0,0.37435897435897436,0.6327657109084319,Ibirataia,BA
2905701,2552,1614.777798694568,2552.0,0.36559561128526646,0.6327499211185611,Camaçari,BA
1502103,1141,856.4782459600366,1354.09,0.39526730937773885,0.6325120530836478,Cametá,PA
2906501,510,322.3764716906013,510.0,0.36666666666666664,0.6321107288051006,Candeias,BA
2806206,176,119.43283786053249,188.97,0.44886363636363635,0.6320200976902814,Salgado,SE
5005202,332,250.17211368408584,396.08,0.3373493975903614,0.6316201617958136,Ladário,MS
2916401,537,339.14323680177625,537.0,0.3221601489757914,0.6315516513999557,Itapetinga,BA
2907806,156,98.49408028177746,156.0,0.36538461538461536,0.6313723094985735,Cícero Dantas,BA
2708709,155,102.88998727343709,162.97,0.5032258064516129,0.6313431139070816,São Miguel dos Milagres,AL
2931350,1367,862.8493744721424,1367.0,0.35040234089246525,0.6311992497967391,Teixeira de Freitas,BA
2928604,395,249.15493786708504,395.0,0.369620253164557,0.6307719946002153,Santo Amaro,BA
2914703,375,236.43675928920717,375.0,0.4106666666666667,0.6304980247712191,Itaberaba,BA
2917300,120,75.63816818695729,120.0,0.2916666666666667,0.6303180682246441,Ituberá,BA
2407203,179,139.06302388265,220.71,0.31843575418994413,0.6300712422756104,Macau,RN
1500404,745,561.5061195048409,891.21,0.35570469798657717,0.6300491685515657,Alenquer,PA
2804508,437,288.2975018937856,457.86,0.37528604118993136,0.6296630015589603,Nossa Senhora da Glória,SE
2903508,124,78.0595964129792,124.0,0.33064516129032256,0.6295128742982193,Belo Campo,BA
2933505,154,96.72682943042749,154.0,0.3116883116883117,0.6280962950027759,Wenceslau Guimarães,BA
2907301,203,127.35300522214506,203.0,0.3054187192118227,0.6273547055278081,Castro Alves,BA
2912400,160,100.37654490844238,160.0,0.36875,0.6273534056777649,Ibipeba,BA
2911600,141,88.44826738307916,141.0,0.2907801418439716,0.6272926764757387,Governador Mangabeira,BA
2932309,105,65.85291569773922,105.0,0.41904761904761906,0.6271706256927545,Ubatã,BA
1600105,112,81.5353420808287,130.05,0.19642857142857142,0.6269538030052187,Amapá,AP
2932507,196,122.77105277436073,196.0,0.5816326530612245,0.626382922318167,Una,BA
2913507,108,67.64180346596407,108.0,0.3148148148148148,0.6263129950552229,Iguaí,BA
1304260,199,144.8823621295631,231.35,0.19095477386934673,0.6262475129870892,Uarini,AM
2401800,103,94.69108205651582,151.23,0.5339805825242718,0.6261395361800954,Brejinho,RN
2919926,186,116.43795208814801,186.0,0.25806451612903225,0.6260104950975699,Madre de Deus,BA
2702553,137,93.26882881178965,149.06,0.36496350364963503,0.6257133289399547,Estrela de Alagoas,AL
2703809,197,129.53225709803573,207.07,0.27411167512690354,0.6255481581012978,Joaquim Gomes,AL
2911709,776,485.3633722796553,776.0,0.4639175257731959,0.6254682632469785,Guanambi,BA
2925709,107,66.89722215683972,107.0,0.3177570093457944,0.6252076837087824,Presidente Jânio Quadros,BA
2918357,254,158.68231751486357,254.0,0.531496062992126,0.6247335335230849,João Dourado,BA
2927705,364,226.95131479869644,364.0,0.37362637362637363,0.6234926230733419,Santa Cruz Cabrália,BA
2903201,1654,1029.9380239257202,1654.0,0.36094316807738813,0.622695298624982,Barreiras,BA
2923803,196,122.04243686528244,196.0,0.3979591836734694,0.6226654942106247,Paripiranga,BA
2700300,2473,1648.854790803601,2652.84,0.438334007278609,0.6215432482937534,Arapiraca,AL
2700508,235,155.27314599642082,250.1,0.3276595744680851,0.6208442462871684,Barra de Santo Antônio,AL
1502905,315,235.2365691496479,378.98,0.3396825396825397,0.6207097185858037,Curuçá,PA
1703800,113,77.5164917511909,125.02000000000001,0.504424778761062,0.6200327287729235,Buriti do Tocantins,TO
2701308,233,152.0453512466076,245.24,0.33905579399141633,0.6199859372313146,Cajueiro,AL
2402204,309,226.35271246071198,365.11,0.31715210355987056,0.6199575811692695,Canguaretama,RN
2925907,132,81.76855890349958,132.0,0.3484848484848485,0.6194587795719665,Quijingue,BA
2709202,160,104.71227764816359,169.05,0.475,0.6194160168480544,Traipu,AL
2925808,188,116.38329029752556,188.0,0.30319148936170215,0.6190600547740721,Queimadas,BA
1501105,276,184.7423851221805,298.59000000000003,0.5362318840579711,0.6187159152087495,Bagre,PA
2708006,513,324.4968814645829,525.17,0.442495126705653,0.6178892196138068,Santana do Ipanema,AL
2926707,122,75.31350418013659,122.0,0.5573770491803278,0.617323804755218,Rio de Contas,BA
2930907,127,78.39138975080935,127.0,0.4330708661417323,0.6172550374079476,Tabocas do Brejo Velho,BA
2702405,560,384.7808077671294,624.22,0.2839285714285714,0.6164185828187648,Delmiro Gouveia,AL
2915353,125,76.92252416947875,125.0,0.328,0.6153801933558299,Itaguaçu da Bahia,BA
2915106,119,73.19009864007546,119.0,0.23529411764705882,0.6150428457149199,Itagi,BA
2906006,619,380.0372909824781,619.0,0.39095315024232635,0.6139536203271052,Campo Formoso,BA
3303500,6380,4780.951926497201,7790.95,0.3360501567398119,0.6136545513059641,Nova Iguaçu,RJ
2931202,141,86.48803874531116,141.0,0.475177304964539,0.6133903457114267,Taperoá,BA
2705705,276,175.7941509499357,286.7,0.4528985507246377,0.6131641121378992,Olho d'Água das Flores,AL
2908507,208,127.3221615409968,208.0,0.375,0.6121257766394077,Conceição do Jacuípe,BA
2901007,249,152.35149586878586,249.0,0.5100401606425703,0.611853397063397,Amargosa,BA
2409902,115,83.12927749221795,135.87,0.3391304347826087,0.6118295244882458,Pendências,RN
1200138,176,136.98143899313558,223.9,0.2556818181818182,0.6117974050609003,Bujari,AC
1304005,181,127.1622721749742,208.0,0.43646408839779005,0.611357077764299,Silves,AM
2909703,144,88.02453531535089,144.0,0.4375,0.6112814952454922,Cristópolis,BA
2708501,398,254.4222432586225,416.36,0.5376884422110553,0.6110631262816373,São Luís do Quitunde,AL
2206209,329,212.50573389359283,348.05,0.60790273556231,0.6105609363413097,Miguel Alves,PI
1503200,303,225.13175100133174,368.84,0.46534653465346537,0.610377808809597,Igarapé-Açu,PA
2928901,307,186.97826384163875,307.0,0.5407166123778502,0.6090497193538722,São Desidério,BA
2400208,325,264.96042302356005,435.28,0.40615384615384614,0.6087126057332294,Açu,RN
2929503,269,163.64140499727753,269.0,0.46096654275092935,0.6083323605846749,São Sebastião do Passé,BA
2921203,184,111.82555602224505,184.0,0.3695652173913043,0.6077475870774187,Miguel Calmon,BA
2807402,416,260.4634618454218,429.04,0.4639423076923077,0.607084332102885,Tobias Barreto,SE
2909406,105,63.70378841111291,105.0,0.41904761904761906,0.6067027467725039,Cotegipe,BA
1504703,769,552.6466306840007,911.01,0.3420026007802341,0.6066306963524009,Moju,PA
2925006,181,109.76189833598741,181.0,0.2430939226519337,0.6064193278231349,Planalto,BA
2705804,139,87.91944988863084,145.12,0.3597122302158273,0.6058396491774451,Olho d'Água do Casado,AL
5002100,321,222.93799318684262,368.12,0.48598130841121495,0.6056122818288673,Bela Vista,MS
2404606,122,93.13147423133549,153.92,0.3114754098360656,0.6050641517108595,Ielmo Marinho,RN
2406106,112,79.29804848340409,131.06,0.4642857142857143,0.6050514915565701,Jucurutu,RN
2922003,392,237.06216786608667,392.0,0.47959183673469385,0.604750428229813,Mucuri,BA
1600204,178,134.92593912772372,223.12,0.39325842696629215,0.6047236425588192,Calçoene,AP
2904308,147,88.79182228283356,147.0,0.47619047619047616,0.6040260019240379,Brejões,BA
2702603,223,140.07485617241872,231.92000000000002,0.4484304932735426,0.6039792004674832,Feira Grande,AL
1714203,104,72.37646501376419,119.91,0.4423076923076923,0.6035899008736902,Natividade,TO
2200509,198,120.60540532384282,200.12,0.3282828282828283,0.6026654273627964,Amarante,PI
2919504,402,242.2519409551272,402.0,0.3805970149253731,0.6026167685450925,Livramento de Nossa Senhora,BA
2702900,395,252.25419530959132,418.93,0.39746835443037976,0.6021392483460036,Girau do Ponciano,AL
2707701,1249,830.9572122584846,1380.07,0.3907125700560448,0.602112365502101,Rio Largo,AL
2921708,219,131.82946953696856,219.0,0.2831050228310502,0.6019610481140117,Morro do Chapéu,BA
2925105,389,234.09196125891418,389.0,0.42930591259640105,0.6017788207170031,Poções,BA
2927408,12158,7308.6610202763895,12158.0,0.3685639085375884,0.6011400740480662,Salvador,BA
1720804,144,95.56162939069513,158.97,0.5069444444444444,0.6011299577951509,Sítio Novo do Tocantins,TO
2932002,216,129.82249334445936,216.0,0.4027777777777778,0.6010300617799045,Uauá,BA
2707305,298,188.79132615718092,314.12,0.4597315436241611,0.6010165737844801,Porto Calvo,AL
2700409,433,266.12590528855077,442.87,0.44341801385681295,0.6009120177220195,Atalaia,AL
2920601,167,100.33264667438621,167.0,0.5449101796407185,0.6007942914633905,Maragogipe,BA
1507953,1000,726.4138457416155,1210.14,0.383,0.6002725682496368,Tailândia,PA
2922409,139,83.43496899589078,139.0,0.4892086330935252,0.6002515755100056,Mutuípe,BA
1600808,170,108.08062661211437,180.1,0.3588235294117647,0.6001145286624896,Vitória do Jari,AP
1504406,189,130.90592226137497,218.14,0.4497354497354497,0.6001004962930915,Marapanim,PA
3300456,3174,2719.0642816684062,4534.3,0.391304347826087,0.5996657216479735,Belford Roxo,RJ
1503309,630,453.45829800627394,757.1,0.4031746031746032,0.5989410883717791,Igarapé-Miri,PA
1507201,184,133.69950524287594,223.25,0.32608695652173914,0.598877963014002,São Domingos do Capim,PA
2901106,140,83.7867669616606,140.0,0.4714285714285714,0.5984769068690043,Amélia Rodrigues,BA
1502400,1890,1465.5945792391722,2449.8,0.33544973544973544,0.598250705869529,Castanhal,PA
2907707,105,62.81471826069606,105.0,0.3619047619047619,0.5982354120066291,Chorrochó,BA
5006309,451,280.5635886877471,469.02000000000004,0.5521064301552107,0.5981910977948639,Paranaíba,MS
1702208,312,220.62894988946732,368.9,0.5064102564102564,0.5980725125764905,Araguatins,TO
1507003,331,230.75122883267437,385.9,0.31722054380664655,0.5979560218519678,Santo Antônio do Tauá,PA
5004809,121,80.77194686624463,135.16,0.4462809917355372,0.5976024479597857,Japorã,MS
5002704,10001,6697.371992402364,11207.62,0.5169483051694831,0.5975730790660607,Campo Grande,MS
5106505,371,241.8851350084259,405.18,0.38544474393531,0.59698192163588,Poconé,MT
2901205,115,68.5752303062823,115.0,0.3217391304347826,0.5963063504894113,Anagé,BA
2703205,249,161.50072969563277,270.98,0.5100401606425703,0.5959876363408102,Igreja Nova,AL
2923407,151,89.99222660624719,151.0,0.3576158940397351,0.5959750106373986,Palmas de Monte Alto,BA
1600253,105,68.50567480459326,114.95,0.41904761904761906,0.595960633358793,Itaubal,AP
2920502,179,106.65292181369752,179.0,0.43575418994413406,0.5958263788474721,Maracás,BA
2923001,481,286.1986317180674,481.0,0.37214137214137216,0.5950075503494126,Nova Viçosa,BA
2803302,167,100.50655014306656,169.0,0.5808383233532934,0.5947133144560152,Japaratuba,SE
3302270,1085,801.9845561809149,1349.0,0.36589861751152075,0.594503006805719,Japeri,RJ
2408102,3717,3248.81821351453,5465.45,0.3677697067527576,0.5944283112121655,Natal,RN
2921104,226,134.24621184029039,226.0,0.4690265486725664,0.5940097869039398,Medeiros Neto,BA
2609907,510,339.7358555131121,572.16,0.3137254901960784,0.5937777116769997,Ouricuri,PE
1500909,512,364.61863859968184,614.1899999999999,0.453125,0.5936577257846626,Augusto Corrêa,PA
1507151,194,140.0742806240753,236.07,0.39690721649484534,0.5933590910495841,São Domingos do Araguaia,PA
1301407,415,310.924638364905,524.05,0.43373493975903615,0.5933110168207327,Eirunepé,AM
5106422,467,309.24202041314646,521.27,0.42184154175588867,0.5932473006563709,Peixoto de Azevedo,MT
2414001,137,101.30228883745733,170.84,0.40145985401459855,0.5929658676975962,Tangará,RN
1503507,198,140.8362717923274,237.95,0.5050505050505051,0.5918733842921934,Irituia,PA
1502756,250,180.37576020858126,304.8,0.544,0.591783990185634,Concórdia do Pará,PA
1300060,176,111.96627338420092,189.38,0.6477272727272727,0.5912254376607927,Amaturá,AM
2202901,265,161.15786761299245,272.97,0.37358490566037733,0.5903867370516629,Corrente,PI
2900801,250,147.57545862013203,250.0,0.296,0.5903018344805281,Alcobaça,BA
2915205,190,112.14421118348018,190.0,0.4421052631578947,0.5902326904393693,Itagibá,BA
2910008,112,66.06727192837343,112.0,0.4107142857142857,0.5898863565033342,Dário Meira,BA
2706505,172,103.76722915728068,175.96,0.32558139534883723,0.5897205567019815,Passo de Camaragibe,AL
2905206,428,252.06198214900178,428.0,0.3901869158878505,0.5889298648341164,Caetité,BA
1505106,538,358.88384159433406,610.02,0.550185873605948,0.5883148775357104,Óbidos,PA
1507805,327,239.4678352210608,407.05,0.37003058103975534,0.5883007866872885,Senador José Porfírio,PA
5005004,360,252.57276613740908,430.36,0.5416666666666666,0.5868871784956992,Jardim,MS
1508100,1132,812.4174628154223,1385.69,0.45229681978798586,0.5862909184705253,Tucuruí,PA
2909604,151,88.52386471254489,151.0,0.4304635761589404,0.5862507596857277,Crisópolis,BA
3302858,1227,856.7585041584031,1462.54,0.3545232273838631,0.5858017586926875,Mesquita,RJ
1508308,682,450.21071026576436,768.69,0.3841642228739003,0.58568566036473,Viseu,PA
1300680,178,119.08874961461768,203.38,0.38202247191011235,0.5855479870912463,Boa Vista do Ramos,AM
2920403,120,70.26285086123254,120.0,0.4166666666666667,0.5855237571769378,Manoel Vitorino,BA
2902500,142,83.08795890997169,142.0,0.3591549295774648,0.5851264711969837,Baianópolis,BA
2507002,163,101.88418569315836,174.13,0.48466257668711654,0.5851041503081511,Itaporanga,PB
1507300,704,546.4626406225624,934.2,0.3125,0.5849525161877139,São Félix do Xingu,PA
2704302,6460,4154.85570058039,7107.9400000000005,0.4072755417956656,0.5845372499740276,Maceió,AL
5001508,128,82.41373859823173,141.04,0.5234375,0.5843288329426527,Bandeirantes,MS
2407807,209,139.06850909294624,238.0,0.5119617224880383,0.5843214667770851,Monte Alegre,RN
2512002,218,139.75443134467574,239.46,0.5458715596330275,0.583623282989542,Pocinhos,PB
5003306,467,295.6726227856778,506.73,0.3961456102783726,0.5834914506456649,Coxim,MS
3304102,123,81.07403497834295,139.08,0.5284552845528455,0.5829309388721811,Porciúncula,RJ
1702109,1972,1318.1672025324701,2261.42,0.5081135902636917,0.5828935812597704,Araguaína,TO
5007109,419,272.11316080642257,466.97,0.42720763723150357,0.5827208617393463,Ribas do Rio Pardo,MS
1503754,187,134.0897210450616,230.18,0.2620320855614973,0.5825428840258128,Jacareacanga,PA
1301159,112,79.13015933139744,136.06,0.33035714285714285,0.5815828261898973,Careiro da Várzea,AM
2931608,143,83.1606754901144,143.0,0.44755244755244755,0.5815431852455553,Teolândia,BA
2513703,930,730.3654406199304,1256.47,0.3817204301075269,0.5812836284351639,Santa Rita,PB
1500107,1270,863.6000060557716,1485.76,0.3653543307086614,0.581251350188302,Abaetetuba,PA
5005152,160,105.15916291890744,180.92000000000002,0.48125,0.5812467550238085,Juti,MS
1506500,766,503.5793291824743,867.2,0.34073107049608353,0.5806957209207498,Santa Isabel do Pará,PA
5005608,396,270.65680206157884,466.18,0.39646464646464646,0.5805843280740891,Miranda,MS
2503555,105,62.067080978860076,106.94,0.47619047619047616,0.5803916306233409,Cacimbas,PB
2201739,115,67.94845389555344,117.09,0.7391304347826086,0.5803096241827094,Betânia do Piauí,PI
2917607,527,304.96973462940025,527.0,0.5370018975332068,0.5786901985377614,Jaguaquara,BA
2916104,210,121.52133043633367,210.0,0.2857142857142857,0.5786730020777794,Itaparica,BA
1501808,990,674.5210831399091,1166.91,0.5666666666666667,0.5780403657007902,Breves,PA
1709302,209,145.32141080865102,251.45000000000002,0.4784688995215311,0.5779336281910957,Guaraí,TO
2412005,712,533.9496337607478,924.17,0.34129213483146065,0.5777612709358103,São Gonçalo do Amarante,RN
1302553,186,136.96205462890995,237.1,0.22043010752688172,0.5776552282956978,Manaquiri,AM
2705101,256,150.78282364904555,261.1,0.48828125,0.5774907071966509,Matriz de Camaragibe,AL
2932101,131,75.61157844747868,131.0,0.3893129770992366,0.5771876217364784,Ubaíra,BA
2503001,241,152.75562139345158,264.85,0.3029045643153527,0.5767627766413123,Caaporã,PB
5007901,726,536.364126469657,931.01,0.38980716253443526,0.5761099520624451,Sidrolândia,MS
2904100,100,57.60191009796893,100.0,0.32,0.5760191009796893,Boquira,BA
1303601,136,114.66816028861102,199.11,0.36764705882352944,0.5759035723399679,Santa Isabel do Rio Negro,AM
2901403,109,62.76361812189182,109.0,0.28440366972477066,0.5758130102925855,Angical,BA
2508604,176,120.41293892422014,209.13,0.4431818181818182,0.5757803228815577,Lucena,PB
2929107,141,81.17781886243075,141.0,0.41134751773049644,0.575729211790289,São Felipe,BA
2906600,120,69.03908966713522,120.0,0.4166666666666667,0.5753257472261268,Candiba,BA
1504604,294,219.17966278671082,380.98,0.3707482993197279,0.5753049052094882,Mocajuba,PA
1722107,119,77.6548716937804,135.09,0.42857142857142855,0.5748380464414864,Xambioá,TO
1721208,218,139.07419933518608,242.08,0.3577981651376147,0.5744968577957125,Tocantinópolis,TO
3305109,2543,1834.681386502192,3195.21,0.36059771922925676,0.5741974350675517,São João de Meriti,RJ
1304237,296,181.44800208342838,316.14,0.30405405405405406,0.5739482573651812,Tonantins,AM
2925303,2200,1261.9254656449589,2200.0,0.455,0.5736024843840722,Porto Seguro,BA
2917201,191,109.54658832621854,191.0,0.4397905759162304,0.5735423472576887,Ituaçu,BA
3139300,201,131.37304415535547,229.12,0.4228855721393035,0.5733809538903434,Manga,MG
2802700,115,73.95104190736227,129.18,0.1565217391304348,0.5724651022399927,Ilha das Flores,SE
2411502,145,97.78121232905433,170.81,0.3586206896551724,0.5724560173822043,Santo Antônio,RN
1501303,1438,952.0519275998666,1664.27,0.39777468706536856,0.5720537698810089,Barcarena,PA
1500347,185,131.6279843980421,230.11,0.4864864864864865,0.5720220085960718,Água Azul do Norte,PA
5006408,110,73.31638866221452,128.34,0.5636363636363636,0.5712668588297843,Pedro Gomes,MS
1720903,173,114.92648550336523,201.19,0.42196531791907516,0.5712335876701885,Taguatinga,TO
2404507,138,102.51248528748206,179.98000000000002,0.4420289855072464,0.5695770934964,Guamaré,RN
1301605,242,189.5910741310373,332.99,0.4793388429752066,0.569359662845843,Fonte Boa,AM
5006002,381,225.3480373064611,395.8,0.5695538057742782,0.5693482498899977,Nova Alvorada do Sul,MS
2110658,116,70.58139124860224,124.04,0.3706896551724138,0.56902121290392,São Domingos do Azeitão,MA
2930808,132,75.10904162469738,132.0,0.3181818181818182,0.5690078910961923,Souto Soares,BA
2401453,183,121.82340521022492,214.16,0.4426229508196721,0.5688429455090817,Baraúna,RN
2501807,428,310.4309600511848,545.92,0.3808411214953271,0.5686381888393626,Bayeux,PB
3304904,4415,3218.4228902544096,5661.03,0.4378255945639864,0.5685224933014681,São Gonçalo,RJ
1506559,158,123.25223648492596,216.91,0.4050632911392405,0.5682183231982203,Santa Luzia do Pará,PA
1500206,517,346.09662592147805,610.16,0.4197292069632495,0.5672227381694606,Acará,PA
2402006,309,217.52146482710532,384.34,0.47249190938511326,0.5659610366527172,Caicó,RN
2913408,101,57.109004517530046,101.0,0.42574257425742573,0.5654356882923767,Igaporã,BA
1505809,766,537.7840162671029,952.25,0.42428198433420367,0.5647508703251277,Portel,PA
1300029,234,147.11840675041208,260.78,0.594017094017094,0.564147583213483,Alvarães,AM
2933406,100,56.33882251907105,100.0,0.45,0.5633882251907105,Wagner,BA
2707206,163,92.99937155527685,165.09,0.49079754601226994,0.5633252865423517,Poço das Trincheiras,AL
2708402,398,238.18092630274498,422.9,0.5050251256281407,0.5632086221393828,São José da Tapera,AL
1507474,222,134.7296686535105,239.8,0.40540540540540543,0.5618418209070496,São João de Pirabas,PA
2919702,114,64.03428710842509,114.0,0.4473684210526316,0.5617042728809218,Macarani,BA
2704401,190,107.2874167704255,191.05,0.37894736842105264,0.5615672168041115,Major Isidoro,AL
2211209,280,164.27423829303711,292.61,0.31785714285714284,0.5614101988757634,Uruçuí,PI
3301157,163,107.43689374476006,192.09,0.3619631901840491,0.559304980710917,Cardoso Moreira,RJ
2201507,208,124.12608204001003,221.97,0.46634615384615385,0.5592020635221427,Batalha,PI
1303908,777,460.85845031881763,825.09,0.36936936936936937,0.5585553701036464,São Paulo de Olivença,AM
2706901,528,306.9618505899455,549.69,0.4602272727272727,0.558427205497545,Pilar,AL
2701803,157,89.7631404093648,160.89000000000001,0.3885350318471338,0.5579162185926085,Carneiros,AL
2204659,148,86.88481504889924,155.92000000000002,0.33783783783783783,0.5572397065732377,Ilha Grande,PI
2403608,578,415.56009553810543,745.92,0.34429065743944637,0.5571108101915828,Extremoz,RN
1300508,410,271.94965819138935,488.81,0.25121951219512195,0.5563504392123511,Barreirinha,AM
1506583,246,167.30564481397715,300.81,0.43089430894308944,0.5561837864897349,Santa Maria das Barreiras,PA
2207900,367,219.03851308912297,394.04,0.42779291553133514,0.5558788780050832,Pedro II,PI
1300201,164,100.03358531373215,180.0,0.8414634146341463,0.5557421406318452,Atalaia do Norte,AM
2409407,210,142.35549128832704,256.19,0.4095238095238095,0.5556637311695501,Pau dos Ferros,RN
1506161,219,142.3322749475492,256.27,0.5570776255707762,0.5553996759181692,Rio Maria,PA
2507705,150,90.97973660953342,164.06,0.46,0.5545516067873547,Juazeirinho,PB
1303502,207,129.69808335803668,234.42,0.4927536231884058,0.5532722607202316,Pauini,AM
5102603,131,88.53607187833325,160.09,0.4351145038167939,0.553039364596997,Campinápolis,MT
1304401,257,158.73285472397873,287.06,0.44357976653696496,0.5529605473558794,Urucurituba,AM
5106778,158,100.17561040453315,181.27,0.5253164556962026,0.552632042834077,Porto Alegre do Norte,MT
2908101,207,114.24278749159292,207.0,0.5169082125603864,0.5518975241139754,Cocos,BA
2208809,161,91.57578579414104,165.99,0.3167701863354037,0.5516945948198146,Regeneração,PI
5003207,1250,839.8769134873754,1524.6,0.3848,0.5508834536844913,Corumbá,MS
1505486,500,332.16396899904663,603.15,0.458,0.5507153593617619,Pacajá,PA
5107354,109,71.7550626939048,130.31,0.3486238532110092,0.5506489348008964,São José do Xingu,MT
2923605,141,77.60147463475018,141.0,0.48936170212765956,0.5503650683315615,Paramirim,BA
1502301,465,290.3043166827135,527.57,0.4946236559139785,0.5502669156371921,Capitão Poço,PA
5102702,303,198.60143565345564,361.1,0.42244224422442245,0.5499901291981601,Canarana,MT
1503804,464,302.32560426511793,550.02,0.3771551724137931,0.5496629291027926,Jacundá,PA
1503077,340,220.86287125347775,401.96999999999997,0.32941176470588235,0.5494511313119829,Garrafão do Norte,PA
2707404,133,78.50648543347624,142.9,0.2706766917293233,0.5493805838591759,Porto de Pedras,AL
1505304,734,490.2082124315834,892.42,0.31607629427792916,0.549302136249281,Oriximiná,PA
2501500,148,86.53274452532285,157.97,0.5472972972972973,0.5477796070476854,Bananeiras,PB
1302306,360,231.93001632255846,424.03000000000003,0.36666666666666664,0.5469660550493088,Jutaí,AM
4314902,7424,5619.643738440885,10281.2268445,0.2816540948275862,0.5465927192771886,Porto Alegre,RS
2924504,120,65.59054958950982,120.0,0.38333333333333336,0.5465879132459152,Pindaí,BA
2612604,462,263.89085509175925,483.46,0.645021645021645,0.5458380322917289,Santa Maria da Boa Vista,PE
2403251,1330,1001.1168000336687,1835.18,0.36390977443609024,0.5455142275055682,Parnamirim,RN
2401107,176,127.43423557439445,234.14,0.42613636363636365,0.5442651216126867,Areia Branca,RN
1600709,284,169.30752552817444,311.19,0.9049295774647887,0.5440648013373645,Tartarugalzinho,AP
3302502,2969,1894.951779463726,3485.3,0.46783428763893564,0.5436983271063398,Magé,RJ
3304144,1260,849.8534504981357,1564.36,0.38095238095238093,0.5432595121954893,Queimados,RJ
1503457,328,228.2058389495613,420.24,0.4420731707317073,0.5430369287777491,Ipixuna do Pará,PA
2211308,184,106.79887424239767,196.67000000000002,0.42934782608695654,0.5430359192677972,Valença do Piauí,PI
2900207,159,86.30106995461598,159.0,0.18238993710691823,0.5427740248717986,Abaré,BA
2406502,161,100.45910175139774,185.1,0.36024844720496896,0.5427288047077133,Lagoa Nova,RN
1101757,115,66.84679677777383,123.17,0.5565217391304348,0.5427197919767299,Vale do Anari,RO
2207504,150,86.34926506835959,159.22,0.4666666666666667,0.542326749581457,Palmeirais,PI
5006358,138,81.40292953907063,150.20000000000002,0.6739130434782609,0.5419635788220414,Paranhos,MS
1501709,1230,793.2474312408261,1464.74,0.375609756097561,0.5415619367538445,Bragança,PA
2201101,122,67.67760285801059,125.05,0.45081967213114754,0.5412043411276336,Avelino Lopes,PI
3301702,6581,4467.099343125225,8257.2,0.45661753532897736,0.5409944464376816,Duque de Caxias,RJ
3300803,474,325.7783940389485,602.23,0.4978902953586498,0.5409534464223776,Cachoeiras de Macacu,RJ
2705002,120,67.42524827851553,124.94,0.425,0.5396610235194135,Mata Grande,AL
2511202,376,216.68618366990287,401.61,0.48936170212765956,0.5395437953982791,Pedras de Fogo,PB
2507903,110,66.11877915276955,122.86000000000001,0.4636363636363636,0.5381635939505904,Juripiranga,PB
2507309,113,73.74730887857457,137.17,0.5221238938053098,0.5376343871004927,Jacaraú,PB
5003702,3216,2084.197377861085,3878.7400000000002,0.5388681592039801,0.5373387692552439,Dourados,MS
1506112,143,84.31869451571225,156.92,0.4755244755244755,0.537335550061893,Quatipuru,PA
1713205,135,86.95095576612682,161.87,0.4444444444444444,0.5371653534696165,Miracema do Tocantins,TO
2207702,1474,899.5545570596569,1676.92,0.38738127544097695,0.5364326008752098,Parnaíba,PI
1500602,1559,1044.7676403209034,1948.44,0.4573444515715202,0.5362072428819483,Altamira,PA
1501782,503,311.0988504813876,580.73,0.510934393638171,0.5357030814343802,Breu Branco,PA
2506301,422,253.41690358523925,473.33,0.5924170616113744,0.5353915948392015,Guarabira,PB
1505064,707,469.9817417036021,878.16,0.5007072135785007,0.53518919297577,Novo Repartimento,PA
2501401,148,83.51205999209844,156.06,0.4527027027027027,0.5351278994751919,Baía da Traição,PB
2205508,451,247.6162146383383,462.91,0.43015521064301554,0.5349122175765014,José de Freitas,PI
2701209,157,86.07405457583351,160.92,0.5414012738853503,0.5348872394719956,Cacimbinhas,AL
2912806,148,79.06431619347504,148.0,0.3783783783783784,0.5342183526586151,Ibirapuã,BA
2700607,122,71.56848933964206,134.01,0.38524590163934425,0.5340533492996199,Barra de São Miguel,AL
1303536,450,335.36167439690973,628.22,0.3377777777777778,0.5338283951432774,Presidente Figueiredo,AM
2706307,624,356.5909378136245,668.12,0.391025641025641,0.5337228908184526,Palmeira dos Índios,AL
1507102,140,92.32941638142688,173.22,0.6928571428571428,0.5330182218071059,São Caetano de Odivelas,PA
5103254,399,235.44682383811974,441.92,0.6892230576441103,0.5327815528559914,Colniza,MT
2909109,140,74.58116974830817,140.0,0.30714285714285716,0.5327226410593441,Coribe,BA
5004304,241,133.35356240813158,250.33,0.6016597510373444,0.5327110710187815,Iguatemi,MS
5002605,182,106.54392285975709,200.04,0.5879120879120879,0.5326130916804493,Camapuã,MS
1506203,525,327.7956927281737,616.52,0.5085714285714286,0.5316870380979916,Salinópolis,PA
1600279,539,307.8332175572818,579.5600000000001,0.4007421150278293,0.5311498681021495,Laranjal do Jari,AP
1506302,191,119.46690317938628,225.08,0.4973821989528796,0.530775294026063,Salvaterra,PA
3302007,1455,935.776319523157,1763.13,0.41993127147766324,0.5307472049838395,Itaguaí,RJ
1506609,237,137.54072568158787,259.26,0.4008438818565401,0.5305127118783765,Santa Maria do Pará,PA
2101400,1244,727.5513806444035,1371.63,0.3963022508038585,0.5304283083954152,Balsas,MA
1503093,300,186.4385133850862,351.84,0.43666666666666665,0.5298957292663887,Goianésia do Pará,PA
2504306,221,135.14182811111297,255.17,0.4660633484162896,0.5296148767923854,Catolé do Rocha,PB
5002159,137,87.8614867217926,165.92000000000002,0.45985401459854014,0.5295412651988464,Bodoquena,MS
2500700,113,64.60598086959068,122.07000000000001,0.7345132743362832,0.5292535501727753,São João do Rio do Peixe,PB
2604205,267,153.95702663559916,290.92,0.2209737827715356,0.5292074337811054,Catende,PE
1504901,592,341.1900690515239,644.84,0.33614864864864863,0.5291081028650888,Muaná,PA
5006903,228,140.24328486464387,265.06,0.6754385964912281,0.5291001466258352,Porto Murtinho,MS
2516102,111,74.69542662654972,141.2,0.46846846846846846,0.529004437865083,Soledade,PB
2111078,161,87.63569926682526,165.68,0.5341614906832298,0.5289455532763475,São João do Soter,MA
1500958,216,128.30631379492414,242.98000000000002,0.5555555555555556,0.5280529829406705,Aurora do Pará,PA
1507409,103,69.05417329874123,130.78,0.3786407766990291,0.528017841403435,São Francisco do Pará,PA
5002209,398,226.37389536041402,428.95,0.5904522613065326,0.5277395858734445,Bonito,MS
2100055,1208,679.7958542602674,1289.21,0.6291390728476821,0.5272964484143525,Açailândia,MA
2500304,312,196.69255608066342,373.08,0.28525641025641024,0.5272128124816753,Alagoa Grande,PB
2705200,231,128.5002913707251,243.89000000000001,0.4199134199134199,0.5268780654013083,Messias,AL
2704104,130,73.26940675114653,139.12,0.45384615384615384,0.5266633607759239,Lagoa da Canoa,AL
1304062,1156,687.3140061324025,1305.21,0.40743944636678203,0.5265926602863926,Tabatinga,AM
4314407,1967,1435.381251465335,2730.2799216,0.38993390950686324,0.5257267725955997,Pelotas,RS
2103604,553,337.3263641289389,642.01,0.5587703435804702,0.525422289573276,Coroatá,MA
1300300,277,383.84002887744487,731.11,0.4151624548736462,0.5250099559265293,Autazes,AM
1303569,356,231.47616146137239,440.96999999999997,0.46629213483146065,0.5249249641956877,Rio Preto da Eva,AM
1301852,885,566.9349069034174,1081.03,0.3728813559322034,0.5244395686552801,Iranduba,AM
2706109,112,62.40588031955589,119.03999999999999,0.5357142857142857,0.5242429462328284,Ouro Branco,AL
1302009,113,90.64986396518245,172.95,0.30973451327433627,0.5241391382780136,Itapiranga,AM
2509107,189,114.67587544823101,218.93,0.708994708994709,0.5238015596228521,Mari,PB
2205805,209,110.03424753923983,210.07,0.5502392344497608,0.5237980079937156,Luzilândia,PI
4216503,285,181.62215040525223,346.83,0.43859649122807015,0.5236633232570777,São Joaquim,SC
2613701,951,534.63399319201,1022.19,0.5099894847528917,0.5230280018313719,São Lourenço da Mata,PE
2601706,658,380.75062888430557,728.0,0.4376899696048632,0.5230091056103099,Belo Jardim,PE
1504455,292,204.42995020874537,391.24,0.4828767123287671,0.5225180201634428,Medicilândia,PA
1200807,236,170.33103479881936,326.0,0.3983050847457627,0.5224878368061944,Porto Acre,AC
2408003,1621,1083.0054221903192,2074.69,0.44540407156076495,0.5220083107309136,Mossoró,RN
1502707,506,305.5897576847931,585.76,0.5158102766798419,0.5216978927970382,Conceição do Araguaia,PA
2407708,120,74.25987520721783,142.35,0.44166666666666665,0.5216710587089416,Montanhas,RN
2102325,708,407.03385482504353,781.29,0.4350282485875706,0.520976660171055,Buriticupu,MA
1503044,228,133.87413773238316,257.08,0.6710526315789473,0.5207489409226045,Floresta do Araguaia,PA
1504000,256,157.74432273048313,303.04,0.4921875,0.5205396077431466,Limoeiro do Ajuru,PA
2613404,244,134.68095929705598,258.88,0.38934426229508196,0.520244743885414,São José da Coroa Grande,PE
1501907,229,133.83610518170784,257.39,0.519650655021834,0.5199739895944203,Bujaru,PA
2507507,5447,3419.8150169632067,6580.88,0.5581053791077657,0.5196592274837418,João Pessoa,PB
2414803,132,83.64689370659914,161.01,0.44696969696969696,0.5195136557145466,Vera Cruz,RN
2504900,115,68.04412288452667,130.99,0.4782608695652174,0.5194604388466804,Cruz do Espírito Santo,PB
5107008,242,145.96849441050045,281.04,0.4669421487603306,0.5193869001227599,Poxoréo,MT
2600609,171,89.87433405828021,173.18,0.5380116959064327,0.5189648577103604,Alagoinha,PE
2709400,254,136.99261048995106,264.1,0.49606299212598426,0.5187149204466152,Viçosa,AL
2105500,245,145.1656903094243,280.1,0.563265306122449,0.5182637997480338,João Lisboa,MA
2605707,228,124.31418146430107,239.9,0.5131578947368421,0.5181916692967948,Floresta,PE
5107859,136,80.31812569114172,155.05,0.3235294117647059,0.5180143546671506,São Félix do Araguaia,MT
2500809,104,60.60545421502201,117.16,0.47115384615384615,0.5172879328697679,Araçagi,PB
4216206,439,399.4711346638181,772.42,0.5421412300683371,0.5171682953106057,São Francisco do Sul,SC
2112308,298,165.42257776417478,320.12,0.6610738255033557,0.5167517735979469,Tuntum,MA
1713304,132,78.48105523065442,151.89000000000001,0.6363636363636364,0.5166966569929187,Miranorte,TO
1200179,151,101.77387936675453,197.01,0.3576158940397351,0.5165924540213925,Capixaba,AC
1507607,676,408.07424537654583,790.28,0.5029585798816568,0.5163666616598495,São Miguel do Guamá,PA
1507904,395,216.3025617442262,419.84,0.5240506329113924,0.5152023669593803,Soure,PA
2613800,136,72.62253942725137,141.13,0.4264705882352941,0.5145790365425591,São Vicente Ferrer,PE
1501956,141,95.69205395747377,185.98,0.5177304964539007,0.5145287340438423,Cachoeira do Piriá,PA
2612406,171,92.552726525392,180.02,0.6608187134502924,0.5141246890645039,Sanharó,PE
1702554,191,105.93757416379957,206.17000000000002,0.5968586387434555,0.5138360293146411,Augustinópolis,TO
2206100,111,58.619749748957474,114.10000000000001,0.5225225225225225,0.5137576665114589,Matias Olímpio,PI
2605202,406,219.032464962328,426.35,0.3078817733990148,0.513738630145017,Escada,PE
5003488,204,110.36429775665714,214.95,0.4019607843137255,0.5134417201984515,Dois Irmãos do Buriti,MS
5219753,919,499.00703264818986,972.2,0.5331882480957563,0.5132761084634744,Santo Antônio do Descoberto,GO
3301900,2438,1533.1330672486674,2988.0099999999998,0.5127153404429861,0.5130950255349438,Itaboraí,RJ
1300839,123,70.79079952881216,138.0,0.3089430894308943,0.5129768081797983,Caapiranga,AM
2903235,121,62.02814080534617,121.0,0.2975206611570248,0.5126292628541006,Barro Alto,BA
3304805,338,206.4654233295054,403.1,0.4822485207100592,0.5121940544021468,São Fidélis,RJ
3300308,712,469.7228638849758,918.31,0.48735955056179775,0.5115079481710706,Barra do Piraí,RJ
2607653,247,150.01140706915942,293.64,0.43724696356275305,0.5108684343725631,Itambé,PE
4209300,1478,1063.6976723071905,2082.75,0.5230040595399188,0.5107178837148916,Lages,SC
2103000,1394,854.7132535853086,1673.74,0.554519368723099,0.5106607081059834,Caxias,MA
5102504,1038,586.3474071411869,1149.42,0.5163776493256262,0.5101245907859502,Cáceres,MT
5105507,200,117.85809843564255,231.26000000000002,0.475,0.5096346036307297,Vila Bela da Santíssima Trindade,MT
2109908,865,504.130736786143,989.25,0.5167630057803468,0.5096090339005742,Santa Inês,MA
2613107,338,174.7860199427551,343.06,0.5325443786982249,0.5094911092600568,São Caitano,PE
5007208,569,303.9114030023727,596.69,0.5272407732864675,0.5093288022295877,Rio Brilhante,MS
5108402,3780,2121.546376192735,4167.49,0.6044973544973545,0.5090705379479579,Várzea Grande,MT
1300904,165,118.94667832933222,234.02,0.7575757575757576,0.5082756957923776,Canutama,AM
5107701,137,78.71413809210425,154.95000000000002,0.5547445255474452,0.5079970189874427,Rosário Oeste,MT
2915007,110,55.85892578476334,110.0,0.45454545454545453,0.5078084162251213,Itaeté,BA
2506707,100,55.28483165283952,108.87,0.42,0.5078059304936118,Imaculada,PB
1303809,689,379.70208605074595,747.78,0.41509433962264153,0.5077724545330792,São Gabriel da Cachoeira,AM
3304755,487,281.66210207628757,555.18,0.4681724845995893,0.5073347420229252,São Francisco de Itabapoana,RJ
2509206,101,59.74515087550253,117.88,0.40594059405940597,0.5068302585298824,Massaranduba,PB
2704708,869,470.80446490822584,930.0600000000001,0.46029919447640966,0.5062087014904693,Marechal Deodoro,AL
2500403,235,120.40582646783902,237.99,0.8936170212765957,0.5059280913813144,Alagoa Nova,PB
1500859,318,207.61149798996283,410.96000000000004,0.4811320754716981,0.5051866312778928,Anapu,PA
1505437,425,244.113340556683,483.34999999999997,0.5341176470588235,0.5050446685769795,Ourilândia do Norte,PA
2102309,245,128.78219427649424,255.1,0.5714285714285714,0.504830240205779,Buriti Bravo,MA
2708907,269,141.84634935021467,281.02,0.550185873605948,0.5047553531784736,Satuba,AL
3303807,415,280.58867298151495,556.11,0.4891566265060241,0.5045560644144412,Paraty,RJ
1503903,782,455.50356671216946,903.13,0.5025575447570333,0.50436101858223,Juruti,PA
2602001,289,149.00869937257258,295.88,0.47750865051903113,0.5036119351513201,Bodocó,PE
1303106,304,190.7254167055917,379.12,0.3782894736842105,0.50307400481534,Nova Olinda do Norte,AM
2208007,528,295.7484041139923,587.91,0.5511363636363636,0.5030504739058569,Picos,PI
2104800,987,533.7981881818813,1061.3,0.46403242147923,0.5029663508733453,Grajaú,MA
2601607,174,97.54554275989415,194.17000000000002,0.632183908045977,0.5023718533238613,Belém do São Francisco,PE
4201950,119,103.31709121500353,205.88,0.5126050420168067,0.5018316068340952,Balneário Arroio do Silva,SC
1600303,6536,3704.019512826662,7381.2300000000005,0.4548653610771114,0.5018160269801458,Macapá,AP
5007554,137,71.25986955972542,142.11,0.5109489051094891,0.5014416266253283,Santa Rita do Pardo,MS
2504801,106,57.18311190240733,114.04,0.49056603773584906,0.5014303043003098,Coremas,PB
3306107,718,431.2109902780069,860.09,0.5571030640668524,0.5013556607773685,Valença,RJ
2110708,348,191.5430106705944,382.08,0.49712643678160917,0.5013165061521001,São Domingos do Maranhão,MA
2700102,150,78.04395462947923,155.93,0.4866666666666667,0.5005063466265582,Água Branca,AL
1507458,315,181.5534759777346,362.91,0.526984126984127,0.5002713509623173,São Geraldo do Araguaia,PA
3140852,112,65.02799851165072,130.09,0.3125,0.49986930979822214,Matias Cardoso,MG
2604601,203,104.39734263321363,208.94,0.43349753694581283,0.49965225726626605,Condado,PE
1304203,1206,667.0458893548781,1337.5,0.43781094527363185,0.4987258985830864,Tefé,AM
1301100,174,260.1112366250583,521.93,0.3735632183908046,0.49836421862138286,Careiro,AM
4201307,562,491.84344086736746,987.1800000000001,0.49466192170818507,0.49823075920031545,Araquari,SC
2111805,250,130.4974880619296,262.06,0.54,0.4979679770355247,Sítio Novo,MA
2504009,2736,1593.5756860379017,3201.98,0.49159356725146197,0.4976844596274498,Campina Grande,PB
1508035,193,111.33419337433169,223.81,0.3626943005181347,0.4974495928436249,Tracuateua,PA
2506905,158,84.56663570069557,170.07999999999998,0.5379746835443038,0.4972168138563945,Itabaiana,PB
1707009,233,130.30339355213653,262.12,0.6094420600858369,0.4971135111862373,Dianópolis,TO
1700707,110,63.13355925656955,127.07,0.7181818181818181,0.49684079056086844,Alvorada,TO
1600535,337,179.9728728056019,362.29,0.685459940652819,0.49676467141130554,Porto Grande,AP
2105302,2612,1495.3636574995555,3011.85,0.5463246554364471,0.4964934035558064,Imperatriz,MA
3301850,593,353.344025981341,712.77,0.47386172006745364,0.49573358303708215,Guapimirim,RJ
2204501,128,64.97088708110823,131.09,0.6796875,0.49562046747355426,Guadalupe,PI
1505700,296,157.55446588653157,318.36,0.5844594594594594,0.4948940378393378,Ponta de Pedras,PA
2106706,216,117.65891015722019,238.02,0.5694444444444444,0.4943236289270657,Mirador,MA
3303302,2361,1464.6563900375647,2964.59,0.5124947056332063,0.49405023630166894,Niterói,RJ
5001003,434,229.66900626514817,465.1,0.5806451612903226,0.49380564666770194,Aparecida do Taboado,MS
5002902,230,126.91677657770107,257.1,0.5478260869565217,0.49364751683275404,Cassilândia,MS
1600600,1709,909.268491968854,1842.44,0.5318899941486249,0.49351321723847397,Santana,AP
1701002,145,82.3265469584456,167.02,0.46206896551724136,0.4929143034274075,Ananás,TO
2927309,201,99.02007888688277,201.0,0.4577114427860697,0.4926372083924516,Salinas da Margarida,BA
2600054,722,393.4370570721473,799.03,0.46121883656509693,0.49239334827496756,Abreu e Lima,PE
1300144,245,180.5946823729473,367.01,0.6204081632653061,0.4920701952888131,Apuí,AM
2103208,685,351.3849651350328,714.26,0.41751824817518246,0.4919566616288646,Chapadinha,MA
3301405,179,100.80605217620072,204.95000000000002,0.5586592178770949,0.491856804958286,Conceição de Macabu,RJ
1100106,488,265.8396178432833,541.87,0.45286885245901637,0.49059667049898187,Guajará-Mirim,RO
5103353,583,309.39833734700375,630.96,0.5471698113207547,0.49036125482915516,Confresa,MT
1300805,331,185.8983531767518,379.24,0.4169184290030212,0.4901865657018031,Borba,AM
2403103,257,148.50422666697543,303.0,0.46303501945525294,0.4901129592969486,Currais Novos,RN
3305554,980,596.1951482301539,1216.93,0.5091836734693878,0.4899173725934556,Seropédica,RJ
2101202,902,469.7879702910524,960.01,0.5110864745011087,0.4893573715805589,Bacabal,MA
5103007,246,130.23215810812414,266.23,0.6869918699186992,0.4891716114191644,Chapada dos Guimarães,MT
2501005,133,73.26951201904298,149.85,0.40601503759398494,0.4889523658261126,Araruna,PB
2207801,236,121.32152632084384,248.22,0.5042372881355932,0.4887661200581897,Paulistana,PI
1200336,215,127.01917739633585,259.94,0.386046511627907,0.4886480626157415,Mâncio Lima,AC
4300604,1974,1298.6521516901532,2663.4966991,0.36119554204660587,0.4875741547301222,Alvorada,RS
1301209,932,507.43956074681705,1040.78,0.40772532188841204,0.48755698682412907,Coari,AM
2202505,118,64.34043164264136,132.09,0.4830508474576271,0.487095401942928,Caracol,PI
2205854,102,49.616873550346384,102.0,0.5588235294117647,0.4864399367681018,Madeiro,PI
2923902,134,65.12866414181372,134.0,0.3283582089552239,0.4860348070284606,Pau Brasil,BA
2604403,128,62.05761532539538,128.0,0.6328125,0.4848251197296514,Chã de Alegria,PE
4202305,581,499.72399052259533,1030.75,0.459552495697074,0.4848159015499348,Biguaçu,SC
2103307,1166,634.7320469306131,1311.55,0.5188679245283019,0.4839556608063842,Codó,MA
5106828,141,77.37139154245695,159.98,0.49645390070921985,0.48363165109674305,Porto Esperidião,MT
5002001,185,93.7935325549917,193.96,0.6756756756756757,0.4835715227623824,Batayporã,MS
1718204,713,430.963010539393,892.63,0.4431977559607293,0.4828013964793845,Porto Nacional,TO
2208205,197,96.57354338492301,200.08,0.583756345177665,0.4826746470657887,Pio IX,PI
2500601,216,119.82161647835358,248.3,0.3101851851851852,0.482567927822608,Alhandra,PB
1504976,182,107.99076909195232,223.88,0.532967032967033,0.4823600549042001,Nova Ipixuna,PA
1502954,292,164.9625212186801,342.13,0.5136986301369864,0.4821632748331924,Eldorado do Carajás,PA
1200351,136,78.04057691893925,161.9,0.625,0.48202950536713557,Marechal Thaumaturgo,AC
2609303,166,81.04674246122823,168.25,0.5783132530120482,0.4817042642569286,Mirandiba,PE
1505650,196,127.73117723768597,265.2,0.5714285714285714,0.48164093981027895,Placas,PA
5220454,1917,1003.6769961065862,2083.9700000000003,0.6045905059989567,0.4816177757388955,Senador Canedo,GO
3551009,3048,1649.499136689168,3426.0000075,0.4868766404199475,0.48146501257389973,São Vicente,SP
2926608,501,241.1663446454083,501.0,0.40718562874251496,0.48136994939203254,Ribeira do Pombal,BA
2202406,137,65.9111838250397,137.0,0.5401459854014599,0.48110353156963287,Capitão de Campos,PI
5005400,648,371.5100324840242,773.34,0.4722222222222222,0.4803967627227664,Maracaju,MS
2701704,201,99.37733641650647,206.94,0.42786069651741293,0.48022294586115044,Capela,AL
4304663,241,152.58675784123017,318.0000016,0.3112033195020747,0.4798325694135159,Capão do Leão,RS
1505536,2854,1854.0144468076833,3867.68,0.5059565522074282,0.47936086925694044,Parauapebas,PA
2933455,121,57.994917504453845,121.0,0.5537190082644629,0.47929683887978386,Wanderley,BA
4205407,2861,2316.120506166143,4832.44,0.5103110800419434,0.47928593136513714,Florianópolis,SC
2103505,392,203.76730850023415,425.3,0.5,0.4791142922648346,Colinas,MA
2506806,128,75.61303080395909,158.0,0.46875,0.4785634861010069,Ingá,PB
2401008,195,110.02410296128122,229.92,0.4461538461538462,0.4785321110007012,Apodi,RN
2900355,139,66.48413269447559,139.0,0.4244604316546763,0.47830311290989636,Adustina,BA
2210409,104,49.74276793288883,104.0,0.4519230769230769,0.4782958455085465,São Miguel do Tapuio,PI
1301001,340,199.96017437312875,418.12,0.5941176470588235,0.4782363301758556,Carauari,AM
1508001,1105,598.9121698923434,1252.59,0.4968325791855204,0.4781390318399025,Tomé-Açu,PA
1503705,486,268.05843400219476,560.67,0.44650205761316875,0.4781037580077314,Itupiranga,PA
3302601,429,269.8532798910118,564.43,0.4172494172494173,0.47809875430259174,Mangaratiba,RJ
1200054,103,59.24080269140988,123.92999999999999,0.5048543689320388,0.4780182578182029,Assis Brasil,AC
2706448,232,111.22184623354876,233.08,0.3577586206896552,0.4771831398384621,Paripueira,AL
3136702,3343,1941.2164017249484,4070.81,0.5518994914747233,0.47686244303343767,Juiz de Fora,MG
2602605,420,207.90790834444232,436.06,0.49047619047619045,0.47678738784672364,Brejo da Madre de Deus,PE
1502004,207,110.74412981881733,232.36,0.357487922705314,0.4766058263849945,Cachoeira do Arari,PA
2202000,298,144.36856823108266,302.95,0.6174496644295302,0.4765425589406921,Buriti dos Lopes,PI
2205706,305,155.23758482929333,325.9,0.521311475409836,0.47633502555781937,Luís Correia,PI
2104057,500,264.9916817204825,557.19,0.606,0.47558585351582494,Estreito,MA
4208450,233,224.95020979658835,473.16,0.5450643776824035,0.4754210199437576,Itapoá,SC
5003256,451,220.4143093323869,463.66,0.5476718403547672,0.47537917726865997,Costa Rica,MS
5007406,288,161.2276363581944,339.32,0.5034722222222222,0.4751492289231239,Rio Verde de Mato Grosso,MS
2102200,251,132.39744933218736,278.73,0.2908366533864542,0.4750025089950395,Buriti,MA
2611507,221,106.32621762180094,224.04,0.579185520361991,0.47458586690680654,Quipapá,PE
4305454,145,99.17468439475546,208.9999994,0.3310344827586207,0.4745200223897965,Cidreira,RS
4304630,618,396.29054133650624,835.9999994,0.3640776699029126,0.47403174835038914,Capão da Canoa,RS
2210607,413,204.14968959951187,430.82,0.7360774818401937,0.4738630741365579,São Raimundo Nonato,PI
2706406,307,150.06157915253692,317.06,0.5504885993485342,0.4732907940217527,Pão de Açúcar,AL
2501104,212,106.19062911781118,224.38000000000002,0.9056603773584906,0.4732624526152561,Areia,PB
2110278,124,67.62039720996088,142.92,0.4032258064516129,0.47313460124517837,Santo Amaro do Maranhão,MA
2112407,294,151.75638780745902,320.98,0.6496598639455783,0.4727907901036171,Turiaçu,MA
2608800,407,203.19312010503387,430.39,0.5749385749385749,0.472113943411868,Lajedo,PE
2211100,487,246.3354846228112,522.1,0.3408624229979466,0.4718166723286941,União,PI
1506351,256,131.68178971089006,279.1,0.46484375,0.47180863386202093,Santa Bárbara do Pará,PA
4218004,100,348.93221224110306,739.78,0.34,0.47167024283044023,Tijucas,SC
2602803,508,247.89435853388704,525.7,0.5551181102362205,0.47155099587956445,Buíque,PE
2610004,323,161.80663446357985,343.28000000000003,0.6439628482972136,0.47135467974708645,Palmares,PE
3305752,339,187.48342962211558,397.98,0.551622418879056,0.4710875662649268,Tanguá,RJ
1506138,1080,581.9251201921559,1235.33,0.5833333333333334,0.4710685567355734,Redenção,PA
5105101,390,205.042334092187,435.29,0.5974358974358974,0.4710476557977141,Juara,MT
5101852,113,58.80529286504792,125.03,0.8230088495575221,0.47032946384905955,Bom Jesus do Araguaia,MT
2111763,133,69.59441726711351,147.99,0.6466165413533834,0.4702643237185858,Senador La Rocque,MA
5004106,155,88.3466186158391,188.07999999999998,0.6580645161290323,0.4697289377703058,Guia Lopes da Laguna,MS
5100409,172,86.49014807773038,184.24,0.5290697674418605,0.4694428358539426,Alto Garças,MT
2512903,231,121.35660340832409,258.8,0.47186147186147187,0.4689204150244362,Rio Tinto,PB
2600708,237,118.6482576416138,253.09,0.39662447257383965,0.46879867889530913,Aliança,PE
2616407,1004,496.48529172220975,1059.19,0.5079681274900398,0.4687405392065727,Vitória de Santo Antão,PE
4212650,120,63.60476166096334,135.73,0.4666666666666667,0.4686124044865788,Pescaria Brava,SC
2606408,447,217.79055433112978,464.94,0.42953020134228187,0.4684272257304809,Gravatá,PE
3305604,260,147.85201113740703,315.78000000000003,0.5769230769230769,0.4682120816309045,Silva Jardim,RJ
3109402,268,137.14654547174825,293.07,0.6268656716417911,0.467965146455619,Buritizeiro,MG
2210508,192,90.73256470858972,193.89000000000001,0.671875,0.4679589700788577,São Pedro do Piauí,PI
2210003,251,120.15524648244377,256.97,0.649402390438247,0.4675847238294111,São João do Piauí,PI
3301009,3954,2242.5124730793123,4798.48,0.39580171977744055,0.4673380889530252,Campos dos Goytacazes,RJ
2209971,115,54.74730824712648,117.15,0.8782608695652174,0.46732657487944074,São João do Arraial,PI
1301803,248,139.04719575196313,297.82,0.6451612903225806,0.46688333809671323,Ipixuna,AM
2924306,150,69.8474781070772,150.0,0.4533333333333333,0.4656498540471813,Piatã,BA
2607000,266,127.15204137970207,273.2,0.8007518796992481,0.4654174281833897,Inajá,PE
5006606,1793,877.2720012466406,1885.29,0.682654768544339,0.4653246987183089,Ponta Porã,MS
1508084,467,264.8331495517018,569.17,0.48822269807280516,0.46529709849728873,Tucumã,PA
5107602,2966,1551.869095287007,3336.3,0.6065407956844234,0.4651467479803995,Rondonópolis,MT
5103502,291,156.33010244699847,336.1,0.6082474226804123,0.4651297305772046,Diamantino,MT
5103403,5876,3251.7570972492704,6998.75,0.46919673247106874,0.464619695981321,Cuiabá,MT
2601052,221,109.67997942202229,236.07999999999998,0.5384615384615384,0.46458818799568913,Araçoiaba,PE
3135050,536,276.0469547855065,595.03,0.6007462686567164,0.4639210708460187,Jaíba,MG
3301603,138,71.91219061426168,155.16,0.6521739130434783,0.4634711949875076,Duas Barras,RJ
3118601,4601,2613.8312182333375,5640.54,0.7061508367746142,0.4634008832901349,Contagem,MG
2107605,119,61.1561241660205,132.03,0.7058823529411765,0.46319869852321816,Palmeirândia,MA
2702801,157,77.81886097933894,168.1,0.4968152866242038,0.46293195109660285,Flexeiras,AL
2111300,6251,3259.8404513744135,7043.3,0.569828827387618,0.4628285677699961,São Luís,MA
2615409,548,264.73652161520005,572.17,0.6423357664233577,0.4626885744013144,Toritama,PE
1506807,4040,2293.5688085436914,4959.74,0.5126237623762376,0.4624373069039287,Santarém,PA
1504059,367,190.93489297746882,413.3,0.4713896457765668,0.461976513373987,Mãe do Rio,PA
4306767,324,217.92627881751088,472.0069453,0.2932098765432099,0.4617014240733268,Eldorado do Sul,RS
2110401,183,104.75004514873062,226.95,0.3825136612021858,0.46155560761723124,São Benedito do Rio Preto,MA
1302504,1280,697.4703383082565,1512.16,0.403125,0.46124109770676147,Manacapuru,AM
2100832,165,94.92605948675738,205.95,0.3878787878787879,0.4609179873112765,Apicum-Açu,MA
2112803,518,257.8097016990368,559.39,0.5366795366795367,0.4608764935001283,Viana,MA
1504208,2997,1746.173958215856,3789.05,0.5128461795128462,0.46084743094333824,Marabá,PA
3303708,349,200.08571861251514,434.2,0.5128939828080229,0.4608146444323241,Paraíba do Sul,RJ
3525102,402,217.73056193123992,473.0000015,0.4577114427860697,0.46031831129125256,Jardinópolis,SP
1504752,178,97.09329816631113,211.03,0.43820224719101125,0.4600923952343796,Mojuí dos Campos,PA
5007950,187,92.06063709276162,200.28,0.5668449197860963,0.4596596619370962,Tacuru,MS
2600906,151,73.56661114437343,160.06,0.5496688741721855,0.4596189625413809,Amaraji,PE
1302207,137,84.15593601333894,183.17000000000002,0.5109489051094891,0.45944169904099436,Juruá,AM
3157807,2300,1214.399575031104,2644.0,0.7091304347826087,0.45930392399058395,Santa Luzia,MG
2102101,272,132.61231067607312,289.09,0.5808823529411765,0.4587232719086552,Brejo,MA
1505007,120,68.31638890303111,149.07999999999998,0.5083333333333333,0.45825321238952993,Nova Timboteua,PA
2609154,174,84.68473822455047,185.02,0.5287356321839081,0.45770586003972796,Manari,PE
1506708,561,310.95330124119965,679.75,0.5882352941176471,0.4574524475780797,Santana do Araguaia,PA
2108603,539,320.5881777809563,701.22,0.47680890538033394,0.4571863007058502,Pinheiro,MA
5002407,393,211.1643895327636,461.89,0.6564885496183206,0.45717462931166214,Caarapó,MS
3161106,612,300.00968766409807,656.65,0.6209150326797386,0.4568791405834129,São Francisco,MG
2200707,126,58.016163182990276,127.02,0.5714285714285714,0.4567482536843826,Anísio de Abreu,PI
3306206,348,185.71569316549295,406.83,0.603448275862069,0.4564945878265933,Vassouras,RJ
1301654,158,89.95553962875286,197.1,0.5506329113924051,0.4563954319064072,Guajará,AM
3130101,532,274.3322696956106,601.1,0.7387218045112782,0.4563837459584272,Igarapé,MG
3113305,258,138.7729849868784,304.33,0.624031007751938,0.45599508752629847,Carangola,MG
3301207,140,75.79939759888572,166.31,0.6857142857142857,0.45577173711073127,Carmo,RJ
4207205,111,66.98913530352667,147.14000000000001,0.45045045045045046,0.4552748083697612,Imaruí,SC
1501006,106,54.674159617824195,120.11,0.6415094339622641,0.4552007294798451,Aveiro,PA
3134004,108,54.173607805684874,119.05,0.5833333333333334,0.45504920458366127,Itinga,MG
4211900,1796,1472.5447490994748,3236.23,0.48552338530066813,0.4550185707132913,Palhoça,SC
2101707,762,358.5714806275895,788.28,0.7860892388451444,0.45487831814531576,Barreirinhas,MA
3124104,914,498.3980599875813,1096.15,0.6925601750547046,0.45468052728876635,Esmeraldas,MG
3303203,851,450.2762195423598,990.6700000000001,0.4735605170387779,0.4545168618635467,Nilópolis,RJ
5200258,3010,1513.2168618185374,3329.4700000000003,0.5335548172757475,0.45449181455863463,Águas Lindas de Goiás,GO
2501302,203,99.61363469411732,219.19,0.4433497536945813,0.4544624968936417,Aroeiras,PB
2615003,235,113.72836354120409,250.39000000000001,0.5957446808510638,0.45420489452935053,Taquaritinga do Norte,PE
2408904,210,104.7987629023066,230.87,0.638095238095238,0.45392975658295404,Parelhas,RN
2611309,133,65.80998819144313,145.04,0.41353383458646614,0.4537368187496079,Pombos,PE
2104206,310,144.70687136932912,319.09000000000003,0.7225806451612903,0.4534986097004892,Fortuna,MA
1505031,466,255.46949972290028,563.54,0.5793991416309013,0.4533298429976582,Novo Progresso,PA
3555406,972,521.8492367165393,1151.9999981,0.3683127572016461,0.45299412984134385,Ubatuba,SP
3170701,1027,523.7610511605209,1157.17,0.7215189873417721,0.45262239010734884,Varginha,MG
2901304,136,61.52587188620925,136.0,0.47794117647058826,0.4523961168103621,Andaraí,BA
4202107,346,373.7076685533966,826.8,0.48265895953757226,0.45199282602007335,Barra Velha,SC
1506195,320,171.36096198804074,379.17,0.546875,0.4519370255770254,Rurópolis,PA
3506607,302,164.02978033740106,363.0000012,0.5231788079470199,0.4518726716119941,Biritiba-Mirim,SP
5005806,183,95.53173800465314,211.76,0.6174863387978142,0.4511321212913352,Nioaque,MS
1503002,148,83.03616202292808,184.18,0.5337837837837838,0.4508424477300906,Faro,PA
3154606,3421,1798.1221973262907,3990.94,0.6062554808535516,0.4505510474540561,Ribeirão das Neves,MG
2206605,116,52.702622287363305,117.0,0.5689655172413793,0.4504497631398573,Monte Alegre do Piauí,PI
4205803,230,147.4571647104011,327.5,0.6739130434782609,0.4502508846119117,Garuva,SC
5101704,410,196.39019804984656,436.41,0.7268292682926829,0.45001305664362995,Barra do Bugres,MT
3556800,159,74.64099235879127,166.0000041,0.6037735849056604,0.44964452117619713,Viradouro,SP
3135209,675,332.2842924289632,739.8100000000001,0.5792592592592593,0.44914814942885767,Januária,MG
3170206,5954,3191.5771940787345,7110.26,0.6513268390997649,0.448869266957711,Uberlândia,MG
3524105,285,139.97164773868235,311.9999994,0.5017543859649123,0.44862707694826476,Ituverava,SP
3513108,335,175.32062330324305,390.9999981,0.5880597014925373,0.4483903431078892,Cravinhos,SP
3127107,525,267.4182551308961,596.45,0.7390476190476191,0.44834982836934545,Frutal,MG
5104807,348,169.80098829220086,378.87,0.5545977011494253,0.448177444221503,Jaciara,MT
2201200,557,256.77989561668545,573.04,0.599640933572711,0.4481011720240916,Barras,PI
5100250,657,331.86562822706395,741.45,0.7168949771689498,0.44759003065218683,Alta Floresta,MT
3531100,749,400.9525020129947,896.8000023,0.4205607476635514,0.44709244088390065,Mongaguá,SP
2604106,3085,1479.2767695474122,3308.92,0.5831442463533225,0.44705727837101294,Caruaru,PE
2209203,100,46.539831807483445,104.12,0.62,0.44698263357168116,Santa Filomena,PI
1502939,510,247.14219860677306,553.27,0.6941176470588235,0.4466936551896417,Dom Eliseu,PA
2929909,406,181.29662255520765,406.0,0.3497536945812808,0.4465434053083932,Seabra,BA
3302700,1946,1047.3824429190902,2346.07,0.5976361767728674,0.44644125832523757,Maricá,RJ
4318705,1839,1128.896654165248,2531.2820709,0.3833605220228385,0.4459782128365756,São Leopoldo,RS
2113009,258,130.35031801361905,292.35,0.7364341085271318,0.44587076454119734,Vitorino Freire,MA
5002308,181,90.44788863772897,202.88,0.6132596685082873,0.44581964036735494,Brasilândia,MS
2600500,455,206.93219074616326,464.25,0.5714285714285714,0.4457343904063829,Águas Belas,PE
2105401,772,357.17451770768525,801.5400000000001,0.6049222797927462,0.4456103472162153,Itapecuru Mirim,MA
2611002,412,192.9997583530744,433.19,0.662621359223301,0.44553142582486766,Petrolândia,PE
2108504,399,196.8421547416619,441.85,0.5037593984962406,0.445495427728102,Pindaré-Mirim,MA
1504802,732,366.5875645883898,823.41,0.4685792349726776,0.44520659767113563,Monte Alegre,PA
5215231,988,506.1195735344117,1138.16,0.5748987854251012,0.4446822709763229,Novo Gama,GO
2701001,238,107.06222830426898,241.04,0.8823529411764706,0.44416789040934695,Boca da Mata,AL
1507706,377,195.35290564870314,440.13,0.47480106100795755,0.44385273816532195,São Sebastião da Boa Vista,PA
4204558,168,97.69412120950872,220.21,0.5654761904761905,0.44364071209077116,Correia Pinto,SC
2707602,166,75.89168080393837,171.08,0.6144578313253012,0.4436034650686133,Quebrangulo,AL
3554102,2159,1128.7276096115731,2545.0000124,0.540064844835572,0.44350789945464647,Taubaté,SP
2609402,385,178.17480628799302,401.9,0.44155844155844154,0.4433311925553447,Moreno,PE
2605905,162,74.38502684937025,168.07999999999998,0.7716049382716049,0.44255727540082257,Gameleira,PE
4215455,157,101.82938297236248,230.23000000000002,0.49044585987261147,0.44229415355237145,Sangão,SC
2106326,315,152.11474256877952,344.01,0.4158730158730159,0.44218116499165583,Maracaçumé,MA
3305703,134,68.12323306238355,154.08,0.753731343283582,0.4421289788576294,Sumidouro,RJ
3152808,334,169.6382190043282,383.7,0.5,0.44211159500737085,Prata,MG
1506005,452,232.04723985594418,524.95,0.4446902654867257,0.4420368413295441,Prainha,PA
2606002,1278,597.7299915219176,1353.19,0.6971830985915493,0.44171919059549475,Garanhuns,PE
1100346,144,74.52084793786054,168.78,0.6875,0.4415265312114026,Alvorada D'Oeste,RO
3151206,588,293.67911998601875,665.33,0.70578231292517,0.4414036943862726,Pirapora,MG
2101731,108,48.58241789592183,110.08,0.7222222222222222,0.4413373718742899,Belágua,MA
4202602,107,59.867570061119366,135.71,0.45794392523364486,0.4411433944522833,Bom Retiro,SC
1304104,255,124.99229831498891,283.46,0.5137254901960784,0.44095215661817866,Tapauá,AM
3143203,174,81.01173216566042,184.03,0.6206896551724138,0.44020937980579483,Monte Santo de Minas,MG
2206407,122,56.80216340704463,129.13,0.4180327868852459,0.4398835546119773,Monsenhor Gil,PI
2602100,462,208.42678142092385,473.88,0.6060606060606061,0.43983029758783626,Bom Conselho,PE
3170107,2858,1508.3022950393122,3432.61,0.6154653603918825,0.4394039215172455,Uberaba,MG
4214003,223,136.84467185683636,311.53,0.5919282511210763,0.43926643294975243,Presidente Getúlio,SC
1502152,1402,760.8678973145669,1732.79,0.6533523537803139,0.43909988937757427,Canaã dos Carajás,PA
2610707,2040,959.4744312699492,2185.27,0.5495098039215687,0.4390644777395696,Paulista,PE
2929057,164,71.97228921183581,164.0,0.36585365853658536,0.4388554220233891,São Félix do Coribe,BA
5103858,100,50.073140624540954,114.18,0.6,0.4385456351772723,Gaúcha do Norte,MT
2100600,309,153.61492909772744,350.29,0.42071197411003236,0.43853643865861835,Amarante do Maranhão,MA
3107406,467,230.0090240765483,524.55,0.7473233404710921,0.438488273904391,Bom Despacho,MG
1301704,762,360.2577942020436,821.6800000000001,0.5787401574803149,0.43844050506528526,Humaitá,AM
2607505,205,91.20429112181394,208.03,0.5853658536585366,0.43841893535458315,Itaíba,PE
2603454,1192,556.9496916649714,1270.5,0.5805369127516778,0.43837047750096136,Camaragibe,PE
2509057,129,64.86807377103095,148.02,0.21705426356589147,0.43823857432124674,Marcação,PB
2108207,267,127.84148549163011,292.02,0.6404494382022472,0.43778332131919084,Pedreiras,MA
2604502,245,112.1021996554186,256.08,0.5836734693877551,0.4377624166487762,Chã Grande,PE
4211306,821,731.5542104524691,1671.76,0.5286236297198539,0.43759523523261057,Navegantes,SC
3527207,657,319.00756995126596,729.6842097,0.4794520547945205,0.4371857931288135,Lorena,SP
5107958,1185,591.9773170708995,1354.85,0.5924050632911393,0.4369319976904451,Tangará da Serra,MT
1301308,288,143.14949038180777,327.73,0.4930555555555556,0.4367909266219381,Codajás,AM
3300936,138,74.76410220472015,171.18,0.6014492753623188,0.4367572275074199,Carapebus,RJ
1600238,150,70.313169845672,161.03,0.7333333333333333,0.4366464003333043,Ferreira Gomes,AP
4301107,130,68.98934977911817,157.9999999,0.4076923076923077,0.4366414545745716,Arroio dos Ratos,RS
1508407,599,312.2447940978418,715.34,0.49248747913188645,0.43649844003948024,Xinguara,PA
2103174,178,82.49850864913796,189.01,0.3707865168539326,0.43647695174402396,Centro Novo do Maranhão,MA
2102754,101,46.68921781340034,106.99000000000001,0.9108910891089109,0.436388614014397,Capinzal do Norte,MA
4315602,1519,847.2823761993077,1941.7999991,0.44173798551678733,0.4363386428015308,Rio Grande,RS
1505635,153,72.88788347367735,167.16,0.5686274509803921,0.43603663241013013,Piçarra,PA
2112001,127,60.99075715679568,139.89000000000001,0.5511811023622047,0.4359908296289633,Tasso Fragoso,MA
4202800,390,230.81596370770131,529.82,0.5923076923076923,0.43564977484372297,Braço do Norte,SC
5007703,162,70.55843645309467,162.0,0.5308641975308642,0.4355459040314486,Sete Quedas,MS
3554805,312,153.29505847522404,351.9999982,0.5384615384615384,0.43549732744067965,Tremembé,SP
1709500,752,377.53461088528684,867.07,0.5425531914893617,0.43541422363279414,Gurupi,TO
3119104,231,106.17727713481561,243.94,0.8571428571428571,0.43525980624258265,Corinto,MG
3132701,209,99.24689684748047,228.08,0.5789473684210527,0.43514072626920586,Itambacuri,MG
2516904,124,54.789412724786764,126.01,0.45161290322580644,0.43480210082363907,Uiraúna,PB
2109502,283,134.2233079394608,308.75,0.5335689045936396,0.4347313617472414,Riachão,MA
3513405,452,210.7944688398912,484.9999983,0.5619469026548672,0.43462777232733696,Cruzeiro,SP
4100400,1101,580.8592786477876,1336.61,0.4586739327883742,0.4345764872683787,Almirante Tamandaré,PR
4220000,209,122.57010363301784,282.06,0.5167464114832536,0.4345532994150813,Balneário Rincão,SC
2514503,134,60.36273221295552,138.92,0.5597014925373134,0.4345143407209583,São José de Piranhas,PB
4207106,188,130.48006518597037,300.33,0.46808510638297873,0.43445564940555514,Ilhota,SC
2601102,937,431.17052332273886,992.77,0.5229455709711847,0.43431058888034374,Araripina,PE
3146305,190,85.90593936501077,197.83,0.5736842105263158,0.4342412139969204,Padre Paraíso,MG
2602704,124,54.247814199237595,124.96000000000001,0.8548387096774194,0.43412143245228546,Buenos Aires,PE
2100436,165,83.5662292195183,192.73,0.5212121212121212,0.4335922234188674,Alto Alegre do Maranhão,MA
4304606,2563,1461.4567597198047,3370.70518,0.4385485758876317,0.4335759675427338,Canoas,RS
5001904,321,150.5659227104235,347.35,0.5264797507788161,0.43347034032078163,Bataguassu,MS
3525201,507,229.3000866866964,528.9999992,0.4418145956607495,0.4334595218023894,Jarinu,SP
2208502,155,69.82869030315787,161.1,0.36129032258064514,0.4334493501127118,Porto,PI
3101706,408,202.42234491322213,467.25,0.5490196078431373,0.43322064186885423,Almenara,MG
3550704,985,465.67993271628166,1074.9999921,0.43959390862944164,0.43319063826836063,São Sebastião,SP
1302900,530,282.0168501106947,651.87,0.5509433962264151,0.4326274412240089,Maués,AM
2610806,174,78.71644194525713,182.01,0.5459770114942529,0.432484159910209,Pedra,PE
2709103,239,109.78811872413829,253.89000000000001,0.39330543933054396,0.43242395810838663,Taquarana,AL
4213500,255,162.2117865646632,375.13,0.6274509803921569,0.43241486035417914,Porto Belo,SC
3133303,180,88.19185390230379,204.02,0.5388888888888889,0.4322706298515037,Itaobim,MG
3509403,218,106.7701077782773,246.9999989,0.5504587155963303,0.4322676447521122,Cajuru,SP
2608750,344,151.82847785700696,351.40000000000003,0.6773255813953488,0.43206738149404367,Lagoa Grande,PE
2610400,175,79.41614192074502,183.85,0.5942857142857143,0.4319616095770738,Parnamirim,PE
5101407,383,192.19357186054782,445.09,0.6266318537859008,0.4318083350795296,Aripuanã,MT
3151602,142,69.21881836712134,160.32,0.6619718309859155,0.4317541065813457,Planura,MG
3300704,2212,1257.5768065386226,2912.88,0.5524412296564195,0.4317296993142946,Cabo Frio,RJ
3510807,217,105.33734941834449,244.0000009,0.6221198156682027,0.43171044684346344,Casa Branca,SP
3537602,715,343.51739824668556,795.9999979,0.4727272727272727,0.4315545215489322,Peruíbe,SP
4212809,374,237.02510967547715,549.4399999999999,0.5347593582887701,0.43139398237383003,Balneário Piçarras,SC
1100809,366,187.2268406982563,434.11,0.5136612021857924,0.43128893759244497,Candeias do Jamari,RO
2601904,401,181.0227277712449,420.06,0.5660847880299252,0.43094493113184995,Bezerros,PE
2614105,302,134.658715768973,312.72,0.5695364238410596,0.43060474472043037,Sertânia,PE
1503606,1827,943.1140783874569,2190.68,0.6009852216748769,0.4305120229277927,Itaituba,PA
1300409,226,118.16819147662332,274.57,0.4778761061946903,0.43037546518783304,Barcelos,AM
3513009,2900,1441.5650181150227,3349.9655225,0.49448275862068963,0.4303223446428836,Cotia,SP
5108600,275,135.26014906482655,314.46,0.5527272727272727,0.43013467234251274,Vila Rica,MT
4218905,113,70.29787218008943,163.5,0.7610619469026548,0.4299564047711892,Urubici,SC
3300258,377,208.7965731393232,485.77,0.583554376657825,0.42982599406987504,Arraial do Cabo,RJ
2101509,120,56.61927484590142,131.76,0.525,0.4297152007126702,Barão de Grajaú,MA
4317301,254,130.5940763978904,303.909092,0.46062992125984253,0.42971427915651306,Santa Vitória do Palmar,RS
1504307,197,95.69172665688384,223.07,0.4720812182741117,0.42897622565510307,Maracanã,PA
3304300,528,276.6665425948989,644.98,0.571969696969697,0.42895367700533177,Rio Bonito,RJ
2614857,261,116.71983955774068,272.12,0.5593869731800766,0.4289278243338993,Tamandaré,PE
2104107,194,87.50830359442165,204.08,0.788659793814433,0.4287941179656098,Fortaleza dos Nogueiras,MA
2806701,805,355.4202586620135,829.18,0.6111801242236025,0.4286406554210347,São Cristóvão,SE
3516408,1792,855.4763128756001,1996.0000029999999,0.4838169642857143,0.42859534648788283,Franco da Rocha,SP
2512705,142,66.38998010981291,154.92000000000002,0.49295774647887325,0.42854363613357155,Remígio,PB
1200013,180,100.23773448428777,233.98000000000002,0.5888888888888889,0.4284030023262149,Acrelândia,AC
5000906,145,66.3450381265842,154.98,0.5655172413793104,0.4280877411703717,Antônio João,MS
4214805,472,313.0485475516002,731.45,0.510593220338983,0.4279835225259419,Rio do Sul,SC
3552809,2465,1218.8438068625233,2848.0000131,0.49330628803245435,0.4279648178568062,Taboão da Serra,SP
5105622,305,140.79012237644687,329.18,0.580327868852459,0.4276995029359222,Mirassol d'Oeste,MT
3121258,110,53.54042264557972,125.21,0.4727272727272727,0.4276050047566466,Delta,MG
2616308,223,96.21841309304588,225.05,0.6816143497757847,0.4275423821064025,Vicência,PE
3103504,1032,488.32727470335607,1143.02,0.6579457364341085,0.4272254857337195,Araguari,MG
3520103,209,100.81626217588058,235.9999984,0.5598086124401914,0.4271875544889011,Igarapava,SP
3131703,989,480.70692487431336,1125.55,0.6976744186046512,0.42708624661215705,Itabira,MG
2903706,129,55.086677990686084,129.0,0.46511627906976744,0.4270285115557061,Boa Nova,BA
2924603,222,94.7881266783594,222.0,0.3918918918918919,0.42697354359621353,Pindobaçu,BA
2109601,388,187.36944170284153,439.04,0.5721649484536082,0.42677077647330885,Rosário,MA
3534302,293,138.65974217877329,324.9999979,0.5699658703071673,0.4266453633068571,Orlândia,SP
2101608,782,355.1356927094344,833.41,0.6432225063938619,0.4261236278775566,Barra do Corda,MA
5108501,176,82.26730393070714,193.06,0.5284090909090909,0.4261229873133075,Vera,MT
5218003,358,162.40802639626645,381.16,0.4972067039106145,0.4260888508664772,Porangatu,GO
5108006,224,106.06203686649536,248.96,0.6875,0.42602039229794086,Tapurah,MT
2106755,270,119.97316057164974,281.9,0.5111111111111111,0.4255876572247242,Miranda do Norte,MA
3106705,4233,2053.5550699700498,4828.92,0.6728088825891803,0.42526177074170823,Betim,MG
2102804,252,120.75335703994557,283.98,0.5198412698412699,0.42521782181824624,Carolina,MA
2603207,364,161.6590023927234,380.26,0.5714285714285714,0.42512755060412194,Caetés,PE
3305000,554,296.6816846454227,697.89,0.592057761732852,0.42511238826379905,São João da Barra,RJ
5008008,277,123.27493807285569,290.13,0.48736462093862815,0.4248955229478361,Terenos,MS
3112703,149,73.50176483993796,173.1,0.6375838926174496,0.42462024748664334,Capitão Enéas,MG
2606200,702,344.52565926317243,811.48,0.4586894586894587,0.4245645724641056,Goiana,PE
1303957,122,56.03327214329339,132.02,0.4426229508196721,0.42443017833126334,São Sebastião do Uatumã,AM
3553302,189,85.3019760824545,201.0000005,0.6031746031746031,0.42438793965303745,Tambaú,SP
4201406,634,385.30523704435643,908.24,0.61198738170347,0.42423284268954947,Araranguá,SC
3141108,382,179.1249310594372,422.33,0.6308900523560209,0.4241349917349873,Matozinhos,MG
2614303,104,48.806356601818045,115.11,0.5673076923076923,0.4239975380229176,Moreilândia,PE
2603504,169,73.75283107459131,174.08,0.6863905325443787,0.4236720535075328,Camocim de São Félix,PE
2607604,205,96.23186503276821,227.14000000000001,0.5073170731707317,0.42366762803895486,Ilha de Itamaracá,PE
2904605,548,232.11117520717605,548.0,0.4215328467153285,0.4235605386992264,Brumado,BA
2104602,106,51.754042268096626,122.19,0.4811320754716981,0.4235538282027713,Governador Eugênio Barros,MA
1100338,404,196.03126300092362,462.84,0.45792079207920794,0.42354002031138976,Nova Mamoré,RO
4204202,2707,1491.994846454219,3525.55,0.592168452161064,0.423194918935831,Chapecó,SC
3518800,13136,6504.559741613025,15372.851850000001,0.4996954933008526,0.42311991327835663,Guarulhos,SP
5000807,105,45.31161123207685,107.10000000000001,0.8,0.42307760254040006,Anaurilândia,MS
4322400,966,555.8460426089629,1313.9999976,0.4668737060041408,0.42301829803973123,Uruguaiana,RS
3300100,1777,877.6957711604199,2075.95,0.6088913899831176,0.422792346232048,Angra dos Reis,RJ
1504422,1472,794.4571103115082,1880.27,0.499320652173913,0.42252288783605985,Marituba,PA
1304302,180,79.49575557601989,188.17000000000002,0.75,0.42246774499665135,Urucará,AM
2101251,194,90.83479729854396,215.04000000000002,0.5412371134020618,0.42240884160409203,Bacabeira,MA
1506187,376,185.82583295976255,439.94,0.699468085106383,0.42238903704996716,Rondon do Pará,PA
3137700,209,96.29295085221166,228.01,0.6985645933014354,0.42231898097544696,Lajinha,MG
3152402,111,50.18035610509041,118.93,0.7027027027027027,0.4219318599604003,Poté,MG
2613008,549,239.9485697926145,568.72,0.6429872495446266,0.42190984982524704,São Bento do Una,PE
2111052,109,49.021001293149546,116.23,0.44954128440366975,0.4217585932474365,São João do Paraíso,MA
3140001,601,282.90044068924914,670.77,0.6805324459234608,0.42175476048310023,Mariana,MG
3117504,206,103.70569455122137,245.98999999999998,0.8058252427184466,0.4215850016310475,Conceição do Mato Dentro,MG
1716505,231,103.32023816416574,245.11,0.5670995670995671,0.42152600124093564,Pedro Afonso,TO
2601409,421,182.87705454085574,433.99,0.5273159144893111,0.42138541104830923,Barreiros,PE
3525003,912,436.4769688331366,1036.0000033,0.5131578947368421,0.4213098141339906,Jandira,SP
2111532,157,74.1850007973713,176.09,0.5668789808917197,0.4212902538325362,São Pedro da Água Branca,MA
2602902,1976,908.3300582544599,2157.12,0.5075910931174089,0.4210846212795116,Cabo de Santo Agostinho,PE
3171204,1460,683.2012149243426,1624.14,0.7061643835616438,0.4206541399906058,Vespasiano,MG
5001102,644,292.358421962111,695.01,0.5807453416149069,0.42065354737645644,Aquidauana,MS
2614501,286,135.70505892345523,322.62,0.5944055944055944,0.42063436527014825,Surubim,PE
1501402,8616,4408.971731388827,10486.93,0.5224001857010213,0.4204253991767683,Belém,PA
2606606,269,114.80334183499329,273.16,0.6319702602230484,0.4202787444537754,Ibimirim,PE
2608255,174,75.23901662009615,179.09,0.6896551724137931,0.4201184690384508,Jucati,PE
3151503,309,148.70161399046168,353.96,0.7378640776699029,0.42010852636021495,Piumhi,MG
3110905,157,70.14145372598851,167.02,0.6496815286624203,0.4199584105256167,Campanha,MG
1200385,214,119.25326153742141,284.04,0.3691588785046729,0.4198467171434354,Plácido de Castro,AC
3116159,208,94.5718119311846,225.28,0.6923076923076923,0.41979675040476117,Chapada Gaúcha,MG
2112456,241,115.81527506075648,276.02,0.5020746887966805,0.41959015673051403,Turilândia,MA
5107941,176,85.27572868150206,203.27,0.625,0.4195194995892264,Tabaporã,MT
2926400,198,83.06164638889567,198.0,0.5252525252525253,0.4195032645903822,Riacho de Santana,BA
3519709,963,436.6313680473264,1041.0000092,0.5316718587746625,0.4194345477315356,Ibiúna,SP
3136009,133,61.21137509769758,145.98,0.6165413533834586,0.419313434016287,Joaíma,MG
3169604,227,106.93322180600846,255.03,0.5859030837004405,0.4192966388503645,Tupaciguara,MG
3115300,417,206.80679211616646,493.33,0.6474820143884892,0.4192057894637798,Cataguases,MG
1200427,143,79.19291125666358,188.94,0.4125874125874126,0.41914317379413346,Rodrigues Alves,AC
2600807,111,49.91906723376875,119.14,0.6846846846846847,0.41899502462454885,Altinho,PE
4323002,2430,1232.463684415672,2944.5333271,0.37736625514403294,0.418559937180095,Viamão,RS
3135803,172,79.13107082164602,189.06,0.6162790697674418,0.41855004137123675,Jequitinhonha,MG
2606309,109,45.96720878698587,109.96000000000001,0.6788990825688074,0.41803572923777615,Granito,PE
4204806,412,244.01730721247623,583.89,0.5679611650485437,0.41791657197841414,Curitibanos,SC
3134707,109,53.93482015854925,129.06,0.5596330275229358,0.41790500665232644,Jacinto,MG
4209409,288,180.86462304312388,433.07,0.5208333333333334,0.41763369211241574,Laguna,SC
4218301,234,140.90511853452983,337.42,0.5170940170940171,0.4175956331412774,Três Barras,SC
2105609,120,52.19918050178423,125.03,0.75,0.4174932456353213,Joselândia,MA
3106903,107,51.32574716757256,123.03999999999999,0.7009345794392523,0.4171468397884636,Bicas,MG
2201150,201,85.08748861680498,204.1,0.8159203980099502,0.4168911740166829,Baixa Grande do Ribeiro,PI
1508050,227,110.56360644503074,265.26,0.6255506607929515,0.41681220856906714,Trairão,PA
4202057,140,83.97052657899619,201.46,0.5,0.4168099204755097,Balneário Barra do Sul,SC
2614204,353,149.14529251546256,358.1,0.7450424929178471,0.41649062417051813,Sirinhaém,PE
5004403,122,51.24467218733589,123.1,0.5163934426229508,0.416284908101835,Inocência,MS
3136652,354,163.69567475456654,393.39,0.6864406779661016,0.41611549544870624,Juatuba,MG
2603108,179,76.47973749890551,183.83,0.6368715083798883,0.4160351275575559,Cachoeirinha,PE
3540903,191,84.02885227391688,202.0000009,0.6282722513089005,0.41598441534421243,Pradópolis,SP
2616209,168,73.17403981799372,175.94,0.5714285714285714,0.4159033751164813,Vertentes,PE
2112902,249,112.26220764539573,270.15000000000003,0.606425702811245,0.4155550903031491,Vitória do Mearim,MA
3528403,466,232.95893186730333,560.9999966,0.49356223175965663,0.4152565655600279,Mairinque,SP
4208807,302,176.77372978077565,425.79,0.5960264900662252,0.41516646652287664,Jaguaruna,SC
3156700,1108,527.6297116738123,1271.64,0.7256317689530686,0.4149206628242366,Sabará,MG
2608404,155,65.58589321242772,158.09,0.6064516129032258,0.4148642748588002,Jurema,PE
2503209,565,258.3437016625464,622.72,0.5752212389380531,0.41486334413949505,Cabedelo,PB
3117306,311,146.98118604800845,354.32,0.5884244372990354,0.4148261064800419,Conceição das Alagoas,MG
4202073,180,106.17367486851222,255.96,0.5166666666666667,0.41480573085057126,Balneário Gaivota,SC
3129806,1647,805.4825264263752,1942.09,0.6636308439587129,0.4147503598836178,Ibirité,MG
3302254,348,189.18609879895067,456.18,0.6810344827586207,0.41471809110208835,Itatiaia,RJ
3509601,846,406.3375206480804,979.9999993,0.4905437352245863,0.4146301234064505,Campo Limpo Paulista,SP
5105150,484,236.9869270018247,571.89,0.5702479338842975,0.41439250030919356,Juína,MT
4209904,179,91.63387911839634,221.16,0.6033519553072626,0.41433296761799754,Lontras,SC
4218806,129,67.75732521261217,163.72,0.7286821705426356,0.4138610140032505,Turvo,SC
5104609,207,96.95537075191956,234.3,0.5845410628019324,0.41380866731506427,Itiquira,MT
5300108,22111,11455.412578860884,27683.23,0.5942743430871512,0.4138033234872117,Brasília,DF
3151800,1117,538.9437113088168,1304.07,0.7851387645478961,0.4132782069281686,Poços de Caldas,MG
3550605,725,329.2820658458929,797.0000006,0.5158620689655172,0.41315190162860943,São Roque,SP
3524006,647,322.1596284157869,779.8666623,0.482225656877898,0.41309578161177785,Itupeva,SP
3113701,139,61.99171562760976,150.1,0.5611510791366906,0.4130027690047286,Carlos Chagas,MG
3101508,259,121.80707316263916,295.04,0.5598455598455598,0.41284935318139626,Além Paraíba,MG
3135100,742,322.22011693888317,780.65,0.6778975741239892,0.4127587484005421,Janaúba,MG
2608107,169,70.59184206416484,171.04,0.757396449704142,0.41272124686719386,João Alfredo,PE
2504033,106,48.270755038018166,117.04,0.6226415094339622,0.41242955432346345,Capim,PB
3551504,493,229.29807384903174,556.0000032,0.4462474645030426,0.4124066052685802,Serrana,SP
1505403,147,69.75718485144803,169.20000000000002,0.54421768707483,0.41227650621423184,Ourém,PA
2103703,276,122.83958666213177,298.0,0.6702898550724637,0.41221337806084485,Cururupu,MA
2108702,219,101.78365245716643,247.11,0.639269406392694,0.41189612908084017,Pio XII,MA
2611804,221,91.91422958298203,223.18,0.6606334841628959,0.41183900700323517,Ribeirão,PE
3162922,427,201.96578671590322,490.40999999999997,0.8243559718969555,0.4118304820780637,São Joaquim de Bicas,MG
3169307,580,253.84670528263595,617.01,0.7017241379310345,0.41141424820122197,Três Corações,MG
3170800,302,133.4113951589305,324.36,0.7086092715231788,0.4113065580186536,Várzea da Palma,MG
2708956,159,66.66431520075285,162.12,0.5723270440251572,0.411203523320706,Senador Rui Palmeira,AL
3147204,184,83.48036055470104,203.1,0.6902173913043478,0.4110308249862188,Paraguaçu,MG
2511905,182,85.91624505955988,209.08,0.5054945054945055,0.4109252202963453,Pitimbu,PB
1500800,4114,2014.0669753703808,4902.64,0.5354885755955274,0.41081274076219765,Ananindeua,PA
5105903,243,110.29358920416983,268.52000000000004,0.5720164609053497,0.4107462729188508,Nobres,MT
2612505,1020,450.65892304822836,1097.33,0.5568627450980392,0.4106867788616263,Santa Cruz do Capibaribe,PE
1302603,23125,12537.97823413031,30530.43,0.5196108108108108,0.4106715245782752,Manaus,AM
3541000,3854,1904.582847278961,4638.8749916,0.5111572392319668,0.41056998749217194,Praia Grande,SP
5002951,431,189.58853055013313,461.91,0.6357308584686775,0.4104447415083742,Chapadão do Sul,MS
2803005,476,201.37172082971665,491.0,0.5777310924369747,0.41012570433750845,Itabaianinha,SE
4208203,2165,1461.366204282406,3563.42,0.5584295612009238,0.41010215026081853,Itajaí,SC
5201405,5454,2505.5602393842937,6109.68,0.6928859552621929,0.4100968036598142,Aparecida de Goiânia,GO
3539103,260,118.03450472633021,287.99999510000004,0.4115384615384615,0.4098420372727645,Pirapora do Bom Jesus,SP
3521002,380,178.46333576890885,436.0,0.4421052631578947,0.4093195774516258,Iperó,SP
3300209,1329,696.4187989233415,1702.68,0.5598194130925508,0.40901331954527065,Araruama,RJ
2613503,408,173.4185323467315,424.04,0.6053921568627451,0.4089673906865661,São José do Belmonte,PE
3536703,400,177.86547599673548,435.0000001,0.465,0.4088861516226365,Pederneiras,SP
3506706,141,61.31498247976236,149.9999998,0.5531914893617021,0.4087665504101044,Boa Esperança do Sul,SP
1600154,184,80.92306569041888,198.06,0.44565217391304346,0.4085785402929359,Pedra Branca do Amapari,AP
2613206,177,73.81602499200261,180.79,0.5423728813559322,0.40829705731513144,São João,PE
2500502,141,61.32103708644352,150.19,0.524822695035461,0.4082897468968874,Alagoinha,PB
2603009,311,139.88450141115644,342.88,0.6430868167202572,0.4079692644982397,Cabrobó,PE
1508159,397,189.25029495821016,464.28,0.6120906801007556,0.40762103678429,Uruará,PA
4318200,247,110.4264826215842,270.999999,0.44129554655870445,0.4074777971552103,São Francisco de Paula,RS
2609600,2717,1148.1478364137279,2817.86,0.624585940375414,0.4074538253900931,Olinda,PE
1302702,557,245.59703612807533,603.03,0.6193895870736086,0.40727167160518607,Manicoré,AM
3513504,1093,514.2640169218349,1263.0000008,0.45105215004574567,0.4071765768773505,Cubatão,SP
2506004,253,110.5966605353745,271.63,0.6442687747035574,0.40715922591530573,Esperança,PB
2206803,158,64.32324652641192,158.0,0.45569620253164556,0.4071091552304552,Nossa Senhora dos Remédios,PI
2108454,206,91.60812956508329,225.10999999999999,0.6990291262135923,0.40694829001414107,Peritoró,MA
5214002,213,93.42672297400195,229.79,0.6666666666666666,0.40657436343618936,Mozarlândia,GO
1300607,780,337.8878666861499,831.32,0.38076923076923075,0.40644741698281034,Benjamin Constant,AM
4309308,947,469.712098068852,1156.8333332,0.3262935586061246,0.40603264497016833,Guaíba,RS
2925204,291,118.10862827392205,291.0,0.5154639175257731,0.4058715748244744,Pojuca,BA
4213708,245,132.9849765899001,328.12,0.6285714285714286,0.4052937236069124,Pouso Redondo,SC
3113008,159,70.20749960179572,173.29,0.7044025157232704,0.40514455307170477,Caraí,MG
3554508,301,129.58919113600172,319.9999993,0.6312292358803987,0.40496622318586895,Tietê,SP
2204709,122,52.21568470126973,128.96,0.6721311475409836,0.4048982994825506,Inhuma,PI
2510808,785,344.19707901118136,850.11,0.6777070063694267,0.40488534308640217,Patos,PB
5101902,217,102.90032897963523,254.15,0.6912442396313364,0.40488030289055765,Brasnorte,MT
4217006,189,89.91955168692306,222.14,0.6878306878306878,0.40478775406015605,São Ludgero,SC
2203206,142,59.054735871966265,145.93,0.7816901408450704,0.40467851621987433,Curimatá,PI
3167202,1673,742.4769294621838,1835.3600000000001,0.7172743574417214,0.4045402152505142,Sete Lagoas,MG
2508307,210,96.2447155735228,238.19,0.4714285714285714,0.40406698674807,Lagoa Seca,PB
2110203,376,176.5467858631012,436.93,0.5664893617021277,0.40406194553612984,Santa Rita,MA
1501576,178,83.36646465167807,206.35,0.5280898876404494,0.4040051594459805,Bom Jesus do Tocantins,PA
1501451,197,91.01714602659443,225.38,0.5786802030456852,0.4038386104649678,Belterra,PA
4215703,262,152.26384206675692,377.07,0.6259541984732825,0.4038078926108068,Santo Amaro da Imperatriz,SC
2112100,293,133.74539601312068,331.25,0.44368600682593856,0.40375968607734547,Timbiras,MA
2108306,382,167.61931659661266,415.29,0.6361256544502618,0.403619920047708,Penalva,MA
2607901,4684,2031.51689425987,5033.78,0.552732707087959,0.40357681389728395,Jaboatão dos Guararapes,PE
1705508,442,206.3921370911159,511.42,0.5588235294117647,0.40356680828109165,Colinas do Tocantins,TO
5102678,600,269.21655968932254,667.12,0.645,0.4035504252448173,Campo Verde,MT
4212502,320,233.9208118434456,579.7,0.5125,0.40352046203802927,Penha,SC
4317103,682,334.61946682489867,829.5999973,0.4750733137829912,0.40335037115952826,Sant'Ana do Livramento,RS
3306008,636,290.685906148336,720.77,0.5172955974842768,0.40329911920354067,Três Rios,RJ
2614006,201,85.41157583255573,211.81,0.6019900497512438,0.4032461915516535,Serrita,PE
2511400,191,83.90407768612289,208.1,0.42408376963350786,0.40319114697800523,Picuí,PB
3138401,400,177.8975946527984,441.24,0.6575,0.4031764904650494,Leopoldina,MG
3516309,2160,1006.5629853587759,2497.9999934,0.5097222222222222,0.4029475532498918,Francisco Morato,SP
3152006,292,130.54397999711273,324.0,0.6643835616438356,0.40291351850960716,Pompéu,MG
2109106,429,187.29151164809053,465.07,0.44988344988344986,0.40271682036702117,Presidente Dutra,MA
3140803,114,50.330115726126785,124.98,0.7807017543859649,0.4027053586664009,Matias Barbosa,MG
2104008,189,76.10008672457856,189.0,0.8148148148148148,0.40264596150570664,Esperantinópolis,MA
1502772,271,130.85448594999812,325.11,0.7343173431734318,0.4024929591522811,Curionópolis,PA
2112605,277,119.03225411261239,295.81,0.3898916967509025,0.4023942872540225,Urbano Santos,MA
4216602,1883,1176.5009262111305,2926.96,0.5783324482209241,0.401953195879387,São José,SC
2615607,387,159.7933935550033,397.74,0.6925064599483204,0.40175339054408227,Trindade,PE
3165578,116,53.80804988240573,133.95,0.646551724137931,0.40170250005528735,Senador Amaral,MG
3515707,1961,831.8802977520531,2070.9999994,0.6522182559918409,0.4016804915466255,Ferraz de Vasconcelos,SP
2102036,405,174.4106902882888,434.29,0.6320987654320988,0.40159960000987543,Bom Jesus das Selvas,MA
3304557,43411,20065.02371322415,49968.12,0.6428785330906913,0.4015565066931505,Rio de Janeiro,RJ
2112506,637,280.26439767150197,698.21,0.5792778649921507,0.4014041587366293,Tutóia,MA
5007695,479,202.28101318181677,504.03000000000003,0.6200417536534447,0.40132732809915433,São Gabriel do Oeste,MS
2111706,108,44.53641247659995,111.0,0.7777777777777778,0.4012289412306302,São Vicente Ferrer,MA
3145208,1397,597.4849312962986,1489.22,0.7265569076592698,0.40120662581505656,Nova Serrana,MG
3129707,165,72.64552946248406,181.12,0.7696969696969697,0.4010905999474606,Ibiraci,MG
3119401,668,318.99483620685476,795.36,0.6437125748502994,0.40106974980745164,Coronel Fabriciano,MG
2609808,116,46.52186786313162,116.0,0.5086206896551724,0.4010505850269967,Orocó,PE
2106607,269,120.3850168879873,300.22,0.3420074349442379,0.40098933078404936,Matões,MA
2606507,173,74.87428244478082,186.78,0.8208092485549133,0.4008688427282408,Iati,PE
2106102,129,55.643775633587886,138.89000000000001,0.6589147286821705,0.40063197950599666,Loreto,MA
3538907,145,64.46624725999384,160.9999985,0.4689655172413793,0.4004114773950997,Pirajuí,SP
3140704,415,188.38839870998376,470.51,0.7566265060240964,0.40039191241415434,Mateus Leme,MG
5003801,252,111.11498537712943,277.55,0.5952380952380952,0.40034222798461333,Fátima do Sul,MS
2919801,273,109.25808741759438,273.0,0.315018315018315,0.4002127744234226,Macaúbas,BA
2110906,134,58.068544058931025,145.15,0.835820895522388,0.4000588636509199,São Francisco do Maranhão,MA
2101970,110,44.00494838182464,110.0,0.8,0.4000449852893149,Boa Vista do Gurupi,MA
3540606,519,225.99940808144927,564.9999992,0.7013487475915221,0.39999895292291754,Porto Feliz,SP
2109809,200,107.69573404377766,269.29,0.725,0.3999247430048559,Santa Helena,MA
3123205,117,49.616818475852526,124.21000000000001,0.8547008547008547,0.3994591295052936,Dores do Indaiá,MG
1101609,114,49.98686300901018,125.23,0.7894736842105263,0.3991604488462044,Theobroma,RO
3156908,323,147.36259610477663,369.29,0.7987616099071208,0.3990430179663046,Sacramento,MG
3134400,357,159.94999113880638,400.92,0.7002801120448179,0.3989573758824862,Iturama,MG
1101005,124,53.896668839155566,135.13,0.7096774193548387,0.3988505057289689,Governador Jorge Teixeira,RO
2706000,176,70.61087835956405,177.05,0.8068181818181818,0.3988188554620957,Olivença,AL
2608503,165,66.94974261414528,167.97,0.793939393939394,0.39858154797967066,Lagoa de Itaenga,PE
2905008,196,78.096213667002,196.0,0.47959183673469385,0.39845006972960206,Caculé,BA
3138203,781,358.84956934016776,900.7,0.6965428937259923,0.39841186781410876,Lavras,MG
4323804,205,96.7594423167154,242.8750027,0.3853658536585366,0.3983919351150063,Xangri-lá,RS
2106409,199,83.30623703578043,209.12,0.7688442211055276,0.39836570885510914,Mata Roma,MA
3501152,189,82.04438366261438,205.9999981,0.5396825396825397,0.3982737107734681,Alumínio,SP
4302709,186,91.59176619142329,230.0,0.5,0.39822507039749255,Butiá,RS
3508603,229,98.26603983710466,247.0000004,0.4148471615720524,0.397838217319714,Cachoeira Paulista,SP
3144300,310,138.86292096247794,349.09000000000003,0.6,0.3977854449066944,Nanuque,MG
3302452,105,45.30398982926226,113.91000000000001,0.780952380952381,0.3977174069814964,Macuco,RJ
3162005,239,104.36113150001236,262.45,0.7615062761506276,0.397641956563202,São Gonçalo do Sapucaí,MG
2109270,219,106.58920246844015,268.15,0.4063926940639269,0.3974984242716396,Presidente Sarney,MA
3154903,116,49.68119188448613,125.01,0.6293103448275862,0.3974177416565565,Rio Casca,MG
5103056,142,60.39291730404606,152.03,0.6619718309859155,0.3972434210619355,Cláudia,MT
2111904,110,43.690016917985666,110.0,0.6,0.39718197198168786,Sucupira do Norte,MA
3304003,277,131.81281042427935,332.13,0.6137184115523465,0.39687113607406543,Piraí,RJ
3152105,433,196.14871208506932,494.25,0.7875288683602771,0.39686132945891617,Ponte Nova,MG
2601201,670,274.1458933244801,690.88,0.7029850746268657,0.3968068164145439,Arcoverde,PE
4211058,118,63.61554356738501,160.38,0.5338983050847458,0.39665509145395317,Monte Carlo,SC
2110609,321,130.07539487230636,328.01,0.6822429906542056,0.3965592356096045,São Bernardo,MA
3552502,3638,1618.6547540943973,4081.9999994,0.5153930731170973,0.3965347266860162,Suzano,SP
4202404,2788,1627.2701854438403,4108.74,0.6477761836441894,0.39605090257447306,Blumenau,SC
3517406,306,127.52259929721843,322.0000004,0.5359477124183006,0.3960329165801406,Guaíra,SP
3148707,215,93.45792308704709,236.03,0.6046511627906976,0.39595781505337074,Pedra Azul,MG
2606804,1170,479.7411338391583,1211.81,0.67008547008547,0.3958880796817639,Igarassu,PE
5003751,176,74.8149802448811,188.99,0.5738636363636364,0.39586740168729084,Eldorado,MS
3139508,207,93.12838217624302,235.26,0.6956521739130435,0.3958530229373588,Manhumirim,MG
1100700,163,70.07725079323964,177.09,0.7239263803680982,0.39571545989745127,Campo Novo de Rondônia,RO
5001243,139,59.068780542642095,149.29,0.7338129496402878,0.3956646831177045,Aral Moreira,MS
4310603,327,174.0639341740385,440.0000011,0.4892966360856269,0.3955998494065424,Itaqui,RS
2103802,170,72.44310807508894,183.18,0.4411764705882353,0.39547498676214077,Dom Pedro,MA
3302809,147,64.4778935745251,163.05,0.5714285714285714,0.3954485959799147,Mendes,RJ
3134202,894,380.14468101955936,961.61,0.6387024608501118,0.39532105637374754,Ituiutaba,MG
3108909,149,66.4708864368955,168.16,0.7919463087248322,0.39528357776460216,Brazópolis,MG
3509205,967,438.91203260618704,1110.9999957,0.5305067218200621,0.39506033690814263,Cajamar,SP
1303700,555,238.45538649221245,604.32,0.418018018018018,0.394584634783248,Santo Antônio do Içá,AM
5106372,282,120.02220590979461,304.18,0.6524822695035462,0.3945762571825715,Pedra Preta,MT
2111607,254,107.71584702802191,273.03000000000003,0.8464566929133859,0.39452018836033365,São Raimundo das Mangabeiras,MA
1100130,405,184.49889709848225,468.02,0.654320987654321,0.3942115659554768,Machadinho D'Oeste,RO
5107800,153,73.62962584900045,186.9,0.49019607843137253,0.3939519842108103,Santo Antônio do Leverger,MT
3126208,103,41.35046751480998,105.0,0.8058252427184466,0.3938139763315236,Formoso,MG
2516508,123,52.76596390781252,134.05,0.9105691056910569,0.3936289735756249,Taperoá,PB
4119509,1321,622.6063708944157,1583.25,0.5094625283875852,0.3932457735003415,Piraquara,PR
2102606,231,93.22756362370485,237.08,0.4935064935064935,0.3932325106449504,Cândido Mendes,MA
2603702,226,93.83351621194805,238.93,0.6548672566371682,0.3927238781733062,Canhotinho,PE
3109303,305,136.3194479678267,347.14,0.6327868852459017,0.39269299984970535,Buritis,MG
3548005,213,92.56180285088615,235.9999997,0.6150234741784038,0.392211029527752,Santo Antônio de Posse,SP
3526407,271,115.30897726435285,294.0000027,0.5977859778597786,0.39220740205915944,Laranjal Paulista,SP
3110509,289,139.58452221299376,355.9,0.5951557093425606,0.3922015234981561,Camanducaia,MG
2105906,109,48.13655167529102,122.75999999999999,0.7614678899082569,0.3921191892741204,Lago Verde,MA
2503704,484,208.9565080738943,533.08,0.5475206611570248,0.39197964296896204,Cajazeiras,PB
3501905,481,210.86962799836243,537.9999977,0.6257796257796258,0.39195098308522247,Amparo,SP
3524303,449,190.82039281642983,487.0000017,0.5835189309576837,0.39182832063721085,Jaboticabal,SP
3125101,725,329.4472280410426,841.09,0.6924137931034483,0.3916908155382213,Extrema,MG
3507506,1152,498.1191890236094,1271.9999948,0.5720486111111112,0.3916031376257435,Botucatu,SP
3147402,225,95.88473772720909,245.06,0.7244444444444444,0.3912704551016448,Paraopeba,MG
3123601,249,110.75994720151714,283.16,0.6586345381526104,0.39115675660939797,Elói Mendes,MG
4321600,598,300.36793343307215,768.0000018,0.41638795986622074,0.3911040790743292,Tramandaí,RS
2701605,199,79.79031723490166,204.02,0.6231155778894473,0.39109066383149527,Canapi,AL
3556503,1188,511.81064956072373,1308.9999986,0.531986531986532,0.390993621167391,Várzea Paulista,SP
3111507,155,71.14972863213426,182.04,0.6709677419354839,0.39084667453380717,Campos Altos,MG
3305802,1463,691.4930330808747,1769.23,0.6473000683526999,0.3908440581953023,Teresópolis,RJ
2929602,123,48.067941088988114,123.0,0.6504065040650406,0.39079626901616354,Sapeaçu,BA
4311007,205,95.34171442680012,244.000003,0.47317073170731705,0.3907447264531391,Jaguarão,RS
4203956,223,139.4234586422486,356.94,0.6143497757847534,0.39060754928629066,Capivari de Baixo,SC
3170750,105,42.91042490814908,109.86,0.9333333333333333,0.39059188884169926,Varjão de Minas,MG
5107909,2552,1149.9723049723884,2945.84,0.542319749216301,0.39037161046505864,Sinop,MT
3139409,966,411.9321184368803,1055.41,0.7639751552795031,0.3903053016712749,Manhuaçu,MG
2107209,128,55.876076406982726,143.19,0.46875,0.3902233145260334,Nina Rodrigues,MA
3549706,415,174.4198448997595,447.0000021,0.6795180722891566,0.3902009934683164,São José do Rio Pardo,SP
2608008,131,54.70601849058265,140.22,0.35877862595419846,0.3901441912036988,Jataúba,PE
3508801,178,74.41954768344955,191.0000019,0.601123595505618,0.3896311358280125,Cafelândia,SP
2605301,335,135.91496841679827,348.88,0.5552238805970149,0.3895751215799079,Exu,PE
3552403,2702,1184.5270788017822,3040.9999905,0.5810510732790526,0.3895189353838251,Sumaré,SP
3543907,1648,709.4096173313384,1822.0000058,0.5449029126213593,0.3893576372519561,Rio Claro,SP
1501725,207,89.53903129862458,230.14000000000001,0.8743961352657005,0.3890633149327565,Brasil Novo,PA
2109452,431,191.00587420409647,490.95,0.4872389791183295,0.3890536189104725,Raposa,MA
5205455,101,40.816841665179446,104.96000000000001,0.7029702970297029,0.3888799701331883,Cezarina,GO
1508357,263,116.3447590307153,299.24,0.6958174904942965,0.38880082552705286,Vitória do Xingu,PA
4203600,395,201.90480170305855,519.54,0.6430379746835443,0.38862224603121714,Campos Novos,SC
3507605,1425,639.8426144313963,1646.999993,0.5340350877192982,0.3884897493326197,Bragança Paulista,SP
2610905,460,187.65817170476817,483.13,0.6456521739130435,0.3884216912730904,Pesqueira,PE
2608305,234,92.4685555479507,238.07999999999998,0.688034188034188,0.38839279043998115,Jupi,PE
4217709,332,174.06772810177418,448.37,0.5210843373493976,0.3882234050042915,Sombrio,SC
2100477,332,137.49903447476157,354.31,0.572289156626506,0.38807551148644287,Alto Alegre do Pindaré,MA
4313656,151,74.11156239036357,190.9999976,0.4966887417218543,0.3880186561340751,Palmares do Sul,RS
5104906,119,50.09160786380181,129.18,0.5462184873949579,0.387765968910062,Jangada,MT
2203909,526,218.30569401251455,563.09,0.5361216730038023,0.38769236536346685,Floriano,PI
1505908,430,187.63647470053579,484.0,0.8116279069767441,0.3876786667366442,Porto de Moz,PA
3539301,460,196.92936710492557,508.0000016,0.5673913043478261,0.3876562332375504,Pirassununga,SP
3137601,534,258.56956967938663,667.1700000000001,0.7322097378277154,0.38756174540130195,Lagoa Santa,MG
3303955,282,124.7934342276212,322.12,0.6347517730496454,0.3874128716863939,Pinheiral,RJ
3519600,511,220.74553638285417,570.0000053,0.49510763209393344,0.38727286724615434,Ibitinga,SP
2700201,151,61.957397132374155,160.18,0.4503311258278146,0.3867985836707089,Anadia,AL
1303007,136,53.36161667756365,138.02,0.5955882352941176,0.38662234949691093,Nhamundá,AM
3115458,114,48.008058362527656,124.23,0.6842105263157895,0.38644496790250066,Catuji,MG
2102903,288,129.15838447093577,334.24,0.6215277777777778,0.3864240799154373,Carutapera,MA
2100550,102,39.841832254269086,103.12,0.43137254901960786,0.38636377283038287,Amapá do Maranhão,MA
5004502,243,107.50825273749273,278.33,0.5473251028806584,0.38626182135412185,Itaporã,MS
4207502,884,425.2304725381455,1101.3600000000001,0.669683257918552,0.38609580204306077,Indaial,SC
2108058,179,69.46205201041718,179.96,0.6871508379888268,0.3859860636275682,Paulino Neves,MA
3548500,2276,989.4435421167758,2564.888889,0.5281195079086116,0.3857646802402191,Santos,SP
2105427,252,104.57131858399349,271.12,0.6031746031746031,0.3857012340808258,Itinga do Maranhão,MA
5107065,396,161.98617748472407,420.06,0.7449494949494949,0.3856262854942724,Querência,MT
3114105,145,57.42274085219932,148.95000000000002,0.7586206896551724,0.3855168905820699,Carmo de Minas,MG
4111803,341,167.64369623178507,435.75,0.4838709677419355,0.3847244893443146,Jacarezinho,PR
4318507,243,112.09443942380497,291.4,0.43209876543209874,0.3846754956204701,São José do Norte,RS
3118007,551,241.8149618182359,628.95,0.7422867513611615,0.3844740628320787,Congonhas,MG
3552205,6335,2743.221821361322,7135.7333213,0.5509076558800315,0.3844344649446004,Sorocaba,SP
2107357,164,66.94362776701527,174.17000000000002,0.6341463414634146,0.38435797075854206,Nova Olinda do Maranhão,MA
5107040,1060,467.6111159332291,1216.81,0.5962264150943396,0.38429263067630043,Primavera do Leste,MT
2600401,174,70.74871048853724,184.12,0.5574712643678161,0.3842532613976604,Água Preta,PE
3162104,528,230.1664899911106,599.27,0.7537878787878788,0.38407811168773776,São Gotardo,MG
4214706,105,51.76152059230257,134.77,0.6857142857142857,0.3840730176768017,Rio dos Cedros,SC
4213401,164,78.63567375677016,204.76,0.5487804878048781,0.38403825823779136,Ponte Serrada,SC
3118403,208,87.65345695052646,228.27,0.5625,0.3839902613156633,Conselheiro Pena,MG
2611705,154,59.94779273060146,156.12,0.6818181818181818,0.38398534928645567,Riacho das Almas,PE
3153608,121,48.422098275504666,126.12,0.6363636363636364,0.3839367132532879,Prudente de Morais,MG
5106265,106,48.00436623821164,125.16,0.6698113207547169,0.3835439935938929,Novo Mundo,MT
5104104,460,198.40520936958515,517.38,0.5434782608695652,0.3834806319718295,Guarantã do Norte,MT
5215603,363,148.8661144027127,388.29,0.6776859504132231,0.3833889989510744,Padre Bernardo,GO
3120904,726,309.87757943660586,808.4300000000001,0.7327823691460055,0.38330786764049557,Curvelo,MG
3502754,226,96.12774641491903,251.0000001,0.5442477876106194,0.38297906922956626,Araçariguama,SP
3305208,1152,536.1046981730199,1400.69,0.5564236111111112,0.3827432895023309,São Pedro da Aldeia,RJ
5102793,121,47.84658517516452,125.03,0.9917355371900827,0.3826808380001961,Carlinda,MT
4301636,163,79.18496110630721,206.9999989,0.44785276073619634,0.3825360460246225,Balneário Pinhal,RS
3512001,188,76.47899983587995,200.0000019,0.5797872340425532,0.3823949955466473,Colina,SP
3523206,486,198.05990833461053,518.0000023,0.5329218106995884,0.38235503369728563,Itararé,SP
1721000,2964,1475.5791337492346,3859.85,0.5745614035087719,0.382289242781257,Palmas,TO
3518701,3023,1328.5103837597176,3476.9999995,0.48891829308633805,0.3820852412858097,Guarujá,SP
2513406,149,59.62011775715215,156.04,0.5436241610738255,0.382082272219637,Santa Luzia,PB
3106200,16012,7225.376725712391,18915.38,0.7053459905071197,0.3819842226649631,Belo Horizonte,MG
2611606,10035,4133.1457432494635,10820.31,0.5399103139013453,0.3819803446712214,Recife,PE
3125952,128,59.221974420901546,155.05,0.75,0.3819540433466723,Fervedouro,MG
5108907,102,46.208114389346825,121.05000000000001,0.6176470588235294,0.3817275042490444,Nova Maringá,MT
2105005,334,137.58494635933087,360.62,0.5898203592814372,0.38152333858169507,Humberto de Campos,MA
4218707,864,470.8582341905252,1235.15,0.6087962962962963,0.38121542662067376,Tubarão,SC
5102686,161,72.05493001793548,189.1,0.6583850931677019,0.3810414067579877,Campos de Júlio,MT
2612802,132,51.722433131606884,135.99,0.7954545454545454,0.38033997449523405,Santa Terezinha,PE
2609501,221,86.32389604755429,226.97,0.5701357466063348,0.3803317444929034,Nazaré da Mata,PE
2601508,123,46.7753471032866,123.0,0.7967479674796748,0.3802873748234683,Belém de Maria,PE
2610608,522,209.55720615333433,551.35,0.6532567049808429,0.38008017802364075,Paudalho,PE
3550100,414,168.33441089862836,442.9999979,0.606280193236715,0.37998738531964305,São Manuel,SP
4306502,105,45.209708105991915,119.0000022,0.44761904761904764,0.37991350647211936,Dom Feliciano,RS
3106002,112,45.21975815849691,119.03,0.7321428571428571,0.3799021940560943,Bela Vista de Minas,MG
4321709,239,104.46512467388617,275.0000004,0.4225941422594142,0.37987318007977056,Três Coroas,RS
3543402,4822,2049.8559312165544,5396.9999881,0.5618000829531314,0.37981395881718366,Ribeirão Preto,SP
2603801,211,80.40776399993597,211.96,0.6966824644549763,0.3793534817887147,Capoeiras,PE
3169406,540,217.84564613424143,574.41,0.8203703703703704,0.3792511379228103,Três Pontas,MG
3304128,114,50.833744660426106,134.05,0.6052631578947368,0.37921480537430885,Quatis,RJ
2111508,453,186.60313866274063,492.11,0.6578366445916115,0.3791898938504412,São Mateus do Maranhão,MA
3507803,239,102.64879351254544,271.00000439999997,0.5397489539748954,0.37877782968975277,Brodowski,SP
2107407,141,58.40015134634014,154.22,0.5886524822695035,0.37868078943288896,Olho d'Água das Cunhãs,MA
4206652,125,60.70154201546793,160.32,0.432,0.37862738283101255,Guatambú,SC
3551108,107,43.869034732677974,116.0000014,0.5327102803738317,0.3781813293381389,Sarapuí,SP
3530508,507,205.26429442279337,543.0,0.7080867850098619,0.3780189584213506,Mococa,SP
2612455,154,60.87238477627885,161.08,0.6883116883116883,0.3779015692592429,Santa Cruz,PE
3170404,764,321.4787916475211,851.23,0.675392670157068,0.3776638413208194,Unaí,MG
5103379,142,59.754291876309516,158.23,0.6267605633802817,0.3776419887272295,Cotriguaçu,MT
2106300,144,55.16095416553688,146.07,0.8194444444444444,0.3776336973063386,Magalhães de Almeida,MA
3304151,262,125.68359421437953,332.83,0.7061068702290076,0.3776209903385498,Quissamã,RJ
3504503,813,343.98783027954454,911.0000039,0.5264452644526445,0.3775936649911408,Avaré,SP
2933307,2826,1066.9717470816286,2826.0,0.42745930644019814,0.37755546605860885,Vitória da Conquista,BA
4206702,225,107.4816810600972,284.79,0.6266666666666667,0.3774067946911661,Herval d'Oeste,SC
2105153,145,55.47451160797212,146.99,0.7793103448275862,0.37740330368033276,Igarapé do Meio,MA
2700706,146,57.31853186201898,151.92000000000002,0.4589041095890411,0.37729418023972466,Batalha,AL
4314050,630,259.34718677341,687.8564092,0.37777777777777777,0.3770368107422877,Parobé,RS
3128709,454,184.22387170401848,488.71000000000004,0.6718061674008811,0.37695948866202544,Guaxupé,MG
2931053,178,67.09640962246021,178.0,0.6179775280898876,0.3769461214744956,Tanque Novo,BA
3101607,653,267.6606292771949,710.42,0.7304747320061256,0.37676392736296127,Alfenas,MG
4318309,533,248.99487923406824,661.000004,0.399624765478424,0.37669421743917,São Gabriel,RS
3115102,170,68.9274854962216,183.06,0.7764705882352941,0.3765294739223293,Cássia,MG
2513901,221,94.90930962466047,252.07,0.4660633484162896,0.37651965574903984,São Bento,PB
5208004,1174,483.2082205763361,1283.39,0.641396933560477,0.3765092610791233,Formosa,GO
3534401,6666,2933.5153131372413,7796.4900062,0.49174917491749176,0.37626102397417593,Osasco,SP
3138609,129,55.33455753164466,147.08,0.7131782945736435,0.37622081541776353,Lima Duarte,MG
1708205,176,75.10033548710162,199.63,0.45454545454545453,0.3761976430751972,Formoso do Araguaia,TO
2100154,119,52.245620903702196,138.88,0.6554621848739496,0.3761925468296529,Água Doce do Maranhão,MA
2107506,1548,683.2389022056534,1816.52,0.5581395348837209,0.37612517462271455,Paço do Lumiar,MA
3517505,186,87.9834943022745,233.9999999,0.7150537634408602,0.3759978390592918,Guapiaçu,SP
3529906,230,95.1034933262758,252.9999983,0.6478260869565218,0.3759031382028108,Miracatu,SP
2104677,281,121.8539626505106,324.17,0.608540925266904,0.3758952483280704,Governador Nunes Freire,MA
3150158,141,57.09585928825409,152.04,0.7375886524822695,0.3755318290466594,Piedade de Caratinga,MG
4206207,114,59.222008432177276,157.73,0.6578947368421053,0.3754644546514758,Gravatal,SC
3158953,328,132.28185920987298,352.36,0.7012195121951219,0.3754167874045663,Santana do Paraíso,MG
3536505,1040,430.5913171241581,1146.9999995,0.6192307692307693,0.3754065538900273,Paulínia,SP
5103304,230,96.03551583203722,255.84,0.4782608695652174,0.3753733420576814,Comodoro,MT
4211751,252,114.4167652968065,304.84,0.6706349206349206,0.3753338318357385,Otacílio Costa,SC
2110856,138,52.119123709185125,138.92,0.427536231884058,0.3751736518081279,São Francisco do Brejão,MA
2704609,111,41.98817991612081,112.04,0.7477477477477478,0.37476062045805786,Maravilha,AL
2103554,179,73.79603304116199,196.93,0.553072625698324,0.37473230610451425,Conceição do Lago-Açu,MA
5103205,383,157.7073868373733,420.89,0.6422976501305483,0.3746997715255133,Colíder,MT
2100204,110,45.64561698040575,121.93,0.7090909090909091,0.3743591977397338,Alcântara,MA
2205409,187,70.75029352826517,189.01,0.8128342245989305,0.374320372087536,Joaquim Pires,PI
3141405,194,75.88317146238535,202.83,0.6443298969072165,0.3741220305792306,Medina,MG
3532009,128,53.12189871446806,142.0000006,0.46875,0.3740978766902066,Morungaba,SP
5101258,180,70.64372229951698,188.92000000000002,0.6055555555555555,0.373934587653594,Araputanga,MT
3303104,110,50.84340796293827,135.98,0.5727272727272728,0.3739035737824553,Natividade,RJ
2515500,100,43.69777810644118,116.91,0.53,0.37377280049988176,Serra Branca,PB
3101102,232,97.46928447509414,260.87,0.6293103448275862,0.3736316344351368,Aimorés,MG
3554003,1236,487.8733457572721,1305.999998,0.5396440129449838,0.3735630524535974,Tatuí,SP
1200344,189,82.94204736030504,222.1,0.43386243386243384,0.37344460765558324,Manoel Urbano,AC
3114550,109,45.16974069126317,120.99000000000001,0.6422018348623854,0.3733344961671474,Carneirinho,MG
2108256,189,78.74289995334304,210.93,0.5767195767195767,0.3733129472021194,Pedro do Rosário,MA
1502202,652,288.12632048735605,772.03,0.5950920245398773,0.3732061195644678,Capanema,PA
2610301,138,51.48697626206955,138.0,0.6666666666666666,0.37309403088456194,Paranatama,PE
3302908,223,101.48956774934413,272.07,0.7040358744394619,0.3730274111417802,Miguel Pereira,RJ
1100056,244,94.30554201018269,252.92000000000002,0.6680327868852459,0.37286708054002327,Cerejeiras,RO
3521804,282,114.07274473193722,306.000003,0.4716312056737589,0.3727867438352189,Itaí,SP
2510105,109,42.551092144727065,114.15,0.6697247706422018,0.37276471436466985,Nova Floresta,PB
4215000,486,222.8865490231969,598.04,0.6790123456790124,0.3726950522092116,Rio Negrinho,SC
2208403,728,277.55907396208806,744.86,0.5480769230769231,0.3726325402922537,Piripiri,PI
3510302,284,114.70157630825187,307.9999986,0.4753521126760563,0.37240771697929437,Capela do Alto,SP
3517208,126,51.00258667046794,137.0000019,0.6031746031746031,0.3722816493659329,Guaiçara,SP
3522109,1291,574.3207355392356,1542.9999944,0.48412083656080557,0.37221045860247187,Itanhaém,SP
3171303,534,216.20988001131852,580.96,0.7827715355805244,0.37215966677795115,Viçosa,MG
2914604,600,223.25500218022168,600.0,0.4683333333333333,0.3720916703003695,Irecê,BA
3547601,199,78.50378011426092,211.0000003,0.7537688442211056,0.37205582939641785,Santa Rosa de Viterbo,SP
3546009,106,47.58567485731343,127.9999987,0.49056603773584906,0.37176308859848,Santa Branca,SP
1300631,227,118.2044700491846,317.98,0.7797356828193832,0.37173554956030125,Beruri,AM
4215505,230,98.44503272193032,264.95,0.5739130434782609,0.3715607953271573,Santa Cecília,SC
4303103,1166,561.1858373489525,1510.6042489,0.4090909090909091,0.37149758962852114,Cachoeirinha,RS
3305406,198,87.73621190450476,236.2,0.6717171717171717,0.37144882262703116,Sapucaia,RJ
4314100,1804,807.1867658499199,2173.1261866,0.3719512195121951,0.37144035667473924,Passo Fundo,RS
3127800,130,51.64097034717637,139.09,0.8615384615384616,0.3712773768579795,Grão Mogol,MG
5105580,172,68.00941177636982,183.22,0.6569767441860465,0.3711898907126395,Marcelândia,MT
5209705,394,146.54349244421422,395.06,0.6548223350253807,0.370939838111209,Hidrolândia,GO
5205497,1222,473.55622033653265,1278.92,0.618657937806874,0.37027821938552263,Cidade Ocidental,GO
3169356,283,116.95742552968827,316.1,0.833922261484099,0.370001346186929,Três Marias,MG
4207304,485,286.4181806069081,774.4399999999999,0.5608247422680412,0.36983908450868774,Imbituba,SC
5106299,158,62.82547022589216,169.93,0.7974683544303798,0.36971382466834674,Paranaíta,MT
3300233,634,290.92495384901434,787.05,0.6861198738170347,0.36963973553016244,Armação dos Búzios,RJ
3101904,155,60.9683242246683,164.97,0.7870967741935484,0.36957219024470084,Alpinópolis,MG
4210001,186,84.39202337499691,228.37,0.6290322580645161,0.3695407600604147,Luiz Alves,SC
3168606,1190,485.66521193980475,1315.05,0.66890756302521,0.3693131150449069,Teófilo Otoni,MG
3301306,500,227.24377678404886,615.37,0.588,0.3692799076718866,Casimiro de Abreu,RJ
5005681,239,96.29539088934148,260.84000000000003,0.4895397489539749,0.36917417148191023,Mundo Novo,MS
3515152,181,78.98901093331595,213.9999992,0.48066298342541436,0.3691075291056167,Engenheiro Coelho,SP
4208104,247,123.03158246294721,333.37,0.6153846153846154,0.3690541514321841,Itaiópolis,SC
1301506,234,107.86890395776813,292.33,0.45726495726495725,0.3689970374500329,Envira,AM
4123402,127,53.9286488295525,146.15,0.6535433070866141,0.36899520239173794,Santa Fé,PR
1100205,5422,2343.097988433021,6350.08,0.5208410180745112,0.3689871605449098,Porto Velho,RO
3148608,110,44.71173090788715,121.18,0.7454545454545455,0.3689695569226535,Peçanha,MG
3129509,204,94.4663974460902,256.13,0.7794117647058824,0.3688220725650654,Ibiá,MG
3512308,144,62.662287865257106,170.0000015,0.6944444444444444,0.36860169007267396,Conchas,SP
1200609,619,264.0001743015016,716.42,0.505654281098546,0.3684991685066045,Tarauacá,AC
3154309,129,60.69089713911872,164.73,0.627906976744186,0.3684264987501895,Resplendor,MG
2103257,170,65.24295054345346,177.1,0.8647058823529412,0.36839610696472874,Cidelândia,MA
3305158,252,109.73026287098453,297.95,0.7658730158730159,0.36828415127029546,São José do Vale do Rio Preto,RJ
5200050,319,129.69892247714625,352.2,0.64576802507837,0.3682536129390865,Abadia de Goiás,GO
2600302,230,85.7541238315469,232.87,0.6391304347826087,0.3682489106864212,Agrestina,PE
4118204,1256,582.9691518605711,1583.32,0.6226114649681529,0.3681941438626248,Paranaguá,PR
1716109,611,260.61124300446875,707.87,0.6366612111292962,0.36816257646809264,Paraíso do Tocantins,TO
3110004,345,145.58484123987202,395.44,0.7130434782608696,0.3681591170338661,Caeté,MG
4203006,754,390.703063104699,1061.6,0.6618037135278515,0.3680322749667474,Caçador,SC
5107305,228,91.92740905061163,249.84,0.6008771929824561,0.36794512107993765,São José do Rio Claro,MT
2106904,245,99.35904246324219,270.05,0.35918367346938773,0.3679283186937315,Monção,MA
3165552,122,46.322168409983725,126.0,0.6885245901639344,0.36763625722209303,Setubinha,MG
3508504,752,326.1404615941138,887.9999957,0.449468085106383,0.3672752963664387,Caçapava,SP
3135506,122,50.42108714819171,137.29,0.8524590163934426,0.36725972137950114,Jequeri,MG
5000609,396,159.3751628935415,434.12,0.702020202020202,0.36712236914572355,Amambai,MS
2102358,156,62.720458582447314,170.92000000000002,0.5512820512820513,0.3669579837493992,Buritirana,MA
2106508,186,71.61753861392113,195.19,0.46774193548387094,0.36691192486255,Matinha,MA
2609105,123,46.188065490727624,125.91,0.967479674796748,0.36683397260525474,Machados,PE
1506401,104,41.04862358636115,111.92,0.5192307692307693,0.3667675445529052,Santa Cruz do Arari,PA
3101003,123,50.24235958750708,137.02,0.7479674796747967,0.3666790219494021,Águas Vermelhas,MG
5105606,295,124.26578032336461,339.13,0.5254237288135594,0.36642520662685285,Matupá,MT
3104502,183,74.75128421804965,204.2,0.48633879781420764,0.366068972664298,Arinos,MG
3107901,145,58.15393811327517,158.87,0.6827586206896552,0.36604732242257926,Bom Repouso,MG
3505807,221,86.37866845018776,236.0000006,0.47058823529411764,0.36601130606178384,Bastos,SP
2108108,211,77.62803435580845,212.1,0.9052132701421801,0.36599733312498095,Paulo Ramos,MA
3523107,4693,1858.4054667292128,5080.0000267,0.5770296185808651,0.3658278458585845,Itaquaquecetuba,SP
2101301,177,68.80458053672949,188.1,0.576271186440678,0.36578724368277243,Bacuri,MA
2111102,276,106.7336842213575,291.84000000000003,0.5543478260869565,0.3657267140260331,São João dos Patos,MA
3303906,2256,985.0834707190231,2693.65,0.6533687943262412,0.3657058157960474,Petrópolis,RJ
3144805,855,342.5455155905678,937.19,0.7976608187134503,0.36550274287024803,Nova Lima,MG
3171808,124,48.69536825153991,133.24,0.6612903225806451,0.3654710916507048,Virginópolis,MG
1100122,1481,617.8570493210075,1691.47,0.6630654962862931,0.3652781600152574,Ji-Paraná,RO
3142809,218,86.57144360848207,237.02,0.5688073394495413,0.36524953003325483,Monte Alegre de Minas,MG
3536307,190,73.76278505065876,201.9999984,0.6684210526315789,0.3651623051233587,Patrocínio Paulista,SP
3302403,2721,1273.1208212123008,3487.52,0.5938993017273061,0.3650504717427573,Macaé,RJ
3304110,225,95.67034023723221,262.13,0.6311111111111111,0.3649728769588838,Porto Real,RJ
2902658,150,54.74189265192524,150.0,0.26666666666666666,0.36494595101283495,Banzaê,BA
3132305,125,52.19269810022247,143.09,0.608,0.3647543371320321,Itaipé,MG
3114204,205,82.15203902014554,225.28,0.7268292682926829,0.36466636638914035,Carmo do Cajuru,MG
3535408,171,63.763927446090854,175.000002,0.9239766081871345,0.3643652955277729,Panorama,SP
3530102,162,67.38259555403557,184.9999994,0.5370370370370371,0.3642302474193174,Mirandópolis,SP
3105400,335,138.73152502481074,381.14,0.6447761194029851,0.36399098762872106,Barão de Cocais,MG
3157005,392,149.51479121468995,410.77,0.7704081632653061,0.36398663781359386,Salinas,MG
3545308,468,183.78165109944547,505.0000036,0.46794871794871795,0.3639240589887502,Salto de Pirapora,SP
3106309,250,100.7402894043435,276.87,0.66,0.3638541171103532,Belo Oriente,MG
1100452,438,176.15531379807652,484.25,0.723744292237443,0.3637693625153878,Buritis,RO
4309209,2361,1106.0016104484544,3040.424789,0.40576027107157986,0.36376548910200796,Gravataí,RS
5107180,108,44.382395184875534,122.09,0.7129629629629629,0.36352195253399566,Ribeirão Cascalheira,MT
5105200,138,54.88467894020819,151.06,0.6811594202898551,0.363330325302583,Juscimeira,MT
2103752,153,58.15973535731371,160.08,0.6993464052287581,0.36331668763939096,Davinópolis,MA
3162807,151,62.12606211187854,171.03,0.7019867549668874,0.3632465772781298,São João Evangelista,MG
1301902,1148,473.28451538588354,1302.95,0.5034843205574913,0.3632407347832868,Itacoatiara,AM
3522307,1519,604.691984094699,1665.0000021,0.54312047399605,0.3631783683675822,Itapetininga,SP
3126703,176,74.12894773841025,204.15,0.42613636363636365,0.36311020200054,Francisco Sá,MG
5006275,135,49.39585467329264,136.05,0.7851851851851852,0.36307133166698,Paraíso das Águas,MS
3550308,94385,39106.081144730255,107714.3298495,0.5658526248874292,0.36305365497208986,São Paulo,SP
3112604,173,68.97816578302577,190.01,0.7398843930635838,0.36302387128585745,Capinópolis,MG
3160306,101,42.4871921989526,117.12,0.6534653465346535,0.3627663268353193,Santo Antônio do Jacinto,MG
3159803,252,98.7092424314543,272.21,0.6309523809523809,0.36262166133299406,Santa Vitória,MG
3503208,1854,739.5666434723191,2041.9000087,0.6623516720604099,0.3621953280382094,Araraquara,SP
3153905,146,56.86665085293264,157.07,0.6986301369863014,0.3620465451896138,Raposos,MG
3100906,189,71.71367335452425,198.13,0.6243386243386243,0.3619526238051999,Águas Formosas,MG
3110707,110,43.842636423432594,121.14,0.8181818181818182,0.3619170911625606,Cambuquira,MG
3133600,152,64.12768528504971,177.21,0.6842105263157895,0.36187396470317534,Itapeva,MG
2615201,115,43.08741711658174,119.11,0.7130434782608696,0.3617447495305326,Terra Nova,PE
3506359,963,379.50199250248454,1049.9999962,0.6988577362409139,0.3614304703580194,Bertioga,SP
3503901,1016,397.1286712767458,1098.9999987,0.610236220472441,0.3613545693780771,Arujá,SP
3531902,279,115.26913350819088,318.999997,0.44802867383512546,0.3613452495054126,Morro Agudo,SP
3504008,869,346.49247875770556,959.0000049,0.5512082853855006,0.36130602397007927,Assis,SP
1100049,951,373.2098239168747,1033.18,0.6635120925341745,0.36122439837867043,Cacoal,RO
3301504,188,72.6461714041896,201.14000000000001,0.648936170212766,0.3611721756199145,Cordeiro,RJ
2604700,130,48.04047387508966,133.06,0.7230769230769231,0.36104369363512445,Correntes,PE
3550407,326,134.28339585715017,371.9999991,0.588957055214724,0.36097687145706814,São Pedro,SP
2516706,123,45.86837986064814,127.09,0.8211382113821138,0.36091258053858005,Teixeira,PB
4211108,108,53.3876983193956,147.98,0.5462962962962963,0.36077644492090555,Monte Castelo,SC
4320008,1389,555.4253881886666,1539.8461578,0.48020158387329015,0.3607018697128879,Sapucaia do Sul,RS
3509007,1025,393.844370553294,1091.9999908,0.5248780487804878,0.3606633460360777,Caieiras,SP
1300102,277,108.2699043150766,300.21,0.7545126353790613,0.3606472279906619,Anori,AM
3160702,306,117.26008803924525,325.23,0.7254901960784313,0.36054511588489757,Santos Dumont,MG
3147006,951,379.66123222073844,1053.18,0.6919032597266036,0.3604903551346763,Paracatu,MG
5106257,245,98.74232238524009,273.96,0.4489795918367347,0.36042605630471636,Nova Xavantina,MT
2100907,239,97.03088423510566,269.22,0.4309623430962343,0.36041484375271393,Araioses,MA
2615508,123,46.799371891087354,129.93,0.7317073170731707,0.36018911637872203,Tracunhaém,PE
3117702,129,48.2093942805449,133.92,0.7829457364341085,0.3599865164317869,Conceição do Rio Verde,MG
3149309,602,238.42509170963623,662.4,0.7591362126245847,0.3599412616389436,Pedro Leopoldo,MG
5103700,153,60.802632740897415,169.0,0.5163398692810458,0.35977889195797286,Feliz Natal,MT
3164704,668,257.5979971652281,716.04,0.812874251497006,0.35975364108880525,São Sebastião do Paraíso,MG
3513801,3765,1493.9153669521468,4153.000019,0.6,0.3597195666066639,Diadema,SP
4212304,118,49.23284775891421,136.94,0.3983050847457627,0.3595213068417863,Paulo Lopes,SC
4316402,280,124.38718688733871,346.0000026,0.37142857142857144,0.359500537435368,Rosário do Sul,RS
3127701,2139,889.1366484172656,2474.11,0.6961196820944366,0.35937636096101855,Governador Valadares,MG
4209003,185,93.89739261404873,261.3,0.7405405405405405,0.3593470823346679,Joaçaba,SC
3520400,410,170.98329539877585,475.9999996,0.43414634146341463,0.3592086040807968,Ilhabela,SP
3112505,110,44.134328166082625,123.09,0.7818181818181819,0.358553320059165,Capim Branco,MG
3103751,117,45.888195501459,128.02,0.7350427350427351,0.3584455202426105,Araporã,MG
2106375,122,46.20364555674238,128.98,0.9754098360655737,0.358223333514827,Maranhãozinho,MA
4306601,312,134.67310076897087,375.9999992,0.4807692307692308,0.35817314110507814,Dom Pedrito,RS
3146107,607,243.23301099618436,679.38,0.7462932454695222,0.358022036262746,Ouro Preto,MG
3523909,1577,638.3278478765418,1783.0000054,0.6195307545973368,0.35800776553185637,Itu,SP
3500709,330,129.94141105891248,362.9999978,0.6515151515151515,0.35796532189100877,Agudos,SP
3159902,161,62.37483108256089,174.3,0.8074534161490683,0.35785904235548416,Santo Antônio do Amparo,MG
5106307,308,128.74642597364257,359.83,0.6071428571428571,0.35779792116733616,Paranatinga,MT
3113909,132,51.179173927231645,143.17000000000002,0.7878787878787878,0.3574713552226838,Carmo da Cachoeira,MG
5105176,147,59.319038358094076,165.99,0.7346938775510204,0.35736513258686714,Juruena,MT
3114402,163,65.14253349349208,182.29,0.6871165644171779,0.35735659385315754,Carmo do Rio Claro,MG
3158003,103,42.86175043514562,120.0,0.7766990291262136,0.3571812536262135,Santa Maria de Itabira,MG
3546306,278,113.90296311326404,319.0000024,0.6007194244604317,0.3570625776059995,Santa Cruz das Palmeiras,SP
5106232,240,90.32382734106073,253.02,0.575,0.356982955264646,Nova Olímpia,MT
3524402,2047,850.6288992054689,2384.0000055,0.5192965315095261,0.35680742334019633,Jacareí,SP
4200705,114,55.42470378330095,155.34,0.4824561403508772,0.3567960846098941,Alfredo Wagner,SC
4301602,899,383.62359547513495,1075.8333389,0.43047830923248054,0.35658273600944174,Bagé,RS
1101500,186,70.8320705489123,198.86,0.6612903225806451,0.35619063938907924,Seringueiras,RO
3154804,111,43.87919726499212,123.21000000000001,0.7297297297297297,0.3561334085300878,Rio Acima,MG
3525706,320,120.7060849168693,339.0000023,0.59375,0.35606514483162083,José Bonifácio,SP
2110005,694,272.92341978991936,766.53,0.5951008645533141,0.3560505391699208,Santa Luzia,MA
3522208,1878,737.8285645325122,2073.0000103,0.5537806176783813,0.3559230877310682,Itapecerica da Serra,SP
5106182,121,46.926774017980954,131.9,0.6776859504132231,0.35577539058363117,Nova Lacerda,MT
4313409,2045,874.9163077916912,2459.9999933999998,0.37359413202933983,0.3556570366418812,Novo Hamburgo,RS
3509502,8899,3501.737796830103,9851.9999936,0.6624339813462187,0.35543420616168103,Campinas,SP
3529708,155,69.30272334549446,195.0,0.3096774193548387,0.3553985812589459,Miguelópolis,SP
3500303,355,144.63449282460084,407.0000012,0.6169014084507042,0.3553673031895825,Aguaí,SP
3304706,331,129.08296750358846,363.3,0.7462235649546828,0.3553068194428529,Santo Antônio de Pádua,RJ
3169000,152,59.75561637541207,168.19,0.7105263157894737,0.3552863807325767,Tocantins,MG
3542909,101,39.41359059346297,111.0000019,0.5445544554455446,0.3550773866559994,Ribeirão Bonito,SP
4117602,629,275.39195453816393,775.71,0.5453100158982512,0.3550192140595892,Palmas,PR
3147105,854,335.3194217754566,944.63,0.765807962529274,0.3549743516249289,Pará de Minas,MG
3525300,1024,393.247720659036,1108.0000015,0.55078125,0.35491671491575894,Jaú,SP
3148004,1280,502.4774846956712,1416.73,0.803125,0.3546741331768729,Patos de Minas,MG
2100303,212,91.17693145062522,257.09000000000003,0.45754716981132076,0.3546498558894753,Aldeias Altas,MA
4205902,624,355.1981781428747,1001.66,0.6778846153846154,0.3546095263291683,Gaspar,SC
1505502,1446,579.7537887249317,1634.98,0.5705394190871369,0.35459381076522756,Paragominas,PA
1303304,252,103.07875920734534,291.08,0.5238095238095238,0.3541251862283405,Novo Aripuanã,AM
3205002,6396,2630.162852255575,7434.51,0.6072545340838024,0.3537775660071175,Serra,ES
1506104,133,51.67266087004898,146.14000000000001,0.5037593984962406,0.353583282263918,Primavera,PA
2705606,138,49.115453308051706,138.93,0.39855072463768115,0.35352661993847045,Novo Lino,AL
4316907,1694,768.1178083602151,2173.8408332999998,0.4085005903187721,0.3533459288250528,Santa Maria,RS
5100805,128,47.376538679044344,134.1,0.7421875,0.35329260759913755,Apiacás,MT
2916856,166,58.6191184098253,166.0,0.5421686746987951,0.353127219336297,Itatim,BA
5005707,801,313.2075146921271,887.08,0.6017478152309613,0.35307696565374835,Naviraí,MS
3128303,210,77.30746354677592,218.97,0.6476190476190476,0.3530504797313601,Guaranésia,MG
3142007,120,44.45232691107538,125.95,0.5416666666666666,0.35293629941306376,Mirabela,MG
3505609,356,141.13663924232048,400.0000011,0.5140449438202247,0.3528415971354868,Barrinha,SP
2507101,143,56.13864143280513,159.13,0.8321678321678322,0.35278477617548626,Itapororoca,PB
5106224,883,344.5383809265371,976.85,0.7474518686296716,0.35270346616833403,Nova Mutum,MT
2111029,173,64.15986516289351,181.96,0.7052023121387283,0.35260422709877726,São João do Carú,MA
1100114,595,228.05703344816231,647.32,0.653781512605042,0.35230957401001406,Jaru,RO
4204608,2022,887.3051092535862,2519.11,0.6043521266073195,0.35222960063418673,Criciúma,SC
4205308,129,55.38235298908509,157.24,0.6666666666666666,0.3522154222149904,Faxinal dos Guedes,SC
3170909,173,66.59439172047124,189.09,0.6936416184971098,0.35218357248120596,Varzelândia,MG
4304408,467,199.02596063369117,565.2615405,0.4732334047109208,0.352095351220328,Canela,RS
3201308,4438,1785.8096127775939,5078.43,0.6471383506083822,0.35164600334701746,Cariacica,ES
3533007,181,66.78998309837895,190.0000035,0.5966850828729282,0.35152622035809045,Nova Granada,SP
2608453,139,49.61750573907274,141.16,0.5971223021582733,0.35149834045815204,Lagoa do Carro,PE
3522505,3253,1254.025775510097,3567.9999908,0.5561020596372579,0.3514646240873239,Itapevi,SP
2307304,2361,842.0512263538222,2396.11,0.5959339263024143,0.3514242778310771,Juazeiro do Norte,CE
2504405,152,62.96282738696054,179.18,0.9342105263157895,0.35139428165509845,Conceição,PB
3507100,292,112.31171282159855,320.0000011,0.5376712328767124,0.350974101361022,Bom Jesus dos Perdões,SP
3125705,108,42.1614665985611,120.15,0.75,0.3509069213363387,Felixlândia,MG
5106216,172,64.61648170145192,184.22,0.686046511627907,0.3507571474402992,Nova Canaã do Norte,MT
3162955,328,121.00756687186922,345.21,0.7530487804878049,0.3505332026067299,São José da Lapa,MG
3144706,177,68.77137787556201,196.28,0.7231638418079096,0.3503738428549114,Nova Era,MG
3133709,162,67.1984169591402,191.89,0.8024691358024691,0.3501923860500297,Itatiaiuçu,MG
3204302,182,70.38731213323747,201.07,0.6978021978021978,0.35006371976544226,Presidente Kennedy,ES
3502903,374,147.70829724807538,422.0000042,0.5641711229946524,0.3500196582416892,Araçoiaba da Serra,SP
3139805,156,57.07464290188678,163.09,0.6858974358974359,0.34995795512837563,Mar de Espanha,MG
5203302,363,135.5720936326422,387.98,0.6225895316804407,0.34943062434311617,Bela Vista de Goiás,GO
4216305,277,170.20467299854246,487.15,0.6967509025270758,0.3493886338880067,São João Batista,SC
2607307,363,129.98698411597968,372.12,0.7052341597796143,0.3493146944963444,Ipubi,PE
5221858,2096,827.6711176775851,2370.32,0.642175572519084,0.3491811728701547,Valparaíso de Goiás,GO
3128006,306,116.97844469875294,335.13,0.7320261437908496,0.34905393339525836,Guanhães,MG
3152501,1194,468.3678234366239,1342.14,0.6892797319932998,0.3489709146859671,Pouso Alegre,MG
2107902,201,74.68098860236968,214.02,0.5870646766169154,0.3489439706680202,Passagem Franca,MA
3522802,122,46.75707150267355,134.0000006,0.7049180327868853,0.34893336786054874,Itaporanga,SP
3514106,249,93.11120210128347,266.9999984,0.5742971887550201,0.34873109610207204,Dois Córregos,SP
3503802,505,188.66104714527793,540.9999923,0.5445544554455446,0.34872652464042914,Artur Nogueira,SP
4321204,490,180.25473361198698,517.0000018,0.45102040816326533,0.34865518952496644,Taquara,RS
2615300,346,123.44922508718652,354.13,0.7745664739884393,0.34859860810207133,Timbaúba,PE
3117900,117,44.62739296879157,128.14000000000001,0.8376068376068376,0.3482705866145744,Congonhal,MG
3506003,2786,1110.4194482980706,3189.000008,0.5997846374730796,0.34820302461977,Bauru,SP
3133204,111,42.11995014541171,121.01,0.8558558558558559,0.3480699954170044,Itanhomi,MG
3517703,180,68.54624112202688,196.9999998,0.7777777777777778,0.347950462901609,Guará,SP
5106752,705,277.82502430842635,798.57,0.6695035460992907,0.34790315727916943,Pontes e Lacerda,MT
4105805,3101,1277.9130421261295,3673.42,0.6091583360206385,0.347881005201183,Colombo,PR
3557006,1103,424.22928991150235,1219.9999976,0.5485040797824116,0.3477289268410261,Votorantim,SP
3300407,1314,537.5295810085353,1546.46,0.6423135464231354,0.34758712220719273,Barra Mansa,RJ
3139607,222,89.01072316131857,256.21999999999997,0.7162162162162162,0.347399590825535,Mantena,MG
3131901,679,254.20298093207077,731.87,0.8041237113402062,0.34733351678859736,Itabirito,MG
3549805,3296,1350.7401884756835,3889.000017,0.5700849514563107,0.347323266282126,São José do Rio Preto,SP
3512209,337,130.2142161138305,375.0000031,0.5548961424332344,0.3472379067663813,Conchal,SP
3132909,104,39.2100770284373,112.94000000000001,0.7980769230769231,0.3471761734410952,Itamogi,MG
3518404,904,339.49563741478636,978.0000033,0.5597345132743363,0.3471325524225449,Guaratinguetá,SP
3304409,147,58.69312294896192,169.15,0.6530612244897959,0.3469886074428727,Rio Claro,RJ
3132206,142,51.276719236199305,147.84,0.9084507042253521,0.34683928054788493,Itaguara,MG
2400703,137,53.69839768897368,154.85,0.5255474452554745,0.34677686592814777,Alto do Rodrigues,RN
4105904,204,82.24013859731413,237.18,0.7843137254901961,0.3467414562666082,Colorado,PR
3530607,4279,1652.9574138097555,4768.0000055,0.48118719326945547,0.3466773095434208,Mogi das Cruzes,SP
3124005,151,61.72791218884755,178.11,0.8543046357615894,0.34657184991773365,Ervália,MG
3531803,754,313.92166386421803,906.0000007,0.47214854111405835,0.3464919024521785,Monte Mor,SP
4111258,443,170.50154018174987,492.71,0.5327313769751693,0.34604846701254266,Itaperuçu,PR
3146909,134,52.237704897872035,150.98,0.8955223880597015,0.3459908921570542,Papagaios,MG
3145604,348,128.50202159302717,371.42,0.8563218390804598,0.3459749652496558,Oliveira,MG
4202206,121,48.80568216846886,141.11,0.7024793388429752,0.34586976237310507,Benedito Novo,SC
5008305,1634,567.042677857301,1639.97,0.8298653610771114,0.34576405535302535,Três Lagoas,MS
4301305,116,53.872020775029995,155.9999996,0.4482758620689655,0.345333467392073,Arroio Grande,RS
2516300,132,47.3152914319576,137.06,0.6439393939393939,0.3452159012983919,Sumé,PB
5004601,350,121.85888747625808,353.03000000000003,0.7942857142857143,0.3451799775550465,Itaquiraí,MS
2100709,141,53.17703981806525,154.1,0.41134751773049644,0.3450813745494176,Anajatuba,MA
2612703,101,37.62112088212809,109.06,0.6435643564356436,0.3449580128564835,Santa Maria do Cambucá,PE
3162906,205,80.02575068024166,231.99,0.697560975609756,0.3449534492014382,São João Nepomuceno,MG
3518503,151,56.569126663911035,163.9999993,0.6821192052980133,0.3449337006424672,Guareí,SP
4306106,535,212.46858872067156,616.0000044,0.5626168224299065,0.3449165376672708,Cruz Alta,RS
3138625,119,43.80734138832649,127.11000000000001,0.5966386554621849,0.3446411878556092,Limeira do Oeste,MG
3100203,185,69.62425678391423,202.1,0.7891891891891892,0.3445039920035341,Abaeté,MG
2605608,145,50.32451132592729,146.1,0.6827586206896552,0.344452507364321,Flores,PE
3526803,607,221.82253225267783,644.000001,0.6359143327841845,0.34444492532334303,Lençóis Paulista,SP
3500105,200,73.99885606737541,215.0000011,0.66,0.34418072413384476,Adamantina,SP
3155801,141,54.99345489369994,159.99,0.7872340425531915,0.34373057624664005,Rio Pomba,MG
1200401,4491,1919.7842723225972,5585.74,0.548207526163438,0.34369381179979686,Rio Branco,AC
3538006,1412,561.535702330466,1634.0000002,0.6402266288951841,0.3436571005273774,Pindamonhangaba,SP
4217808,176,78.13800941970568,227.42,0.7159090909090909,0.34358459862679486,Taió,SC
5102637,779,299.4239746947141,871.52,0.6713735558408216,0.3435652362478361,Campo Novo do Parecis,MT
2616506,160,55.61683165954811,161.94,0.8125,0.3434409760377184,Xexéu,PE
3130507,143,53.11511582589642,154.69,0.6573426573426573,0.3433648964115096,Ilicínea,MG
1100304,1319,524.6737272173682,1528.33,0.7194844579226687,0.3432987163880629,Vilhena,RO
2613305,233,80.3546174567852,234.08,0.721030042918455,0.3432784409466217,São Joaquim do Monte,PE
4213609,249,110.94095010190668,323.22,0.6746987951807228,0.3432366502750655,Porto União,SC
3529401,3825,1387.4584685192858,4043.0000122,0.7333333333333333,0.34317547967661266,Mauá,SP
4211207,264,105.15309665092026,306.61,0.6931818181818182,0.3429539044744798,Morro da Fumaça,SC
3546801,506,196.81036969709874,573.9999992,0.6758893280632411,0.3428752090094057,Santa Isabel,SP
2602209,297,104.22923369713696,304.05,0.6936026936026936,0.34280293930977457,Bom Jardim,PE
3534708,919,340.7039379722006,993.9999968,0.5386289445048966,0.34276050208152337,Ourinhos,SP
3515004,2895,1150.8838453564208,3358.9999976,0.4949913644214162,0.3426269265194181,Embu das Artes,SP
4212254,159,79.53783944996677,232.59,0.5974842767295597,0.34196586031199433,Passo de Torres,SC
3113404,855,329.13145243026406,962.66,0.6795321637426901,0.34189792079266207,Caratinga,MG
1303205,247,100.89322688671758,295.11,0.5870445344129555,0.34188345663216285,Novo Airão,AM
3202207,191,73.1418290284998,214.03,0.6282722513089005,0.34173634083305987,Fundão,ES
2107704,261,98.0789401033533,287.11,0.7471264367816092,0.3416075375408495,Paraibano,MA
1100080,197,73.36302395054379,214.8,0.5989847715736041,0.3415410798442448,Costa Marques,RO
3127008,135,49.19267709692171,144.04000000000002,0.762962962962963,0.3415209462435553,Fronteira,MG
2101772,245,86.7890538764969,254.34,0.7795918367346939,0.34123242068293186,Bela Vista do Maranhão,MA
3144607,184,67.9132153635426,199.03,0.7771739130434783,0.34122099866121997,Nepomuceno,MG
3301108,162,65.15864865229074,191.0,0.5308641975308642,0.3411447573418363,Cantagalo,RJ
2616001,109,38.59220312090625,113.13,0.5963302752293578,0.3411314692911363,Venturosa,PE
3155504,193,75.7808475069667,222.16,0.6113989637305699,0.34110932439217995,Rio Paranaíba,MG
3557204,112,44.678632363354836,130.9999999,0.5089285714285714,0.34105826257603555,Chavantes,SP
2611101,4624,1655.7868931019498,4855.17,0.7030709342560554,0.34103582224761436,Petrolina,PE
2503506,137,49.44584812643921,145.2,0.6277372262773723,0.3405361441214822,Cacimba de Dentro,PB
2111409,132,51.07878530316538,150.04,0.696969696969697,0.34043445283368023,São Luís Gonzaga do Maranhão,MA
3167608,205,83.339717519151,245.09,0.7317073170731707,0.34003720069831894,Simonésia,MG
3531308,304,111.87149482634521,329.0000017,0.5888157894736842,0.3400349369248809,Monte Alto,SP
2608701,103,35.363428503515706,104.0,0.8640776699029126,0.3400329663799587,Lagoa dos Gatos,PE
2705507,234,81.16134304496292,238.93,0.8461538461538461,0.3396866992213741,Murici,AL
4317509,613,226.13391781291043,666.0000041,0.43066884176182707,0.33954041504623833,Santo Ângelo,RS
3115508,160,61.37912635997833,180.85,0.74375,0.3393924598284674,Caxambu,MG
4311205,132,61.415119567919305,180.999999,0.4166666666666667,0.3393100547360738,Júlio de Castilhos,RS
4322509,716,279.8275927518621,825.0000056,0.41899441340782123,0.3391849586090016,Vacaria,RS
3527603,123,44.421483811511024,131.0000011,0.43089430894308944,0.3390952934237115,Luís Antônio,SP
3304524,1585,645.6247448782252,1904.96,0.6889589905362776,0.3389177436157322,Rio das Ostras,RJ
3535804,212,81.66424911340992,241.0000016,0.4339622641509434,0.3388558032001686,Paranapanema,SP
2516003,187,72.45074640075806,213.87,0.45989304812834225,0.33876067892064365,Solânea,PB
3539806,1172,462.09047345590136,1364.999998,0.5213310580204779,0.33852781987762415,Poá,SP
3134608,197,77.92520849917956,230.19,0.7563451776649747,0.33852560275937077,Jaboticatubas,MG
4311809,432,166.8358262475338,492.9999965,0.4652777777777778,0.3384093862717376,Marau,RS
3510609,3977,1511.7081422964695,4469.0000131,0.579834045763138,0.33826541460398135,Carapicuíba,SP
2211001,6908,2544.333941054247,7525.53,0.5780254777070064,0.3380936546733914,Teresina,PI
3547304,1695,645.582067746315,1910.9999956,0.6064896755162242,0.3378242120527167,Santana de Parnaíba,SP
3304201,983,391.0875668590591,1157.71,0.7273652085452695,0.33781134036940086,Resende,RJ
3108305,166,59.14079597496257,175.16,0.8012048192771084,0.337638707324518,Borda da Mata,MG
2615805,194,68.60606784338908,203.21,0.6855670103092784,0.3376116718832197,Tupanatinga,PE
3108008,124,46.28680269170819,137.13,0.8387096774193549,0.33753958062938955,Bom Sucesso,MG
4301057,137,54.24699287316122,160.8823542,0.46715328467153283,0.3371842309425953,Arroio do Sal,RS
4314803,317,125.75504133279568,373.00000190000003,0.41009463722397477,0.3371448812123871,Portão,RS
3509254,385,136.50851814228375,405.0000022,0.574025974025974,0.3370580676561877,Cajati,SP
4211702,237,103.31962148005385,306.62,0.6413502109704642,0.33696308616546167,Orleans,SC
4302808,276,112.16091551286446,332.9090912,0.4855072463768116,0.33691154275352053,Caçapava do Sul,RS
4126256,1465,599.2579767761737,1778.98,0.5658703071672355,0.33685481386871896,Sarandi,PR
4208500,298,126.30997175184929,374.97,0.7248322147651006,0.33685353962143444,Ituporanga,SC
3553500,103,35.35623609729278,105.0000003,0.5728155339805825,0.3367260571073806,Tapiraí,SP
4305108,3664,1491.9128801343431,4431.9999781,0.4375,0.33662294393194625,Caxias do Sul,RS
2604007,570,206.79336942792236,614.37,0.5929824561403508,0.3365941849828643,Carpina,PE
5213806,461,174.61865506737342,519.09,0.6594360086767896,0.33639379504011524,Morrinhos,GO
4107652,1941,777.5299579738995,2311.58,0.6481195260175168,0.3363629889399889,Fazenda Rio Grande,PR
2606101,197,67.60272540346035,201.0,0.6649746192893401,0.3363319671813948,Glória do Goitá,PE
3138807,144,51.44166581545587,152.96,0.8680555555555556,0.33630796165962257,Luz,MG
2609006,214,73.62702091329832,218.99,0.822429906542056,0.336211794663219,Macaparana,PE
2111201,1923,750.5663489369076,2232.98,0.5730629225169007,0.3361276630050012,São José de Ribamar,MA
3500550,104,36.95781882415125,109.99999919999999,0.49038461538461536,0.33598017357213994,Águas de Santa Bárbara,SP
2103406,430,162.08745645936563,482.45,0.7604651162790698,0.3359673675186354,Coelho Neto,MA
3104304,154,56.083606522198984,167.03,0.8831168831168831,0.3357696612716218,Areado,MG
4200101,250,102.94216887377338,306.63,0.588,0.33572112602737303,Abelardo Luz,SC
3116605,294,105.49678850346376,314.46,0.8299319727891157,0.3354855577926088,Cláudio,MG
1100189,472,176.50194117532055,526.6,0.8177966101694916,0.33517269497782104,Pimenta Bueno,RO
4217600,123,48.292614403034776,144.15,0.5691056910569106,0.3350164023797071,Siderópolis,SC
3143005,141,51.30861558886486,153.2,0.8085106382978723,0.3349126343920683,Monte Belo,MG
3549953,137,53.912819918556536,161.0000013,0.583941605839416,0.33486223281512817,São Lourenço da Serra,SP
2607208,1323,464.1941609911798,1386.55,0.6447467876039304,0.33478357144796783,Ipojuca,PE
3551900,161,60.24970365070663,180.0000005,0.6086956521739131,0.3347205749074797,Severínia,SP
1101401,172,63.6418558063364,190.18,0.7093023255813954,0.33464010835175306,Monte Negro,RO
4215307,110,43.34518322488329,129.62,0.6818181818181818,0.3344019690239415,Salete,SC
4207007,663,299.7888953828449,897.2,0.6953242835595776,0.3341383140691539,Içara,SC
4307708,636,275.18767501550496,823.9333342,0.46540880503144655,0.33399264672632656,Esteio,RS
3108552,206,75.16239113674894,225.23,0.7669902912621359,0.33371394191159676,Brasilândia de Minas,MG
3515103,756,277.5557315284816,831.9999975,0.5753968253968254,0.3336006398587539,Embu-Guaçu,SP
3143401,189,72.00975987256741,215.88,0.7513227513227513,0.3335638311680907,Monte Sião,MG
1100940,260,96.38957390570201,289.01,0.676923076923077,0.3335163970302135,Cujubim,RO
3520905,140,49.671410330180876,149.0000002,0.55,0.33336516955374396,Ipaussu,SP
3540200,376,134.95778060000669,405.0000003,0.6462765957446809,0.3332290876544147,Pontal,SP
3147907,1081,390.4339639412614,1173.35,0.8288621646623496,0.33275149268441767,Passos,MG
3103405,277,97.71126694372379,293.90000000000003,0.6353790613718412,0.332464331213759,Araçuaí,MG
2100808,109,47.201350363311825,141.98,0.3394495412844037,0.33245069984020165,Anapurus,MA
3537206,106,39.55613563335256,119.0000002,0.46226415094339623,0.3324045005619467,Pedro de Toledo,SP
3535002,130,44.206523774660624,133.0000008,0.7230769230769231,0.33237987600568963,Palestina,SP
3524600,129,47.48685385164727,142.9999992,0.5503875968992248,0.33207590291823774,Jacupiranga,SP
3542602,514,187.17242810058332,564.0000004,0.6439688715953308,0.33186600703517183,Registro,SP
3157906,170,64.03877009037055,192.98,0.6,0.3318414866326591,Santa Margarida,MG
4212908,245,100.70031448207276,303.5,0.7510204081632653,0.3317967528239629,Pinhalzinho,SC
1100403,171,66.38308377526258,200.08,0.6023391812865497,0.33178270579399527,Alto Paraíso,RO
3505708,4295,1654.0164169828588,4987.6515103,0.6828870779976717,0.33162229028374357,Barueri,SP
3551801,143,54.67253494714936,165.0000021,0.5244755244755245,0.3313486924322249,Sete Barras,SP
3205010,431,155.6110784184346,470.02000000000004,0.7122969837587007,0.3310733126642155,Sooretama,ES
3205200,4241,1578.090490241179,4767.59,0.6838009903324688,0.3310038174929427,Vila Velha,ES
3140902,247,83.43491098813043,252.09,0.8097165991902834,0.33097271207953677,Matipó,MG
2110302,115,40.0226328108072,120.92999999999999,0.7304347826086957,0.33095702316056563,Santo Antônio dos Lopes,MA
3102308,108,40.03721875669115,121.0,0.8148148148148148,0.3308861054271996,Alvinópolis,MG
3515509,510,188.55919141285386,569.9473683,0.6137254901960785,0.3308361471608779,Fernandópolis,SP
4303004,506,198.16238228272437,598.9999992,0.4031620553359684,0.3308220075916226,Cachoeira do Sul,RS
2102002,332,113.52811166342941,343.25,0.6867469879518072,0.33074468073832314,Bom Jardim,MA
3303856,292,124.98316472335199,377.90000000000003,0.7534246575342466,0.3307307878363376,Paty do Alferes,RJ
4312500,130,48.90739958808929,148.0000006,0.4076923076923077,0.3304554012825409,Mostardas,RS
2608057,110,39.361503914613884,119.12,0.6818181818181818,0.33043572796015686,Jatobá,PE
5108055,165,59.15248981778964,179.1,0.6181818181818182,0.33027632505745197,Terra Nova do Norte,MT
1100023,1066,396.62408338904737,1201.01,0.6585365853658537,0.3302421157101501,Ariquemes,RO
2517001,111,39.99618023526369,121.12,0.7927927927927928,0.33021945372575695,Umbuzeiro,PB
2104305,158,54.55672647030933,165.24,0.879746835443038,0.33016658478763816,Godofredo Viana,MA
3300506,227,85.17930673968871,258.08,0.6740088105726872,0.33005001061565686,Bom Jardim,RJ
4209102,5308,2553.328545080968,7736.53,0.6929163526752072,0.3300353705189495,Joinville,SC
3306305,2463,977.9357793820362,2963.54,0.634185952090946,0.3299890601719687,Volta Redonda,RJ
3143906,927,362.23114604609754,1098.05,0.7626752966558792,0.32988583948462963,Muriaé,MG
2104909,127,44.16487875643066,134.02,0.8661417322834646,0.3295394624416554,Guimarães,MA
3510500,1504,556.4620208322845,1689.9999942,0.5824468085106383,0.3292674690781277,Caraguatatuba,SP
2914406,269,88.51269335134651,269.0,0.4423791821561338,0.32904346970760784,Iraquara,BA
4313508,467,182.51256176191583,554.777779,0.42184154175588867,0.32898318690935857,Osório,RS
3300225,138,52.96314694136142,161.04,0.6304347826086957,0.32888193580080366,Areal,RJ
4204509,189,78.52334576113331,238.77,0.8042328042328042,0.3288660458228978,Corupá,SC
3528809,110,38.79981676490778,117.9999981,0.9090909090909091,0.32881201177670005,Maracaí,SP
3545605,120,46.35975947629968,140.9999992,0.6416666666666667,0.32879262226477857,Santa Adélia,SP
5104526,149,55.211034698279846,168.05,0.5973154362416108,0.32853933173626804,Ipiranga do Norte,MT
3136306,545,189.6001054234662,577.2,0.7412844036697248,0.3284825111286663,João Pinheiro,MG
4207809,123,50.6166461736577,154.19,0.6585365853658537,0.3282745066065095,Irani,SC
3134905,244,91.99114211210075,280.29,0.7950819672131147,0.3281998719615425,Jacutinga,MG
3111101,120,43.98120110085033,134.03,0.7416666666666667,0.32814445348690835,Campina Verde,MG
2104073,109,36.77607576147596,112.09,0.6513761467889908,0.32809417219623477,Feira Nova do Maranhão,MA
3120870,102,35.14828545145558,107.15,0.803921568627451,0.3280287956272102,Curral de Dentro,MG
1100320,302,107.44811977959205,327.58,0.6920529801324503,0.3280057383832714,São Miguel do Guaporé,RO
4203303,145,60.36948819950298,184.32999999999998,0.6,0.32750766668205383,Campo Alegre,SC
2107001,114,39.48675349559908,121.0,0.5526315789473685,0.32633680574875273,Montes Altos,MA
3303609,367,139.65843296274699,428.12,0.7002724795640327,0.3262132882433593,Paracambi,RJ
1100015,275,99.80135932314207,306.29,0.68,0.3258394310070262,Alta Floresta D'Oeste,RO
3529203,193,66.44936222335222,204.00000020000002,0.6321243523316062,0.32573216744218525,Martinópolis,SP
5211909,1148,408.05037925373074,1253.28,0.7012195121951219,0.32558596582865024,Jataí,GO
3140159,149,54.8677104361433,168.94,0.738255033557047,0.3247763136980188,Mário Campos,MG
4102406,302,108.91511709368976,335.62,0.7284768211920529,0.3245191499126684,Bandeirantes,PR
3132404,708,263.58098181044767,812.41,0.7923728813559322,0.3244433005630749,Itajubá,MG
3548708,6732,2563.0514909269664,7900.1538165,0.5426322043969103,0.32443058077854914,São Bernardo do Campo,SP
3148103,990,347.3116161601555,1071.08,0.7212121212121212,0.3242630019794558,Patrocínio,MG
3114501,169,58.102410144703526,179.28,0.8165680473372781,0.3240875175407381,Carmópolis de Minas,MG
3131802,102,35.01532082430189,108.13,0.8333333333333334,0.32382614283086925,Itabirinha,MG
3536208,173,62.81132313179242,193.9999994,0.6127167630057804,0.32376970786625897,Pariquera-Açu,SP
4219002,216,81.1754150273801,250.96,0.7083333333333334,0.32345957534021397,Urussanga,SC
2609204,106,34.60112805015652,106.98,0.5754716981132075,0.3234354837367407,Maraial,PE
4102109,256,93.5460880048133,289.44,0.75390625,0.32319682146494366,Astorga,PR
2932606,148,47.81488057675361,148.0,0.40540540540540543,0.32307351741049734,Urandi,BA
5209903,122,43.68313508011193,135.22,0.6557377049180327,0.32305232273415124,Iaciara,GO
2709152,381,139.24048948685757,431.23,0.5774278215223098,0.3228914720377932,Teotônio Vilela,AL
4312401,651,231.47420356162027,716.9999982,0.4362519201228879,0.3228371048015719,Montenegro,RS
3200805,275,100.08433807947895,310.11,0.7454545454545455,0.32273818348159994,Baixo Guandu,ES
3120805,137,46.18232825259072,143.28,0.7591240875912408,0.32232222398513904,Cruzília,MG
2516201,524,190.12964854529073,589.96,0.6583969465648855,0.3222754907880038,Sousa,PB
4104253,345,127.71951629064402,397.23,0.5797101449275363,0.32152535380168673,Campo Magro,PR
3162401,177,59.53848600869862,185.26,0.632768361581921,0.32137798773992565,São João da Ponte,MG
2505105,151,56.26989041261255,175.11,0.6291390728476821,0.3213402456319602,Cuité,PB
3110608,252,89.40008319561979,278.22,0.8214285714285714,0.32132874414355467,Cambuí,MG
4206504,488,228.75628205891755,712.0,0.6516393442622951,0.3212869130040977,Guaramirim,SC
5005251,137,47.57048054944769,148.08,0.7737226277372263,0.32124851802706433,Laguna Carapã,MS
3544103,394,135.84577095744507,422.9999969,0.616751269035533,0.32114839705202153,Rio Grande da Serra,SP
3513702,233,80.59670490157458,251.0000003,0.8068669527896996,0.32110240958264485,Descalvado,SP
3501301,247,86.02567816558394,267.9999986,0.7246963562753036,0.32099133811556646,Álvares Machado,SP
2104552,306,107.29198974553846,334.32,0.6764705882352942,0.3209260281931636,Governador Edison Lobão,MA
4310330,291,130.64872818177997,407.3038459,0.36769759450171824,0.32076477916159046,Imbé,RS
3535507,404,145.6040984841573,453.9999996,0.5742574257425742,0.3207138735956891,Paraguaçu Paulista,SP
3139201,187,63.162363869388464,196.97,0.7593582887700535,0.3206699693830962,Malacacheta,MG
3509700,442,158.70399962923915,495.0000007,0.5701357466063348,0.32061414021173584,Campos do Jordão,SP
4217204,438,172.70381141877198,538.75,0.6963470319634704,0.32056391910676935,São Miguel do Oeste,SC
4204301,950,374.6108252567214,1169.01,0.7178947368421053,0.3204513436640588,Concórdia,SC
3530805,657,238.40280970701738,744.9999992,0.5814307458143074,0.3200037717624435,Mogi Mirim,SP
3508702,164,56.60702212580475,177.000001,0.7073170731707317,0.31981368251972353,Caconde,SP
1200500,482,180.0565518446863,563.12,0.6556016597510373,0.3197481031479726,Sena Madureira,AC
4204004,142,59.52233666461251,186.34,0.7394366197183099,0.31942866085978594,Catanduvas,SC
2205201,164,53.6881996112888,168.12,0.5914634146341463,0.31934451350992626,Jaicós,PI
4206009,115,90.65428202363069,283.91,0.6869565217391305,0.3193064070431851,Governador Celso Ramos,SC
1100924,154,57.11179973384502,178.89000000000001,0.7337662337662337,0.3192565248691655,Chupinguaia,RO
3133105,107,36.71496134323705,115.08,0.8037383177570093,0.3190385935283025,Itanhandu,MG
4203907,283,117.15115081314343,367.4,0.6996466431095406,0.31886540776576877,Capinzal,SC
3107109,447,150.19638181608917,471.25,0.7494407158836689,0.3187191126070858,Boa Esperança,MG
2607752,274,89.54501305358647,281.11,0.8284671532846716,0.3185408311820514,Itapissuma,PE
3511409,236,79.94536475032933,250.9999972,0.4025423728813559,0.3185074328372516,Cerqueira César,SP
3542701,105,34.071373307878076,107.0,0.5523809523809524,0.31842404960633713,Restinga,SP
3553708,406,146.46272435322086,460.0000017,0.7364532019704434,0.3183972256781426,Taquaritinga,SP
3164605,130,46.465039677677716,145.94,0.7692307692307693,0.31838453938384076,São Sebastião do Oeste,MG
1302405,467,175.88313114099833,552.55,0.683083511777302,0.318311702363584,Lábrea,AM
3534609,223,74.14796894842394,232.99999929999998,0.5919282511210763,0.3182316273441463,Osvaldo Cruz,SP
3535606,183,63.9330035316274,201.0000019,0.5846994535519126,0.3180746414292815,Paraibuna,SP
3520004,209,69.34017896887785,218.00000070000002,0.7751196172248804,0.3180742144322289,Igaraçu do Tietê,SP
3121605,484,165.116905452157,519.12,0.7252066115702479,0.31807078411958123,Diamantina,MG
3137502,199,65.19204560387932,205.05,0.8241206030150754,0.3179324340593968,Lagoa Formosa,MG
3520426,167,57.85926805634007,182.0,0.6766467065868264,0.3179080662436268,Ilha Comprida,SP
4122206,439,154.5877569935196,486.38,0.6173120728929385,0.31783329288523293,Rio Branco do Sul,PR
3156304,122,40.72019137235834,128.12,0.819672131147541,0.31782853084887874,Rodeiro,MG
4119152,1315,479.53896614154024,1509.12,0.5733840304182509,0.3177606592859019,Pinhais,PR
3501608,1516,520.4820389295934,1638.0000044,0.649736147757256,0.31775460166756603,Americana,SP
3526704,993,338.4889665907281,1065.9999953,0.6193353474320241,0.3175318649935534,Leme,SP
3539400,102,34.61017775001234,109.0000002,0.4411764705882353,0.31752456593126077,Piratininga,SP
3507407,118,39.05314993511693,122.999999,0.8559322033898306,0.31750528660668464,Borborema,SP
3156007,103,36.425215945341186,114.84,0.6407766990291263,0.31718230534083236,Rio Vermelho,MG
3510005,268,89.43657588503447,282.0000018,0.6791044776119403,0.31715097629135713,Cândido Mota,SP
3131158,190,62.185872506215745,196.09,0.7947368421052632,0.31712923915659,Ipaba,MG
5216403,148,51.642637266017694,163.07,0.6824324324324325,0.3166899936592733,Paraúna,GO
3145901,387,131.63857953567054,415.91,0.813953488372093,0.31650736826638104,Ouro Branco,MG
3111200,388,128.8137007870026,407.17,0.8556701030927835,0.3163634373529548,Campo Belo,MG
1101708,146,49.65124844787143,157.03,0.6095890410958904,0.3161895717243293,Urupá,RO
4125506,3798,1440.5994147917695,4557.42,0.6463928383359663,0.3160997702190646,São José dos Pinhais,PR
3302106,188,70.60519762403888,223.42000000000002,0.6914893617021277,0.3160200412856453,Itaocara,RJ
3556305,269,89.42605889228842,283.0000023,0.7063197026022305,0.3159931383940078,Valparaíso,SP
5101803,721,251.33761907906543,795.5600000000001,0.6685159500693482,0.31592540987363044,Barra do Garças,MT
3124203,208,76.37767415550542,241.86,0.5961538461538461,0.31579291389855874,Espera Feliz,MG
3551702,1386,481.42285924801456,1524.9999990000001,0.5440115440115441,0.3156871210253781,Sertãozinho,SP
4216909,302,123.72266024642833,391.92,0.7152317880794702,0.31568345643607965,São Lourenço do Oeste,SC
3118304,1226,429.2842398111529,1360.3700000000001,0.835236541598695,0.31556432427292047,Conselheiro Lafaiete,MG
2614808,151,48.54246504057937,153.86,0.7417218543046358,0.31549762797724795,Tacaratu,PE
5210109,266,86.42962004690153,273.97,0.7406015037593985,0.31547111014673695,Ipameri,GO
3131307,1931,688.3809734289995,2182.89,0.7622993267736924,0.3153530289794719,Ipatinga,MG
3203205,2058,726.1531340143562,2303.17,0.6783284742468416,0.3152842100298094,Linhares,ES
3511300,143,51.07093112699349,161.9999973,0.5454545454545454,0.3152526665319487,Cedral,SP
4202453,230,126.00460151276853,400.18,0.6782608695652174,0.31486981236635647,Bombinhas,SC
3147303,186,62.96450251491112,200.05,0.8118279569892473,0.31474382661790107,Paraisópolis,MG
3516705,303,103.17682676427034,327.9999987,0.5775577557755776,0.31456349747927714,Garça,SP
3126109,469,168.16504373393374,535.0,0.8571428571428571,0.3143271845494089,Formiga,MG
3511706,183,62.21459118257211,197.9999997,0.6229508196721312,0.3142151074587709,Charqueada,SP
3531506,125,50.57024979989296,161.0000003,0.552,0.31410092984883653,Monte Azul Paulista,SP
2508901,467,156.59232767527186,498.6,0.6916488222698073,0.3140640346475569,Mamanguape,PB
3146008,230,80.14791851075408,255.20000000000002,0.8565217391304348,0.3140592418132997,Ouro Fino,MG
1101302,130,47.77045816257133,152.10999999999999,0.7384615384615385,0.31405205550306575,Mirante da Serra,RO
3503604,131,42.65840122460408,136.0000029,0.7480916030534351,0.31366470819835607,Areiópolis,SP
5204508,1129,361.9569147911409,1154.48,0.6297608503100088,0.31352376376476065,Caldas Novas,GO
3519303,394,135.09718545247216,430.9999998,0.6928934010152284,0.3134505464388916,Ibaté,SP
4318002,492,199.3321452050888,636.0000039,0.4715447154471545,0.3134153207276243,São Borja,RS
5201702,223,75.5574972314793,241.17000000000002,0.7219730941704036,0.31329558913413486,Aragarças,GO
4205456,405,172.35216728764394,550.29,0.6320987654320988,0.313202433785175,Forquilhinha,SC
4321105,132,48.540261817839124,155.0000001,0.5227272727272727,0.3131629792678892,Tapes,RS
3157203,311,106.96368327750587,341.64,0.6655948553054662,0.31308887506587596,Santa Bárbara,MG
3158201,118,41.29096680926366,132.01,0.8389830508474576,0.3127866586566447,Santa Maria do Suaçuí,MG
4202909,1305,582.6900939046765,1863.32,0.6620689655172414,0.31271606267558794,Brusque,SC
3145109,174,61.915513940708045,198.07,0.867816091954023,0.31259410279551697,Nova Resende,MG
3202504,116,39.69849369988032,127.01,0.8103448275862069,0.31256195338855464,Ibiraçu,ES
5207907,138,48.136343298755456,154.03,0.6666666666666666,0.31251277867139815,Flores de Goiás,GO
3111606,204,76.87483824398741,246.17,0.75,0.31228353675909903,Campos Gerais,MG
3525508,134,47.773686886652094,153.00000119999999,0.582089552238806,0.3122463170716112,Joanópolis,SP
3144102,181,63.98000184501158,205.02,0.7569060773480663,0.3120671244025538,Muzambinho,MG
3169901,809,283.4769677436315,909.33,0.7861557478368356,0.3117426761941556,Ubá,MG
5101308,126,42.4059741732077,136.05,0.5873015873015873,0.3116940402293841,Arenápolis,MT
3163706,367,125.64905726849892,403.16,0.8528610354223434,0.3116605250235612,São Lourenço,MG
3507001,647,223.7282636884657,718.0000014,0.6986089644513137,0.31159925244042724,Boituva,SP
4318408,133,48.58590404213121,155.999998,0.6240601503759399,0.3114481068270989,São Jerônimo,RS
4218202,431,168.1049399630145,539.87,0.7540603248259861,0.31138040632562375,Timbó,SC
3547809,4506,1610.6616593350373,5174.9999992,0.6096316023080337,0.31123896803556106,Santo André,SP
4205704,342,142.371747172613,457.48,0.7543859649122807,0.311208680538194,Garopaba,SC
3540705,460,156.72674983680994,503.9999983,0.5043478260869565,0.3109657745346265,Porto Ferreira,SP
4211009,104,38.37238501138271,123.47,0.6057692307692307,0.31078306480426593,Mondaí,SC
4219507,454,190.76776372409154,614.16,0.7070484581497798,0.310615741376989,Xanxerê,SC
3512803,529,173.32150131787074,558.0000025,0.5954631379962193,0.3106120081386034,Cosmópolis,SP
4303509,560,200.85276466786055,646.9999962,0.5946428571428571,0.31043704149539614,Camaquã,RS
3201209,1808,624.8767837243256,2013.09,0.7206858407079646,0.31040677949039813,Cachoeiro de Itapemirim,ES
2613602,298,94.60130501397681,304.97,0.7348993288590604,0.31019872451053154,São José do Egito,PE
3161502,106,34.08706599204678,109.99000000000001,0.8773584905660378,0.3099105917996798,São Geraldo,MG
3523602,160,52.363454127034984,168.9999992,0.7,0.3098429252953215,Itirapina,SP
5007935,220,68.78447542679982,222.05,0.7863636363636364,0.3097702113343833,Sonora,MS
2903003,111,34.3831872109598,111.0,0.32432432432432434,0.30975844334198016,Barra do Mendes,BA
3512407,324,105.60924656769414,340.9999996,0.6975308641975309,0.3097045357524221,Cordeirópolis,SP
4300406,502,203.68313711749227,657.8333359,0.450199203187251,0.3096272657554329,Alegrete,RS
5003454,179,62.22990556309443,201.17000000000002,0.664804469273743,0.3093398894621187,Deodápolis,MS
2707800,101,33.10299563018678,107.04,0.46534653465346537,0.3092581804015955,Roteiro,AL
3514908,207,68.33944796016337,221.0000015,0.5652173913043478,0.309228269214122,Elias Fausto,SP
3511607,264,88.89866354532536,288.0,0.5113636363636364,0.3086759150879353,Cesário Lange,SP
3143302,3495,1229.6914643799648,3983.98,0.7525035765379113,0.3086590455725091,Montes Claros,MG
3302056,104,36.13027974083087,117.06,0.625,0.30864752896660574,Italva,RJ
3104007,1076,375.75996537805673,1220.19,0.7592936802973977,0.3079520118818026,Araxá,MG
4206900,203,78.21490314883113,254.09,0.7241379310344828,0.3078236182015472,Ibirama,SC
3502101,487,158.8029724738789,515.9999989,0.6529774127310062,0.30775769924886115,Andradina,SP
5100300,153,52.86781408576595,171.98,0.7712418300653595,0.30740675709830184,Alto Araguaia,MT
4318101,113,44.24353045719873,144.0000016,0.6106194690265486,0.3072467358722497,São Francisco de Assis,RS
3201100,108,37.754982582585036,122.93,0.6666666666666666,0.307125864984829,Bom Jesus do Norte,ES
5106109,119,38.390092038468396,125.0,0.8067226890756303,0.30712073630774717,Nossa Senhora do Livramento,MT
4217402,263,100.26794732001771,326.48,0.7452471482889734,0.3071181919873123,Schroeder,SC
3107307,514,171.54642602392167,559.03,0.7821011673151751,0.30686443665621105,Bocaiúva,MG
5206206,848,277.8156424089435,905.37,0.6922169811320755,0.30685315661988305,Cristalina,GO
3133808,666,231.83512268285915,756.2,0.8678678678678678,0.3065791096044157,Itaúna,MG
5217401,257,92.83470356899169,302.81,0.8054474708171206,0.3065774035500535,Pires do Rio,GO
4216008,128,48.46733277932424,158.16,0.7265625,0.30644494675849926,São Carlos,SC
3162500,708,233.82523060151368,763.17,0.7740112994350282,0.30638682154895197,São João del Rei,MG
3102605,320,109.9677959349303,359.26,0.753125,0.3060952957048664,Andradas,MG
2108801,103,40.72518855126232,133.07,0.4174757281553398,0.3060433497502241,Pirapemas,MA
3510401,568,183.11180570676296,598.9523817,0.6654929577464789,0.3057201395326933,Capivari,SP
3151404,269,85.61164748264044,280.17,0.7881040892193308,0.305570359005748,Pitangui,MG
4212205,177,68.80189702081232,225.17,0.6779661016949152,0.30555534494298675,Papanduva,SC
2103158,117,37.3510013988328,122.24000000000001,0.8803418803418803,0.3055546580401898,Centro do Guilherme,MA
3305505,1186,440.77692053976244,1442.82,0.6256323777403036,0.30549681910408955,Saquarema,RJ
3519071,2413,827.5078182623812,2713.9999928,0.5536676336510568,0.304903397368344,Hortolândia,SP
4211504,108,54.52187112745607,178.95,0.5462962962962963,0.30467656399807813,Nova Trento,SC
3100609,108,35.91810068923828,117.89,0.7870370370370371,0.3046747025976612,Água Boa,MG
3533502,357,114.54965193748487,376.0000004,0.7535014005602241,0.3046533292968711,Novo Horizonte,SP
5217302,290,95.99396020478231,315.12,0.6448275862068965,0.30462668254881414,Pirenópolis,GO
3105608,860,291.64312385616176,957.38,0.8383720930232558,0.3046262966180219,Barbacena,MG
2303709,3784,1183.2262377833447,3885.79,0.6847251585623678,0.30450081908269483,Caucaia,CE
3552700,171,56.93955180886094,187.0000021,0.6198830409356725,0.30448957844616487,Tabatinga,SP
3114303,285,93.13985099521969,306.13,0.8666666666666667,0.3042493417672874,Carmo do Paranaíba,MG
2412500,217,73.96456884332585,243.24,0.4470046082949309,0.30408061520854235,São Miguel,RN
3530706,1351,445.76331775178545,1465.9999979,0.6365655070318282,0.30406774787880475,Mogi Guaçu,SP
3145307,289,92.58409685300498,304.74,0.7785467128027682,0.30381340438736293,Novo Cruzeiro,MG
2100956,133,40.39847864200759,133.0,0.7443609022556391,0.30374795971434276,Arame,MA
4321303,226,84.12137101867822,276.9999997,0.26548672566371684,0.3036872603241314,Taquari,RS
4219309,584,234.66624769801945,772.8,0.6438356164383562,0.30365715281834815,Videira,SC
5212501,2885,915.5262655980368,3016.33,0.6641247833622184,0.3035232436762678,Luziânia,GO
4209706,138,58.557467320291806,193.21,0.5942028985507246,0.3030767937492459,Lebon Régis,SC
3540804,196,67.57046103353221,223.0000018,0.6224489795918368,0.3030065492740826,Potirendaba,SP
2106805,143,46.662784878435815,154.02,0.6993006993006993,0.30296575041186735,Mirinzal,MA
3511102,741,246.26060705534505,813.9999952,0.7058029689608637,0.30253146008291903,Catanduva,SP
3521309,143,44.769902125356744,148.0000003,0.6433566433566433,0.3024993380716685,Ipuã,SP
1100254,202,67.73790913238308,223.96,0.6831683168316832,0.30245538994634347,Presidente Médici,RO
2706703,623,212.38066550673287,703.22,0.4301765650080257,0.3020116969180809,Penedo,AL
3205309,2698,885.9304695951347,2933.61,0.7338769458858414,0.30199326754242545,Vitória,ES
2105963,106,32.294423191464276,106.96000000000001,0.9716981132075472,0.30192991016701826,Lagoa Grande do Maranhão,MA
3122306,1768,578.0850642024374,1915.08,0.7771493212669683,0.3018594858713147,Divinópolis,MG
2201606,111,35.00460861287695,115.98,0.6846846846846847,0.3018159045773146,Beneditinos,PI
3528502,898,293.94801691493046,973.9999979,0.6347438752783965,0.30179467920811015,Mairiporã,SP
3508405,668,222.25257846992105,736.9999991,0.6452095808383234,0.3015638788891839,Cabreúva,SP
3149903,168,53.099758632624564,176.12,0.7916666666666666,0.30149760749843607,Perdões,MG
3517901,101,31.616970785759975,105.0,0.7326732673267327,0.3011140074834283,Guaraci,SP
3545803,1579,522.6981977197063,1736.0000011,0.6694110196326789,0.30109343167540525,Santa Bárbara d'Oeste,SP
1200203,1103,433.47431038441516,1440.28,0.5158658204895739,0.3009653056241947,Cruzeiro do Sul,AC
3549102,627,209.42895450415818,696.0000014999999,0.6172248803827751,0.3009036696160958,São João da Boa Vista,SP
4104006,698,237.48894065277838,789.35,0.670487106017192,0.3008664605723423,Campina Grande do Sul,PR
4206306,285,116.16340431968501,386.79,0.7298245614035088,0.3003268034842809,Guabiruba,SC
4101200,198,66.31768521685262,220.84,0.6414141414141414,0.3002974335122832,Antonina,PR
4101804,1943,696.1818985048044,2318.67,0.6906845084920227,0.30025053090987697,Araucária,PR
4317400,392,129.68601012855072,432.0000012,0.5994897959183674,0.30019909668590694,Santiago,RS
4201208,170,58.95102522339313,196.38,0.7352941176470589,0.30018853866683537,Antônio Carlos,SC
3133006,118,40.22155563234483,134.12,0.8389830508474576,0.29989230265691047,Itamonte,MG
4307609,546,172.67095284420918,575.9999997,0.4358974358974359,0.2997759599551076,Estância Velha,RS
4319604,145,50.5708146920289,168.74999640000001,0.5241379310344828,0.2996789082718398,São Sepé,RS
3553807,229,77.01319835682439,257.0000017,0.5720524017467249,0.29966224843345746,Taquarituba,SP
4315503,117,43.74401729306336,146.0000006,0.4444444444444444,0.29961655557050293,Restinga Seca,RS
2112233,236,73.60984187367269,245.85,0.9067796610169492,0.29940956629519094,Trizidela do Vale,MA
4208302,657,379.3501376033196,1267.79,0.7047184170471842,0.299221588436034,Itapema,SC
3530300,489,155.56855025461076,519.9999971,0.6134969325153374,0.29917029061962425,Mirassol,SP
3105905,154,49.96966589833914,167.33,0.8311688311688312,0.29862945017832504,Barroso,MG
3547502,158,51.65614720728561,172.9999999,0.6835443037974683,0.29859044645748356,Santa Rita do Passa Quatro,SP
2701407,456,140.71274134323613,471.64,0.6754385964912281,0.29834776809268965,Campo Alegre,AL
3102001,144,45.61637564702659,152.9,0.8541666666666666,0.2983412403337252,Alterosa,MG
3503307,1043,334.42494342406525,1121.0000018,0.6529242569511026,0.2983273353140732,Araras,SP
5215702,356,117.36990002531687,393.46,0.8061797752808989,0.2983019875598965,Palmeiras de Goiás,GO
3130200,126,43.893344550763686,147.18,0.7936507936507936,0.2982290022473412,Igaratinga,MG
5106240,213,69.58438538964084,233.42999999999998,0.5821596244131455,0.298095297903615,Nova Ubiratã,MT
3162559,152,47.73628569110254,160.18,0.7171052631578947,0.2980165169877796,São João do Manhuaçu,MG
3128105,143,46.1826461553186,154.97,0.7972027972027972,0.2980102352411344,Guapé,MG
3533908,541,175.881992287086,590.9999982,0.7486136783733827,0.29760066467473295,Olímpia,SP
4119301,445,146.62978742231087,492.93,0.6112359550561798,0.2974657404140768,Pinhão,PR
3556453,545,174.8353038969995,587.9999959,0.6440366972477064,0.29733895427906326,Vargem Grande Paulista,SP
4102802,158,55.68728378357573,187.29,0.5506329113924051,0.2973318585272878,Bela Vista do Paraíso,PR
2600203,172,51.643051106199785,173.97,0.5988372093023255,0.2968503253790871,Afrânio,PE
4313953,103,36.50801402432582,123.0000005,0.3106796116504854,0.296813120942433,Pantano Grande,RS
4105201,184,61.66849821071739,207.79999999999998,0.5054347826086957,0.29676851881962174,Cerro Azul,PR
2102556,178,57.577232976927014,194.02,0.6123595505617978,0.29675926696694677,Campestre do Maranhão,MA
3154002,168,55.673725116975696,188.25,0.8392857142857143,0.2957435597183304,Raul Soares,MG
5105259,1212,412.0313190688706,1393.25,0.7376237623762376,0.2957339451418414,Lucas do Rio Verde,MT
4215109,120,47.43997293753378,160.5,0.6833333333333333,0.29557615537404225,Rodeio,SC
3139003,315,98.00846741651478,331.62,0.8920634920634921,0.2955445009846052,Machado,MG
1100155,362,116.43699880320818,394.02,0.6657458563535912,0.2955103771463585,Ouro Preto do Oeste,RO
3522604,520,167.84485964063532,568.0000011,0.6307692307692307,0.29550151287954873,Itapira,SP
3556701,660,208.50716086868934,706.0000011,0.5590909090909091,0.29533592145016974,Vinhedo,SP
3145877,122,41.6906429389378,141.19,0.7540983606557377,0.29528042311026137,Orizânia,MG
2703304,226,68.77696773153798,233.02,0.8008849557522124,0.29515478384489735,Inhapi,AL
1200104,385,139.64885330051683,473.24,0.4883116883116883,0.2950909756160021,Brasiléia,AC
5217609,1543,497.9178361016748,1687.56,0.7524303305249513,0.2950519306582728,Planaltina,GO
3543303,1002,318.590100040937,1080.0000028,0.6706586826347305,0.29499083260644693,Ribeirão Pires,SP
3151008,101,30.97051034542442,105.03,0.8514851485148515,0.2948729919587205,Piranguinho,MG
5203500,271,83.1760728401687,282.23,0.8154981549815498,0.2947102463953821,Bom Jesus de Goiás,GO
3300605,249,85.80060533841595,291.14,0.7068273092369478,0.2947056582345811,Bom Jesus do Itabapoana,RJ
3550209,315,97.5427445275299,331.0000021,0.7396825396825397,0.2946910692105095,São Miguel Arcanjo,SP
3105103,161,53.34962798897243,181.11,0.8074534161490683,0.2945703052784077,Bambuí,MG
3166808,162,57.004424063594996,193.84,0.7407407407407407,0.29407977746386194,Serra do Salitre,MG
3546603,338,104.38798127765817,354.9999994,0.5414201183431953,0.29405065198334807,Santa Fé do Sul,SP
3539509,339,104.66801519438008,356.0000005,0.672566371681416,0.2940112782229619,Pitangueiras,SP
4216701,159,53.518043644272936,182.10999999999999,0.8238993710691824,0.29387756654918973,São José do Cedro,SC
2708600,564,178.7796331044342,608.49,0.5762411347517731,0.2938086625982912,São Miguel dos Campos,AL
3507902,216,64.62433599322625,220.0000025,0.5601851851851852,0.2937469784493582,Brotas,SP
3117801,106,36.70039038975463,125.03,0.7830188679245284,0.2935326752759708,Conceição dos Ouros,MG
4109807,641,213.8098708988272,728.49,0.656786271450858,0.2934973313275779,Ibiporã,PR
4212106,163,55.58080840992844,189.39000000000001,0.6441717791411042,0.293472772638093,Palmitos,SC
3155702,135,41.387941635481035,141.12,0.8,0.2932818993443951,Rio Piracicaba,MG
3521408,237,75.01920161610518,256.0000034,0.6286919831223629,0.2930437524209235,Iracemápolis,SP
2910107,124,36.28989812240031,124.0,0.4274193548387097,0.29266046872903473,Dom Basílio,BA
3544004,292,95.06167211131648,324.9999991,0.589041095890411,0.2924974534601975,Rio das Pedras,SP
1100072,129,42.71721590231432,146.09,0.7209302325581395,0.29240342187907675,Corumbiara,RO
4302105,1035,353.25171463418866,1208.7979791,0.48985507246376814,0.29223387260888634,Bento Gonçalves,RS
3520301,290,90.86622283036156,310.9999981,0.6206896551724138,0.29217435172184186,Iguape,SP
3533403,491,154.55643596713338,529.0000012,0.5824847250509165,0.2921671750785118,Nova Odessa,SP
3528601,112,35.042593775070245,119.9999998,0.6517857142857143,0.29202161527895476,Manduri,SP
4311403,734,246.14405486352865,843.0000005,0.4822888283378747,0.291985830032664,Lajeado,RS
3303401,1534,528.2044321632371,1809.06,0.6897001303780965,0.29197728774238396,Nova Friburgo,RJ
1100288,673,215.5925631525613,738.52,0.7444279346210996,0.29192515186123774,Rolim de Moura,RO
3537909,316,97.60764247756049,334.9999951,0.6329113924050633,0.2913661012097146,Pilar do Sul,SP
3130051,120,37.572569370135916,129.17,0.7583333333333333,0.2908769015261742,Icaraí de Minas,MG
4214201,118,41.26769424002416,141.88,0.6949152542372882,0.2908633650974356,Quilombo,SC
3542107,112,33.73761815304539,115.9999988,0.7142857142857143,0.290841538810821,Rafard,SP
3506102,567,184.3662992869694,634.0000009,0.5537918871252204,0.29079857890418087,Bebedouro,SP
4103107,229,75.81041591268436,260.76,0.5764192139737991,0.2907287003861189,Bocaiúva do Sul,PR
4121000,144,47.095747016685074,162.03,0.5069444444444444,0.2906606617088507,Querência do Norte,PR
4219705,424,157.1162216229561,540.99,0.6037735849056604,0.29042352284322465,Xaxim,SC
1508126,377,119.36169165468576,411.17,0.6206896551724138,0.29029766679156005,Ulianópolis,PA
3161007,121,38.04298736487009,131.14000000000001,0.8429752066115702,0.29009445908853204,São Domingos do Prata,MG
3149804,229,75.53631815017232,260.40000000000003,0.834061135371179,0.29007802669036986,Perdizes,MG
3526209,349,109.88145415018336,378.99999760000003,0.6361031518624641,0.28992468297098306,Juquitiba,SP
5107107,182,57.3989615518077,198.06,0.6868131868131868,0.28980592523380644,São José dos Quatro Marcos,MT
3537800,622,190.97495622262053,659.000001,0.6334405144694534,0.28979507728805076,Piedade,SP
3544301,129,41.42976893199827,142.9999996,0.6744186046511628,0.2897186646705296,Roseira,SP
3506904,115,36.766039283664576,126.9999992,0.6869565217391305,0.28949637413591867,Bofete,SP
3546405,388,119.80658745012293,413.9999963,0.7061855670103093,0.2893878949779182,Santa Cruz do Rio Pardo,SP
4208906,1670,666.2964890041427,2302.64,0.725748502994012,0.28936198841509864,Jaraguá do Sul,SC
2605152,169,49.773934643763376,172.05,0.834319526627219,0.28929924233515475,Dormentes,PE
5104203,117,35.28535935912715,122.02000000000001,0.8461538461538461,0.2891768510008781,Guiratinga,MT
3151305,121,37.328504541852816,129.09,0.859504132231405,0.28916650818694567,Piraúba,MG
4106902,12923,4588.504620782497,15873.09,0.6617658438443086,0.28907444113165726,Curitiba,PR
4114104,338,108.52214681161554,375.47,0.6242603550295858,0.2890301403883547,Mandaguaçu,PR
5204904,224,68.57030622084027,237.34,0.7589285714285714,0.2889117140846055,Campos Belos,GO
3538709,3600,1153.9102679662167,3997.0000005,0.6030555555555556,0.2886940875211082,Piracicaba,SP
4320800,248,81.66683272014417,283.0000027,0.6290322580645161,0.2885753778833592,Soledade,RS
3538204,138,42.995568883966435,148.9999981,0.7898550724637681,0.28856086867269853,Pinhalzinho,SP
4215802,793,309.72287392604443,1073.6,0.798234552332913,0.28849000924557044,São Bento do Sul,SC
4210100,528,194.60573073201695,674.77,0.7424242424242424,0.2884030569409087,Mafra,SC
3109006,394,130.43584449234578,452.33,0.8756345177664975,0.2883643457041226,Brumadinho,MG
3505500,1117,366.7515470791742,1271.9999987,0.5881826320501343,0.28832668824999913,Barretos,SP
3502507,321,99.71162822090895,345.9999993,0.5389408099688473,0.2881838971752534,Aparecida,SP
5108956,134,43.81184957287424,152.05,0.9328358208955224,0.2881410692066704,Nova Monte Verde,MT
3171006,174,55.035416754479144,191.02,0.6551724137931034,0.28811337427745337,Vazante,MG
5107925,1711,560.4173373036111,1945.76,0.8158971361776739,0.2880197646696464,Sorriso,MT
3204807,101,32.581053638823995,113.14999999999999,0.6237623762376238,0.28794567953003974,São José do Calçado,ES
3153400,152,48.35767740298538,168.04,0.7763157894736842,0.2877748000653736,Presidente Olegário,MG
4209607,162,66.29845184553614,230.47,0.6975308641975309,0.28766629863121507,Lauro Muller,SC
2105351,162,47.49454499967275,165.12,0.7283950617283951,0.28763653706197156,Itaipava do Grajaú,MA
1101492,264,86.29454834518702,300.21,0.6325757575757576,0.2874472813869859,São Francisco do Guaporé,RO
4321436,105,34.77142750433382,121.00000179999999,0.5714285714285714,0.2873671651824209,Terra de Areia,RS
2110104,189,56.589455650660945,196.93,0.798941798941799,0.2873582270383433,Santa Quitéria do Maranhão,MA
4315701,317,105.69369211903737,367.9999997,0.61198738170347,0.287211120122828,Rio Pardo,RS
3518602,380,118.18146382022162,411.9999968,0.7868421052631579,0.286848215383825,Guariba,SP
3527306,624,206.16232695280655,718.9999933,0.5801282051282052,0.2867348106730595,Louveira,SP
3541604,273,84.55010190017141,294.9999978,0.7326007326007326,0.2866105170532696,Promissão,SP
3517604,144,43.84837892796474,152.999999,0.6041666666666666,0.28659071382062384,Guapiara,SP
5106158,191,60.216691734166034,210.12,0.7853403141361257,0.2865823897495052,Nova Bandeirantes,MT
2512408,210,61.97613307344771,216.27,0.6238095238095238,0.2865683315922121,Puxinanã,PB
4307005,929,290.79682196449454,1014.9999997,0.4682454251883746,0.2864993320694033,Erechim,RS
2101004,319,93.96869695052818,328.05,0.7241379310344828,0.2864462641381746,Arari,MA
3508108,161,50.62576455160179,177.0000001,0.6770186335403726,0.28602126849152354,Buritama,SP
5004007,100,31.45634944888592,110.06,0.74,0.2858109163082493,Glória de Dourados,MS
2304400,17722,5171.037785199687,18094.06,0.7499153594402438,0.2857864838073758,Fortaleza,CE
3520442,209,68.56188271977462,240.000003,0.8038277511961722,0.2856745077614629,Ilha Solteira,SP
3131208,179,56.79349491529761,198.88,0.770949720670391,0.2855666478041915,Ipanema,MG
3159605,372,119.48371921255269,418.46,0.7876344086021505,0.28553199639763105,Santa Rita do Sapucaí,MG
3557105,743,225.40322709414335,790.0000038,0.6191117092866757,0.28532053925307,Votuporanga,SP
4213203,356,119.66749656386915,419.74,0.702247191011236,0.28509910078588924,Pomerode,SC
3542206,346,107.13396169859034,375.9999972,0.5982658959537572,0.2849307513202033,Rancharia,SP
3168002,380,112.79258471581281,395.94,0.8578947368421053,0.2848729219472971,Taiobeiras,MG
3553609,111,33.57530939937468,118.0000007,0.8018018018018018,0.28453651864575524,Tapiratiba,SP
4127882,124,39.51565932225355,138.92000000000002,0.7580645161290323,0.28444903053738513,Tunas do Paraná,PR
2602506,105,29.83123954898335,105.0,0.7904761904761904,0.28410704332365094,Brejinho,PE
2917409,102,28.97630247542929,102.0,0.5686274509803921,0.2840813968179342,Jacaraci,BA
4215653,116,45.87708044486232,161.57,0.7413793103448276,0.28394553719664745,Santa Rosa do Sul,SC
2921005,636,180.56367158560175,636.0,0.5691823899371069,0.2839051440025185,Mata de São João,BA
4304705,547,179.09226778623125,631.0000021,0.46617915904936014,0.28382292740127274,Carazinho,RS
4320107,214,71.78551067121752,252.99999640000001,0.5,0.2837372003662903,Sarandi,RS
3142700,153,45.933019015225184,161.94,0.6666666666666666,0.28364220708426074,Montalvânia,MG
3538105,113,35.437995176323156,124.999999,0.6283185840707964,0.28350396367861697,Pindorama,SP
5214838,143,41.41395655814502,146.12,0.7202797202797203,0.28342428523230917,Nova Crixás,GO
3518206,241,71.67348553659485,253.0000003,0.7219917012448133,0.28329440889963053,Guararapes,SP
4317202,710,214.54900360422954,757.9583303000001,0.5140845070422535,0.2830617397124074,Santa Rosa,RS
3204906,1514,474.7976103907831,1678.61,0.7060766182298547,0.2828516513012452,São Mateus,ES
3108404,144,42.40650409691527,150.02,0.8472222222222222,0.2826723376677461,Botelhos,MG
4204251,107,54.92332727361311,194.42000000000002,0.6355140186915887,0.28249834005561725,Cocal do Sul,SC
3529005,1666,536.1188432892608,1897.9999974,0.6578631452581032,0.28246514437495795,Marília,SP
4115101,106,36.92506726215618,130.88,0.5377358490566038,0.28212918140400506,Mariluz,PR
3300951,100,30.99178500365815,109.91,0.67,0.2819742062019666,Comendador Levy Gasparian,RJ
4211603,152,49.31455772230056,174.98,0.743421052631579,0.2818296818053524,Nova Veneza,SC
2206720,128,37.191130260689306,132.07,0.5234375,0.28160165261368447,Nazária,PI
3136207,652,199.32850404299953,707.86,0.8297546012269938,0.28159311734382436,João Monlevade,MG
3538808,281,83.88460566830504,298.0000027,0.7153024911032029,0.28149196277945215,Piraju,SP
2305506,741,212.21880308861637,754.04,0.6342780026990553,0.2814423678964198,Iguatu,CE
4210605,218,72.3859843412452,257.24,0.7660550458715596,0.28139474553430727,Massaranduba,SC
5003157,341,102.4612856024046,364.13,0.6187683284457478,0.281386553160697,Coronel Sapucaia,MS
5211503,1120,342.100106982203,1215.79,0.7392857142857143,0.2813809185650507,Itumbiara,GO
1507979,313,93.99274720455782,334.06,0.6613418530351438,0.2813648662053458,Terra Santa,PA
3156809,122,36.56754874122139,130.1,0.7459016393442623,0.28107262675804295,Sabinópolis,MG
4205506,452,154.22412606783882,548.87,0.7743362831858407,0.2809847979810134,Fraiburgo,SC
3541703,110,33.437067441579806,118.9999996,0.6818181818181818,0.2809837609577589,Quatá,SP
2202208,448,135.31882450650616,481.76,0.5491071428571429,0.28088430859038976,Campo Maior,PI
5217104,208,61.26383566752736,218.12,0.7211538461538461,0.28087216058833375,Piracanjuba,GO
1200252,293,94.38046570811687,336.11,0.5324232081911263,0.2808023138499803,Epitaciolândia,AC
4315305,244,75.46570927525133,269.0000017,0.4713114754098361,0.28054166839528066,Quaraí,RS
3151701,140,44.28711509489237,157.94,0.7071428571428572,0.28040467959283505,Poço Fundo,MG
4313375,357,117.64501223599623,419.9999978,0.6470588235294118,0.28010717345769526,Nova Santa Rita,RS
3522901,147,45.926062900395664,163.9999977,0.5306122448979592,0.2800369728321994,Itapuí,SP
3549409,416,124.14024743155728,444.0000041,0.6826923076923077,0.2795951492910297,São Joaquim da Barra,SP
3165537,475,146.63576692187172,525.6,0.8252631578947368,0.2789873799883404,Sarzedo,MG
3132107,165,49.379257933943485,177.15,0.696969696969697,0.27874263581114017,Itacarambi,MG
3549904,6763,2034.8825165721896,7301.0000562,0.6461629454384149,0.2787128476795682,São José dos Campos,SP
4127106,921,293.24862961673176,1052.64,0.6243213897937026,0.27858396946413944,Telêmaco Borba,PR
4305355,322,96.10979624670716,345.0000022,0.5124223602484472,0.2785791177792264,Charqueadas,RS
4313706,281,96.09389324885413,345.0000011,0.5302491103202847,0.2785330230216458,Palmeira das Missões,RS
3200201,259,75.79312549491988,272.2,0.8648648648648649,0.2784464566308592,Alegre,ES
2106201,113,33.41276927890815,120.0,0.8495575221238938,0.27843974399090127,Luís Domingues,MA
3301876,305,103.03892259004034,370.3,0.6950819672131148,0.27825796000550995,Iguaba Grande,RJ
3143104,422,126.34111807571149,454.7,0.8317535545023697,0.27785598873039696,Monte Carmelo,MG
3556404,370,111.97052282574744,402.9999983,0.6189189189189189,0.2778424895733987,Vargem Grande do Sul,SP
3122009,186,57.848350602209266,208.21,0.6827956989247311,0.2778365621353886,Divino,MG
5201801,170,51.64256545845251,185.91,0.6294117647058823,0.2777826123309801,Aragoiânia,GO
3200607,1243,391.36680034937,1409.29,0.7433628318584071,0.2777049438719994,Aracruz,ES
5208400,177,55.591792914454004,200.39,0.6836158192090396,0.2774179994732971,Goianápolis,GO
3545209,1303,391.07205150036845,1410.0000084,0.6784343821949348,0.2773560632415443,Salto,SP
4203501,122,40.18754979516484,144.93,0.4918032786885246,0.27728937966718303,Campo Erê,SC
3515186,292,85.88808041297906,309.9999972,0.7602739726027398,0.277058326415298,Espírito Santo do Pinhal,SP
4128104,1108,346.6905246891558,1251.36,0.6326714801444043,0.27705098827608027,Umuarama,PR
3548906,2049,625.206760991962,2257.9565206,0.6251830161054173,0.2768905225977636,São Carlos,SP
3137809,186,57.30712370622946,206.99,0.7096774193548387,0.27685938309207914,Lambari,MG
1100379,186,55.94294789301444,202.22,0.7956989247311828,0.27664399116316113,Alto Alegre dos Parecis,RO
3522406,980,308.72265888534747,1115.9999977,0.5642857142857143,0.2766332074566343,Itapeva,SP
5208905,153,47.269612786566114,170.89,0.869281045751634,0.27660841937249764,Goiás,GO
3110301,121,37.6375872830854,136.07999999999998,0.7355371900826446,0.2765842686881644,Caldas,MG
3202405,1503,465.8055092696138,1685.36,0.7651363938789089,0.276383389465523,Guarapari,ES
2205953,139,40.08283836205367,145.07999999999998,0.8992805755395683,0.27628093715228613,Marcolândia,PI
5000203,371,116.66749935017157,422.36,0.7789757412398922,0.2762276241835675,Água Clara,MS
1303403,1355,434.46792197152587,1573.27,0.6214022140221402,0.27615598210830045,Parintins,AM
4322202,177,53.553831325078555,194.0000022,0.4350282485875706,0.27605067380292303,Tupanciretã,RS
3150802,124,37.85368805924372,137.21,0.7661290322580645,0.27588140849241105,Piranga,MG
4105607,155,46.63652954565295,169.11,0.632258064516129,0.27577629676336674,Cidade Gaúcha,PR
3133501,142,44.160719772338844,160.15,0.8591549295774648,0.27574598671457284,Itapecerica,MG
3202553,172,49.117451539288645,178.3,0.8197674418604651,0.27547645282831545,Ibitirama,ES
5006200,654,183.700987007279,666.97,0.6972477064220184,0.27542616160738714,Nova Andradina,MS
3527108,631,186.13881399532121,675.9999995000001,0.8145800316957211,0.27535327534467136,Lins,SP
4109609,629,204.1792653703632,742.11,0.6693163751987281,0.2751334241155128,Guaratuba,PR
3556206,829,249.31200491063794,907.0000021,0.48492159227985526,0.27487541822866546,Valinhos,SP
4312708,136,39.83125608160801,145.0000008,0.4485294117647059,0.27469831628861624,Nonoai,RS
4311304,268,86.3548168799103,314.5555551,0.5186567164179104,0.274529619584869,Lagoa Vermelha,RS
3104908,120,35.11162494406834,127.94,0.7833333333333333,0.2744382127877782,Baependi,MG
5203559,123,35.63934403279232,129.97,0.8617886178861789,0.27421207996300934,Bonfinópolis,GO
5205109,963,293.5958253353736,1070.75,0.7590861889927311,0.27419642805078087,Catalão,GO
3546702,290,89.35771765958653,326.0000009,0.6413793103448275,0.2741034276469124,Santa Gertrudes,SP
3540754,197,64.13251209306911,233.9999993,0.4720812182741117,0.27407056532016455,Potim,SP
3505906,475,138.2883694799937,505.0,0.5894736842105263,0.2738383554059281,Batatais,SP
3124302,300,85.26256348164787,311.75,0.7233333333333334,0.27349659496919926,Espinosa,MG
3168705,655,194.1009754566831,710.13,0.7923664122137405,0.2733316089401703,Timóteo,MG
3202454,342,100.47091284560612,367.69,0.8216374269005848,0.27324896746064925,Ibatiba,ES
3505203,259,75.67900451030457,276.99999809999997,0.7297297297297297,0.27320940443827596,Bariri,SP
3120508,128,35.78976821966749,131.09,0.8203125,0.27301676878226777,Cristina,MG
3534757,121,34.930141594199156,127.95237780000001,0.8925619834710744,0.27299329793462546,Ouroeste,SP
4127304,174,52.47581923587129,192.26000000000002,0.8160919540229885,0.2729419496300389,Terra Rica,PR
1501501,1028,304.1129162478149,1114.56,0.6517509727626459,0.2728546836848756,Benevides,PA
5004700,378,108.89613516392558,399.44,0.6878306878306878,0.2726220087220248,Ivinhema,MS
5217203,119,34.303869398287006,125.83,0.6974789915966386,0.27262075338382746,Piranhas,GO
3142908,138,38.95929920502832,143.01,0.6739130434782609,0.2724236011819336,Monte Azul,MG
5200605,128,35.44967438333898,130.13,0.6015625,0.2724173855631982,Alto Paraíso de Goiás,GO
5200100,182,55.8956442572739,205.25,0.7967032967032966,0.27232957007198005,Abadiânia,GO
4203808,571,201.56203775034604,740.74,0.7810858143607706,0.2721090230719902,Canoinhas,SC
2210706,195,56.155140254664886,206.81,0.8666666666666667,0.27153010132326716,Simões,PI
2102705,208,60.03493554229684,221.43,0.7067307692307693,0.2711237661667201,Cantanhede,MA
3104601,123,35.27940531783993,130.14000000000001,0.8861788617886179,0.2710880998758255,Astolfo Dutra,MG
3529302,673,196.24771481383527,724.0000019,0.7191679049034175,0.2710603788657742,Matão,SP
4205001,172,56.97077331702918,210.53,0.7209302325581395,0.27060643764322984,Dionísio Cerqueira,SC
4103602,179,53.85771090058644,199.04,0.5810055865921788,0.27058737389764087,Cambará,PR
4208708,113,38.405096218735586,141.97,0.6548672566371682,0.2705155752534732,Jacinto Machado,SC
3108602,283,82.2860963534879,304.19,0.7667844522968198,0.27050888048090965,Brasília de Minas,MG
2602308,347,97.09845218246822,359.26,0.7953890489913544,0.2702734848924685,Bonito,PE
4112702,132,41.655267913653354,154.13,0.6136363636363636,0.2702606106121674,Jataizinho,PR
3555000,536,153.85074590268016,571.0000012,0.5522388059701493,0.2694408854279354,Tupã,SP
3554300,223,65.98463631687837,245.0000038,0.7219730941704036,0.2693250420140539,Teodoro Sampaio,SP
5201108,3479,1052.4599726974109,3910.33,0.7323943661971831,0.26914863264671035,Anápolis,GO
4213807,110,37.66746258026419,140.06,0.7181818181818181,0.2689380449826088,Praia Grande,SC
4200200,154,46.72783389610669,173.88,0.7662337662337663,0.26873610476251836,Agrolândia,SC
4104659,314,95.3526283929932,355.11,0.697452229299363,0.26851575115596066,Carambeí,PR
4108601,262,82.26108805404012,306.37,0.6412213740458015,0.26850242534856583,Goioerê,PR
3302205,679,203.96182046593745,761.2,0.6553755522827688,0.2679477410219882,Itaperuna,RJ
5220108,323,92.70713842592991,346.0,0.7585139318885449,0.26793970643332343,São Luís de Montes Belos,GO
2203701,415,112.94875867449612,422.11,0.727710843373494,0.2675813382163325,Esperantina,PI
5200134,262,74.69551805630154,279.35,0.8129770992366412,0.26739043513979427,Acreúna,GO
2608909,377,104.0640713685201,389.23,0.6710875331564987,0.26735881450176013,Limoeiro,PE
4319901,826,261.15201481309447,976.9999987,0.4467312348668281,0.26729991316334123,Sapiranga,RS
3539202,230,70.56331796401108,263.9999983,0.6956521739130435,0.2672852970393791,Pirapozinho,SP
4204707,123,40.73479229044402,152.43,0.7479674796747967,0.26723605779993453,Cunha Porã,SC
2104099,198,53.958277901369506,202.03,0.8434343434343434,0.26708052220645206,Formosa da Serra Negra,MA
4321402,112,31.49082128504319,117.9999996,0.625,0.2668713677270486,Tenente Portela,RS
3514403,327,92.20280477577631,346.0000009,0.6269113149847095,0.2664820940345157,Dracena,SP
4304200,228,66.06182941076975,248.0000009,0.5307017543859649,0.2663783434315695,Candelária,RS
3526902,2425,716.5388320323249,2689.9999912,0.6321649484536083,0.2663713138945697,Limeira,SP
2105708,410,118.20266637754857,443.84000000000003,0.7975609756097561,0.26631819209072766,Lago da Pedra,MA
4110201,147,43.3465337416944,163.0,0.7006802721088435,0.26592965485702086,Inácio Martins,PR
3511003,209,59.26534407307551,222.9999998,0.45933014354066987,0.265763875005508,Castilho,SP
3300902,109,31.114806067140567,117.12,0.6422018348623854,0.2656660354093286,Cambuci,RJ
4309100,445,130.71056595537996,492.455178,0.5730337078651685,0.26542632059679544,Gramado,RS
3537008,170,46.95334978473338,177.0000015,0.5176470588235295,0.26527316037753473,Pedregulho,SP
4110607,129,38.728221214930365,146.02,0.6821705426356589,0.2652254568889903,Iporã,PR
3203130,125,36.369864281753046,137.14000000000001,0.776,0.2652024521055348,João Neiva,ES
3541406,1708,506.5091783587156,1909.9999988,0.6118266978922716,0.26518805166332005,Presidente Prudente,SP
2601300,104,27.546341631258674,104.0,0.8653846153846154,0.2648686695313334,Barra de Guabiraba,PE
3203502,220,62.503938322217856,236.08,0.8045454545454546,0.26475744799312884,Montanha,ES
4302303,128,39.71246554293511,149.9999995,0.4140625,0.26474977116873327,Bom Jesus,RS
3170057,163,44.76133778293094,169.10999999999999,0.6932515337423313,0.2646877049431195,Ubaporanga,MG
1100148,240,68.07426961433264,257.19,0.7541666666666667,0.26468474518578733,Nova Brasilândia D'Oeste,RO
4128559,111,33.06549949629296,124.96,0.7657657657657657,0.26460867074498207,Vera Cruz do Oeste,PR
4216404,115,39.45454875814456,149.16,0.782608695652174,0.26451158995806223,São João do Sul,SC
3167103,149,43.15562238101333,163.19,0.6711409395973155,0.26445016472218474,Serro,MG
4109401,2301,688.8079847192004,2607.47,0.6705780095610604,0.2641671753535805,Guarapuava,PR
4106308,229,69.92451392575839,264.86,0.851528384279476,0.2640055649239537,Corbélia,PR
3169109,109,31.731854633482943,120.2,0.8899082568807339,0.26399213505393465,Toledo,MG
3109709,138,39.8489900547029,151.08,0.8115942028985508,0.2637608555381447,Cachoeira de Minas,MG
3545001,198,57.76337525115984,218.9999978,0.6515151515151515,0.2637597069928365,Salesópolis,SP
3519402,117,32.96904471860029,124.9999993,0.6239316239316239,0.2637523592258155,Ibirá,SP
3113206,209,62.78001150260433,238.16,0.8229665071770335,0.2636043479283017,Carandaí,MG
3519055,143,40.85740815586255,155.0000013,0.6153846153846154,0.2635961794399195,Holambra,SP
4322004,312,87.13410818670694,331.0000013,0.6602564102564102,0.26324503880510086,Triunfo,RS
3133402,115,32.907814479801296,125.01,0.7739130434782608,0.26324145652188863,Itapagipe,MG
3509908,120,33.957634189058425,129.0000018,0.6,0.26323747066070524,Cananéia,SP
3205101,1080,311.574818497715,1184.02,0.6907407407407408,0.26314996241424554,Viana,ES
3524808,385,107.08868937024548,407.0000031,0.7064935064935065,0.26311717089577946,Jales,SP
1200450,280,91.02071573925905,346.09,0.4857142857142857,0.26299724273818675,Senador Guiomard,AC
5105002,111,31.57311839658635,120.06,0.7477477477477478,0.2629778310560249,Jauru,MT
3104205,364,103.8770305917896,395.1,0.8873626373626373,0.262913263963021,Arcos,MG
4124103,554,167.45153600775166,637.04,0.555956678700361,0.26285874671567194,Santo Antônio da Platina,PR
3521903,147,40.21274065774908,153.000001,0.8299319727891157,0.262828368594253,Itajobi,SP
2605400,219,58.83250898222599,223.89000000000001,0.8356164383561644,0.26277417027212463,Feira Nova,PE
4117305,245,80.1490922058535,305.07,0.5755102040816327,0.2627236116493051,Ortigueira,PR
3157708,210,59.440598949772166,226.34,0.580952380952381,0.262616413138518,Santa Juliana,MG
3147600,141,39.10470937315109,149.1,0.8085106382978723,0.26227169264353517,Passa Quatro,MG
3520202,130,37.75213712301756,144.0000024,0.5076923076923077,0.26216761454038395,Igaratá,SP
5100201,350,106.18537098591506,405.12,0.7971428571428572,0.2621084394399562,Água Boa,MT
3137205,506,137.93304617808474,526.28,0.8241106719367589,0.2620906098998342,Lagoa da Prata,MG
4307807,260,81.74998342327557,311.9999999,0.5115384615384615,0.26201917772268424,Estrela,RS
3504206,100,29.075505545454263,111.0000001,0.78,0.26194149116450555,Auriflama,SP
5209200,213,67.58960948913719,258.1,0.704225352112676,0.26187372913265083,Guapó,GO
3551603,267,74.85975997860618,285.9999998,0.6966292134831461,0.26174741269564916,Serra Negra,SP
4100608,156,47.89561806255456,183.01,0.7051282051282052,0.2617103877523336,Alto Paraná,PR
5209952,186,49.46510789773856,189.12,0.8279569892473119,0.2615540815235753,Indiara,GO
4303905,608,181.3834647644182,693.8888826,0.46381578947368424,0.26140131267815503,Campo Bom,RS
4300109,162,46.26192973762035,177.0000021,0.5740740740740741,0.2613668315748588,Agudo,RS
3502200,232,68.73829441463909,262.9999978,0.6077586206896551,0.2613623383636358,Angatuba,SP
3537107,411,109.94263605078801,421.0000021,0.9416058394160584,0.26114640261848115,Pedreira,SP
3112802,105,30.824144133544312,118.06,0.8476190476190476,0.26108880343506957,Capitólio,MG
3508009,278,76.74890688339703,294.0000026,0.6330935251798561,0.26105070137641223,Buri,SP
4217501,239,80.02325232928773,306.55,0.6317991631799164,0.26104469851341616,Seara,SC
2612471,124,32.860858197703465,126.04,0.8709677419354839,0.2607176943645149,Santa Cruz da Baixa Verde,PE
1300706,348,109.25610425641405,419.06,0.5086206896551724,0.26071709124329223,Boca do Acre,AM
3202306,344,97.27170548705338,373.2,0.7674418604651163,0.26064229766091473,Guaçuí,ES
3172004,362,99.05438857146456,380.08,0.7541436464088398,0.26061457738229993,Visconde do Rio Branco,MG
2202703,318,83.61854933129833,320.93,0.839622641509434,0.2605507410690753,Cocal,PI
4207908,129,38.85748828598788,149.15,0.7984496124031008,0.2605262372510082,Irineópolis,SC
4218509,138,44.510258539425,170.85,0.7246376811594203,0.2605224380417033,Treze Tílias,SC
2106003,131,35.14823609671042,135.04,0.9083969465648855,0.2602801843654504,Lima Campos,MA
3515400,158,44.20710539182605,169.9999985,0.8291139240506329,0.2600417987169926,Fartura,SP
3160405,284,76.22415239704364,293.19,0.8169014084507042,0.2599821016987061,Santo Antônio do Monte,MG
3506508,1037,282.4256044889196,1086.999999,0.7820636451301832,0.2598211635223006,Birigui,SP
2105104,234,63.108247653726636,242.95000000000002,0.6965811965811965,0.25975817103818327,Icatu,MA
2108009,229,62.65354139088426,241.23,0.6419213973799127,0.2597253301450245,Pastos Bons,MA
3136900,122,34.571065651435234,133.12,0.8278688524590164,0.2596985100017671,Juruaia,MG
3118809,188,52.741410794093234,203.09,0.7925531914893617,0.25969476977740524,Coração de Jesus,MG
4310108,375,106.01491663555976,409.0000011,0.47733333333333333,0.25920517445093905,Igrejinha,RS
1301951,120,32.67514796008317,126.08,0.825,0.2591620237950759,Itamarati,AM
3152204,334,88.86103857626763,342.93,0.7215568862275449,0.2591229655506011,Porteirinha,MG
4313060,244,72.0160074122062,278.0000003,0.45491803278688525,0.2590503860952917,Nova Hartz,RS
5212204,183,48.431143664055966,186.97,0.7978142076502732,0.25903162894611953,Jussara,GO
4321501,439,135.85828086419912,524.5384641,0.48519362186788156,0.25900537360459147,Torres,RS
3510203,504,140.8612851162075,543.9999969,0.746031746031746,0.25893618735093693,Capão Bonito,SP
3526100,194,53.31512827695245,206.000001,0.5515463917525774,0.2588113010589376,Juquiá,SP
4201505,122,37.75306039248691,145.88,0.7950819672131147,0.25879531390517485,Armazém,SC
3140506,160,42.387594902238796,163.96,0.78125,0.2585239991597877,Martinho Campos,MG
3201506,1112,314.92759143270524,1219.03,0.783273381294964,0.2583427737075423,Colatina,ES
2202083,142,36.92206694119493,142.92,0.6267605633802817,0.25834079863696424,Cajueiro da Praia,PI
4112108,184,52.677036896211625,203.91,0.6902173913043478,0.25833474030803605,Jandaia do Sul,PR
2110039,243,64.59376239160163,250.36,0.8600823045267489,0.2580035244911393,Santa Luzia do Paruá,MA
5221403,1570,434.00843669158957,1682.74,0.7719745222929937,0.2579177036806575,Trindade,GO
3523503,210,57.758932389243796,224.000002,0.5428571428571428,0.2578523744354422,Itatinga,SP
4208401,231,69.5276696603952,269.72,0.8225108225108225,0.25777721214739435,Itapiranga,SC
4319505,209,60.29201990846909,234.0000007,0.44019138755980863,0.25765820396627503,São Sebastião do Caí,RS
4117701,390,111.15365264335819,431.49,0.6641025641025641,0.25760423797390014,Palmeira,PR
5208707,8859,2635.5420770327582,10249.56,0.6955638333897731,0.25713709437602766,Goiânia,GO
5203906,109,31.088065533750903,120.97,0.6513761467889908,0.25698987793461936,Buriti Alegre,GO
2501203,101,27.52555466945586,107.12,0.7029702970297029,0.2569599950471981,Areial,PB
4210506,350,110.66797962509897,430.69,0.7628571428571429,0.25695507122315114,Maravilha,SC
3556107,134,37.50453510486002,145.999997,0.8582089552238806,0.25688038270891206,Valentim Gentil,SP
3133758,124,32.599304738690485,126.92,0.8951612903225806,0.2568492336801961,Itaú de Minas,MG
4108320,100,30.325172729621805,118.09,0.8,0.25679712701856044,Francisco Alves,PR
3500501,182,52.86290941476148,205.9999988,0.44505494505494503,0.25661606661505226,Águas de Lindóia,SP
3139904,137,36.965967684413194,144.11,0.7956204379562044,0.25651216212902084,Maria da Fé,MG
3548807,1096,317.7663629573156,1238.999998,0.6624087591240876,0.25647002701392707,São Caetano do Sul,SP
2100501,156,42.81259746499927,167.28,0.5256410256410257,0.25593374859516543,Alto Parnaíba,MA
3204054,313,86.50433257000826,338.03000000000003,0.8178913738019169,0.2559072643552592,Pedro Canário,ES
2101103,143,39.13427043530217,153.03,0.7132867132867133,0.25572940230871183,Axixá,MA
3553005,134,37.298775634836566,145.9999999,0.7238805970149254,0.25547106616701143,Taguaí,SP
3137403,132,36.840941608118136,144.27,0.8787878787878788,0.25536107027183846,Lagoa Dourada,MG
5218508,544,143.8187017353913,564.1,0.8014705882352942,0.254952493769529,Quirinópolis,GO
3535309,171,46.64768486923481,182.9999992,0.6023391812865497,0.2549053829134378,Palmital,SP
3532405,211,58.86633646510268,231.0000008,0.6018957345971564,0.25483262450751765,Nazaré Paulista,SP
3501707,359,100.90211813123793,396.0000017,0.7075208913649025,0.25480332752038454,Américo Brasiliense,SP
3204203,320,86.92918988778499,341.26,0.709375,0.25473008816674964,Piúma,ES
3155603,268,70.70857474028318,277.83,0.8694029850746269,0.2545030224967901,Rio Pardo de Minas,MG
3504404,118,32.561877435781426,127.9999991,0.7711864406779662,0.25438966925571976,Avanhandava,SP
1100502,102,27.75219476621953,109.10000000000001,0.7058823529411765,0.25437392086360705,Novo Horizonte do Oeste,RO
4310207,767,213.06955413898407,838.0000013,0.5645371577574967,0.25425961074993625,Ijuí,RS
4306908,241,71.63846272498355,281.999997,0.5186721991701245,0.25403710456416617,Encruzilhada do Sul,RS
5213756,150,38.30683729216492,150.92,0.7866666666666666,0.25382213949221394,Montividiu,GO
3502804,1479,435.1941139996614,1714.9999926,0.7417173766058147,0.25375750196936847,Araçatuba,SP
2704203,318,83.15616991115405,328.15,0.44654088050314467,0.2534090199943747,Limoeiro de Anadia,AL
4318804,355,111.25096771132579,439.6078433,0.5633802816901409,0.2530686597313624,São Lourenço do Sul,RS
4122404,864,254.20590396622916,1005.07,0.7199074074074074,0.2529235814084881,Rolândia,PR
5212808,131,35.14850952801107,139.02,0.8778625954198473,0.25283059651856615,Mara Rosa,GO
3120201,122,31.594028230157566,125.08,0.860655737704918,0.25259056787781875,Cristais,MG
5212709,126,33.3402550660742,132.01000000000002,0.6825396825396826,0.2525585566705113,Mambaí,GO
4114302,328,96.21231864086174,380.97,0.6402439024390244,0.252545656195663,Mandirituba,PR
4116208,231,69.03903039876859,273.38,0.6060606060606061,0.2525387021682954,Morretes,PR
3203007,370,99.77367221741649,395.35,0.7,0.25236795805594153,Iúna,ES
3169703,186,49.73626458819601,197.12,0.8225806451612904,0.25231465395797487,Turmalina,MG
3141009,135,36.13431336401041,143.25,0.7185185185185186,0.2522465156300901,Mato Verde,MG
4110078,183,51.73945702902625,205.17,0.6994535519125683,0.2521784716529037,Imbaú,PR
4314605,136,36.52466897304617,145.0000031,0.5441176470588235,0.25189426339430315,Piratini,RS
4116901,230,67.71236701409272,268.96999999999997,0.7478260869565218,0.25174691234744667,Nova Esperança,PR
5220009,178,46.02218658744474,182.9,0.898876404494382,0.2516248583239188,São João d'Aliança,GO
3203320,568,164.87648985243,656.14,0.6971830985915493,0.25128248522027313,Marataízes,ES
5200308,397,109.56438885343145,436.17,0.7581863979848866,0.2511965262476361,Alexânia,GO
5100607,162,45.187358615414325,179.91,0.6975308641975309,0.25116646442896073,Alto Taquari,MT
3203106,154,40.16759422399591,160.04,0.7727272727272727,0.2509847177205443,Jerônimo Monteiro,ES
4100301,140,39.44223334345266,157.18,0.8714285714285714,0.25093671805225004,Agudos do Sul,PR
2612208,723,187.12179850317455,746.1,0.7524204702627939,0.2507998907695678,Salgueiro,PE
3526001,191,49.907345960130016,199.0000008,0.806282722513089,0.25079068220853,Junqueirópolis,SP
3107802,143,37.8429519014143,150.95,0.7762237762237763,0.25069858828363234,Bom Jesus do Galho,MG
5204409,149,41.15952801310434,164.23000000000002,0.8456375838926175,0.2506212507648075,Caiapônia,GO
3538600,277,76.68060832417282,305.9999995,0.5740072202166066,0.2505902236910717,Piracaia,SP
4322806,206,56.3764587419359,224.9999984,0.5728155339805825,0.25056204063482296,Veranópolis,RS
4103453,289,80.37849931228091,321.03000000000003,0.7854671280276817,0.2503769096728683,Cafelândia,PR
5208806,1031,288.3890949225268,1153.71,0.7992240543161979,0.24996671167150045,Goianira,GO
5107875,398,125.52201844615925,502.24,0.8391959798994975,0.24992437568923073,Sapezal,MT
4309001,138,35.718721389711355,143.0,0.5217391304347826,0.24978126845951998,Giruá,RS
5214507,377,104.78983891459056,419.65,0.7108753315649867,0.24970770621849295,Nerópolis,GO
3119302,289,77.92032285100957,312.05,0.7958477508650519,0.24970460775840272,Coromandel,MG
3530201,116,31.953841895484178,127.9999985,0.8793103448275862,0.24963939273393176,Mirante do Paranapanema,SP
2614600,298,74.84892776210764,299.96,0.6912751677852349,0.24952969649989212,Tabira,PE
4316808,1033,297.788898068321,1193.9090917,0.4927395934172314,0.249423427745492,Santa Cruz do Sul,RS
3123007,101,25.717164918502743,103.2,0.7623762376237624,0.2491973344816157,Dores de Campos,MG
2114007,408,111.93578940669369,449.24,0.7303921568627451,0.2491670140831041,Zé Doca,MA
3504602,255,70.2431072607738,281.9999973,0.615686274509804,0.2490890352245184,Bady Bassitt,SP
4108809,379,110.43264950251043,443.71,0.6965699208443272,0.24888474341914862,Guaíra,PR
4126504,133,41.32345785249843,166.12,0.6090225563909775,0.2487566689892754,Sertanópolis,PR
5206404,122,34.75787543360416,139.85999999999999,0.7704918032786885,0.24851905786932765,Crixás,GO
3542404,170,45.710463023448966,183.9999972,0.6058823529411764,0.24842643325566838,Regente Feijó,SP
3205036,224,59.5286834353615,240.06,0.71875,0.24797418743381447,Vargem Alta,ES
3524709,546,160.85527782466534,648.9999957,0.7032967032967034,0.24785096901452158,Jaguariúna,SP
4114906,108,29.713844512027556,120.06,0.8518518518518519,0.24749162512100245,Marilândia do Sul,PR
3512100,107,29.417043554128238,119.0000004,0.7289719626168224,0.24720204584241529,Colômbia,SP
4115705,485,148.73544011602291,602.75,0.6391752577319587,0.24676141039572447,Matinhos,PR
3513603,135,35.73829796587384,144.9999997,0.5777777777777777,0.24647102096424242,Cunha,SP
5221601,355,88.50748669925258,360.69,0.780281690140845,0.24538381074954277,Uruaçu,GO
4312658,158,44.062848182912326,179.8800012,0.6012658227848101,0.24495690398579073,Não-Me-Toque,RS
4124020,225,63.72455502839939,260.19,0.7777777777777778,0.2449154657304254,Santa Tereza do Oeste,PR
3525904,3499,942.5171055964847,3851.0000011,0.705058588168048,0.24474606734023993,Jundiaí,SP
5200555,115,30.602224970389905,125.10000000000001,0.7217391304347827,0.24462210208145407,Alto Horizonte,GO
3539004,103,27.384329353604503,112.0000019,0.7572815533980582,0.2445029365093654,Pirangi,SP
3532827,109,27.6112886325742,113.0000012,0.6146788990825688,0.24434768441908833,Nova Campina,SP
4113700,4774,1389.8853708631507,5689.9,0.7356514453288647,0.24427237224962667,Londrina,PR
3537404,205,54.22801381889793,222.0000021,0.8390243902439024,0.24427033020689295,Pereira Barreto,SP
4127601,242,66.25032369911955,271.26,0.6859504132231405,0.24423182075912242,Tijucas do Sul,PR
4204400,102,30.3928706730002,124.46000000000001,0.8627450980392157,0.24419790031335528,Coronel Freitas,SC
4320701,120,30.729161352140625,126.00000080000001,0.6416666666666667,0.2438822314050384,Sobradinho,RS
4302352,171,45.84180616319568,187.99999839999998,0.5029239766081871,0.2438393965603123,Bom Princípio,RS
3541505,254,64.35837638761915,264.0000052,0.7637795275590551,0.2437817239392204,Presidente Venceslau,SP
4105706,199,55.54849571756788,227.92,0.7487437185929648,0.24371926868009777,Clevelândia,PR
5209101,398,98.88940950963047,406.09000000000003,0.7738693467336684,0.24351599278394065,Goiatuba,GO
3521705,152,39.20125311285303,161.0000005,0.8618421052631579,0.24348604342304353,Itaberá,SP
3111002,183,48.91964167204998,201.01,0.819672131147541,0.24336919393089887,Campestre,MG
4117503,760,206.80342558416822,849.96,0.6276315789473684,0.24330959760949716,Paiçandu,PR
2607703,120,29.41802706679117,120.96000000000001,0.8916666666666667,0.24320458884582644,Itapetim,PE
3537305,535,137.51016626020012,565.9999997,0.6336448598130842,0.24295082391004483,Penápolis,SP
4305801,105,30.336676559660845,124.9999999,0.49523809523809526,0.24269341267144148,Constantina,RS
5213087,275,70.17548195018219,290.28000000000003,0.8145454545454546,0.2417510057536936,Minaçu,GO
5204805,101,26.087086879381772,107.92,0.7722772277227723,0.24172615714771842,Campo Alegre de Goiás,GO
4101101,200,51.74030258170648,214.14000000000001,0.645,0.2416190463328032,Andirá,PR
3112307,480,119.55979664249564,494.83,0.825,0.24161792260472414,Capelinha,MG
5210406,523,132.06012853394512,546.82,0.8126195028680688,0.2415056664605265,Itaberaí,GO
4119954,388,115.18372286119765,477.96,0.6082474226804123,0.2409902980609207,Pontal do Paraná,PR
2102077,105,25.516394568486053,106.0,0.9523809523809523,0.24072070347628352,Bom Lugar,MA
2312601,111,27.655946986306105,114.94,0.6576576576576577,0.2406120322455725,São Luís do Curu,CE
3202256,106,28.595818618562706,119.02000000000001,0.8207547169811321,0.24026061685903802,Governador Lindenberg,ES
4125704,334,85.05435690252698,354.05,0.781437125748503,0.24023261376225666,São Miguel do Iguaçu,PR
5104542,112,29.988887615686558,125.03,0.7767857142857143,0.23985353607683402,Itanhangá,MT
3204005,146,37.45243137786025,156.29,0.863013698630137,0.239634214459404,Pancas,ES
4308904,162,41.452284075957536,173.0000002,0.5925925925925926,0.23960857819673886,Getúlio Vargas,RS
2600104,387,95.0271322350761,396.89,0.7028423772609819,0.23942939412702788,Afogados da Ingazeira,PE
5220405,217,57.159142413162606,238.76,0.8202764976958525,0.23939999335383905,São Simão,GO
3527405,152,37.339560763012926,156.00000070000002,0.6842105263157895,0.2393561576632283,Lucélia,SP
3553401,233,60.79579499305205,253.9999972,0.7424892703862661,0.2393535262332359,Tanabi,SP
4108502,146,39.75632316435041,166.11,0.5616438356164384,0.2393373256537861,General Carneiro,PR
4120804,324,85.31086519498537,357.17,0.6728395061728395,0.23885226977345625,Quatro Barras,PR
4119905,3191,886.9705660300102,3718.98,0.7599498589783766,0.23849834256436178,Ponta Grossa,PR
3540002,170,45.05390328720726,189.00000359999999,0.6058823529411764,0.2383804361324746,Pompéia,SP
3145000,171,45.00412373933708,188.87,0.7894736842105263,0.2382809537742208,Nova Ponte,MG
4103701,1120,307.50118081890423,1290.54,0.7705357142857143,0.23827326608931473,Cambé,PR
1100098,392,103.42944385295677,435.3,0.6964285714285714,0.23760497094637437,Espigão D'Oeste,RO
3202652,142,36.79646220445117,154.96,0.8169014084507042,0.23745780978608136,Irupi,ES
5204300,118,29.42910080565372,124.10000000000001,0.9152542372881356,0.23714021600043286,Caçu,GO
5207402,156,39.40652680592306,166.27,0.7243589743589743,0.23700322851941455,Edéia,GO
2110500,309,80.270788555101,339.14,0.7961165048543689,0.2366892391198355,São Bento,MA
4309407,240,62.92132367441226,265.9999964,0.49583333333333335,0.23654633280443255,Guaporé,RS
4126801,149,39.933809389862716,169.17,0.610738255033557,0.23605727605286234,Tapejara,PR
3203809,140,34.27478707233185,145.26,0.7571428571428571,0.23595475060121057,Muqui,ES
4322707,202,50.67969584708352,215.0000004,0.45544554455445546,0.2357195151292824,Vera Cruz,RS
3161908,164,39.84753341676889,169.06,0.9146341463414634,0.23570054073564942,São Gonçalo do Rio Abaixo,MG
2610509,201,50.65462634163535,215.02,0.7611940298507462,0.2355809987054011,Passira,PE
2107803,322,81.73047529931313,347.26,0.5527950310559007,0.23535816189400774,Parnarama,MA
4318903,368,93.79374569058868,399.0000016,0.49728260869565216,0.2350720433946702,São Luiz Gonzaga,RS
4322608,488,124.01437623807713,527.6666672,0.610655737704918,0.23502408612646422,Venâncio Aires,RS
4123857,134,35.23220130815672,149.94,0.7089552238805971,0.23497533218725303,Santa Maria do Oeste,PR
4107256,110,26.7821800760744,114.0,0.6909090909090909,0.23493140417609124,Douradina,PR
3204708,338,86.70431047903216,369.14,0.8106508875739645,0.23488191601839997,São Gabriel da Palha,ES
5214606,327,79.60163836307709,339.05,0.8012232415902141,0.23477846442435357,Niquelândia,GO
4117909,404,103.04593438740594,440.21000000000004,0.745049504950495,0.23408358371551288,Palotina,PR
3518305,385,97.99824557941663,419.0000017,0.7688311688311689,0.2338860266868983,Guararema,SP
4321808,211,52.61880411419417,225.0000021,0.5213270142180095,0.23386134943593484,Três de Maio,RS
4320909,329,81.33793220219687,348.0000021,0.46808510638297873,0.23372968882576012,Tapejara,RS
3528007,182,45.97681832796013,196.9999991,0.6263736263736264,0.23338486567515995,Macatuba,SP
3544251,159,39.897887434480126,170.999999,0.8238993710691824,0.23332098051345676,Rosana,SP
4307500,138,34.24041523519951,146.9600008,0.5072463768115942,0.23299139254767554,Espumoso,RS
3516200,3344,836.7641029116537,3594.9999932,0.7111244019138756,0.23275774812083627,Franca,SP
3501004,164,40.95650535993499,176.0000007,0.676829268292683,0.2327074158922716,Altinópolis,SP
2611533,123,29.980215426542077,129.0,0.8699186991869918,0.2324047707483882,Quixaba,PE
2702108,184,45.61764001342452,196.94,0.7336956521739131,0.23163217230336408,Colônia Leopoldina,AL
3502705,263,63.39387217276835,273.9999992,0.7452471482889734,0.23136449765642317,Apiaí,SP
4302402,131,35.28816167424344,153.0000009,0.648854961832061,0.2306415782135034,Bom Retiro do Sul,RS
4304804,259,64.99223087352803,281.9999988,0.6293436293436293,0.23046890478755572,Carlos Barbosa,RS
5221197,107,26.937381094272308,117.07000000000001,0.719626168224299,0.23009636195671226,Terezópolis de Goiás,GO
3201605,396,97.04263055280427,422.38,0.6792929292929293,0.2297519545262661,Conceição da Barra,ES
4313904,513,127.27891028519404,553.9999981,0.5497076023391813,0.22974532621247323,Panambi,RS
2613909,815,194.3012366171277,846.0600000000001,0.7803680981595092,0.22965420492296962,Serra Talhada,PE
4105003,117,31.90474022969134,138.94,0.5641025641025641,0.22962962595142752,Catanduvas,PR
2612307,164,37.648369519306556,164.0,0.7865853658536586,0.22956322877625948,Saloá,PE
2112209,1666,408.16433984322924,1778.67,0.7605042016806722,0.22947727225580306,Timon,MA
1101104,160,40.629023605674504,177.12,0.7125,0.2293869896436004,Itapuã do Oeste,RO
2509305,178,44.070744214823854,192.13,0.5168539325842697,0.22937981686786996,Mataraca,PB
3514502,110,28.65896284226706,124.9999985,0.7727272727272727,0.22927170548939693,Duartina,SP
3523305,201,50.43702033939022,219.9999979,0.6417910447761194,0.22925918554924776,Itariri,SP
3522703,325,78.17582274089774,340.9999995,0.76,0.2292546124795456,Itápolis,SP
4119608,350,88.00210532274724,384.42,0.7342857142857143,0.22892176609631976,Pitanga,PR
3123908,135,32.51889335577184,142.14000000000001,0.8888888888888888,0.22878073276890273,Entre Rios de Minas,MG
5204102,129,30.41252123645656,133.23,0.7829457364341085,0.22827081915827188,Cachoeira Alta,GO
3552106,247,63.647813481904954,278.9999956,0.611336032388664,0.22812836733214972,Socorro,SP
3202603,134,32.15139711872469,140.96,0.7611940298507462,0.22808879908289365,Iconha,ES
2703759,115,26.84220863267817,117.95,0.9565217391304348,0.22757277348603788,Jequiá da Praia,AL
1100064,175,43.85389707620524,193.11,0.72,0.22709283349492643,Colorado do Oeste,RO
5217708,164,38.330141427758555,168.9,0.8597560975609756,0.22693985451603643,Pontalina,GO
3202801,516,125.85701315873149,554.99,0.751937984496124,0.22677347908742768,Itapemirim,ES
4305207,113,27.62793197417499,122.0000006,0.48672566371681414,0.2264584576909829,Cerro Largo,RS
3162708,213,52.796054829914105,233.31,0.8732394366197183,0.22629143555747333,São João do Paraíso,MG
3130903,151,36.1568220543419,159.96,0.847682119205298,0.22603664700138723,Inhapim,MG
4317608,298,74.98479734441594,332.0000002,0.5805369127516778,0.2258578231904951,Santo Antônio da Patrulha,RS
3204351,241,60.056002883198666,265.91,0.8298755186721992,0.22585086263472098,Rio Bananal,ES
3203056,432,108.20169285611799,479.09000000000003,0.8078703703703703,0.2258483643075789,Jaguaré,ES
4317806,147,34.50824796312978,153.0000011,0.6462585034013606,0.22554410271262268,Santo Augusto,RS
4111902,196,53.85309738211331,238.84,0.6173469387755102,0.22547771471325284,Jaguapitã,PR
4104428,216,54.559008027830295,242.12,0.6481481481481481,0.2253387081935829,Candói,PR
4125001,102,25.886641932398216,115.01,0.7352941176470589,0.22508166187634307,São João do Ivaí,PR
4102604,125,32.1458058939301,143.17000000000002,0.744,0.22452892291632395,Barracão,PR
2504603,406,100.27912709899046,446.93,0.7118226600985221,0.22437322869127257,Conde,PB
4309605,187,45.31449035478614,201.999997,0.5775401069518716,0.22432916350382984,Horizontina,RS
3144003,245,60.2488772095137,268.8,0.8,0.22414016819015511,Mutum,MG
3523404,1007,248.74028785580617,1109.9999979,0.7328699106256207,0.22409034984359993,Itatiba,SP
2509701,300,70.04813512786761,313.06,0.61,0.22375306691326777,Monteiro,PB
4320206,129,31.757245278709938,141.9999996,0.6666666666666666,0.22364257301526033,Seberi,RS
4321667,114,27.045299332050817,120.9999984,0.5350877192982456,0.22351487346838525,Três Cachoeiras,RS
3520509,2404,608.0430274170882,2724.0000162,0.6285357737104825,0.22321696908993144,Indaiatuba,SP
4119400,260,66.94056224873937,300.01,0.7461538461538462,0.22312776990346778,Piraí do Sul,PR
4321907,258,62.230021388016446,278.9999972,0.5697674418604651,0.22304667388009725,Três Passos,RS
4310009,193,45.67317907026855,205.0000015,0.6321243523316062,0.22279599383451007,Ibirubá,RS
4109906,105,25.57730970343657,114.84,0.5238095238095238,0.22272126178541074,Icaraíma,PR
5219902,107,24.069221076319444,108.15,0.7383177570093458,0.22255405525954178,São Francisco de Goiás,GO
4113304,408,109.24541945870769,491.19,0.6887254901960784,0.22240969779251957,Laranjeiras do Sul,PR
4107603,212,50.27745413529016,226.09,0.7216981132075472,0.22237805358613896,Faxinal,PR
3511508,396,96.14346942047501,433.0000018,0.6919191919191919,0.22204034415889698,Cerquilho,SP
4104709,156,40.13804278972918,180.89,0.6666666666666666,0.22189199397274134,Carlópolis,PR
3541307,407,95.03622028086512,429.0000005,0.7223587223587223,0.22152965074615455,Presidente Epitácio,SP
3505302,210,50.5051454583802,228.0000017,0.8095238095238095,0.22151379421845063,Barra Bonita,SP
3200706,113,27.424554300455554,123.9,0.7787610619469026,0.22134426392619494,Atilio Vivacqua,ES
2207603,117,27.44984813028249,124.05,0.47863247863247865,0.22128051697124135,Parnaguá,PI
4106001,103,26.351366427514314,119.09,0.4077669902912621,0.2212727049081729,Congonhinhas,PR
4100707,125,28.9501396669646,130.96,0.648,0.22106093209349875,Alto Piquiri,PR
1200302,391,97.6781596078978,442.83,0.6419437340153452,0.22057710545332926,Feijó,AC
3100302,102,24.94304341024008,113.17,0.8431372549019608,0.220403317224,Abre Campo,MG
4106407,388,97.05671440121289,440.47,0.7396907216494846,0.22034807001887274,Cornélio Procópio,PR
4106605,241,56.28607550489971,255.9,0.7344398340248963,0.21995340173856862,Cruzeiro do Oeste,PR
4306809,188,48.16187840643156,219.0000009,0.5797872340425532,0.21991725209363486,Encantado,RS
4121703,301,78.32544988665825,356.22,0.8106312292358804,0.21987942812491787,Reserva,PR
3504107,1697,404.7400017168275,1841.0000051,0.6535061873895109,0.21984790906876872,Atibaia,SP
4114609,659,164.69856183392682,750.72,0.7647951441578149,0.21938747047358112,Marechal Cândido Rondon,PR
3553955,192,45.159822271952244,205.9999985,0.9166666666666666,0.21922243980964032,Tarumã,SP
2109007,278,64.33581019485479,293.95,0.7410071942446043,0.21886650857239254,Porto Franco,MA
4313201,245,57.937015844470736,264.7500004,0.563265306122449,0.2188366978543383,Nova Petrópolis,RS
2112852,167,38.858730967445396,177.92000000000002,0.7425149700598802,0.21840563718213463,Vila Nova dos Martírios,MA
5210000,506,117.24700243248921,536.96,0.8754940711462451,0.21835332693774062,Inhumas,GO
4109708,336,78.59834293158444,360.13,0.7142857142857143,0.2182499178951613,Ibaiti,PR
4121802,143,34.40421263277162,158.14,0.8601398601398601,0.21755541060308348,Ribeirão Claro,PR
5204706,144,33.07142566701189,152.02,0.8194444444444444,0.21754654431661546,Campinorte,GO
4313300,246,60.207800059501594,277.0000003,0.6016260162601627,0.21735667867976385,Nova Prata,RS
3204104,282,64.76446892302502,298.01,0.8439716312056738,0.21732313990478516,Pinheiros,ES
2307502,245,53.66498619837033,247.0,0.7428571428571429,0.2172671506006896,Lavras da Mangabeira,CE
2615706,134,30.041251615602583,138.92,0.8059701492537313,0.21624857195222133,Triunfo,PE
4319406,102,25.69007150121522,118.9999992,0.5784313725490197,0.2158829552430385,São Pedro do Sul,RS
4112009,440,107.8492486618846,500.16,0.7931818181818182,0.21562949588508595,Jaguariaíva,PR
4118907,135,31.492815490023222,146.1,0.6222222222222222,0.21555657419591528,Pérola,PR
4308607,303,74.03617299973111,344.0000004,0.5841584158415841,0.21522143288849577,Garibaldi,RS
4123709,107,27.730767291720536,129.03,0.7476635514018691,0.21491720756196647,Santa Isabel do Ivaí,PR
5215009,118,25.67612078014504,119.92,0.7627118644067796,0.21411041344350434,Nova Veneza,GO
5205471,208,45.90488565076146,215.05,0.8701923076923077,0.21346145385148316,Chapadão do Céu,GO
2103901,169,37.53925171589286,176.01,0.8165680473372781,0.21327908480139118,Duque Bacelar,MA
4102307,226,54.21661870491343,254.25,0.7566371681415929,0.2132413715040843,Balsa Nova,PR
3201407,303,69.86252841429268,328.37,0.8283828382838284,0.2127555148591305,Castelo,ES
4108403,1041,252.2574801071209,1185.77,0.7617675312199808,0.21273727629061362,Francisco Beltrão,PR
5221700,132,28.070506290412652,132.0,0.9772727272727273,0.21265535068494434,Uruana,GO
2111748,101,21.870446685945762,102.94,0.9603960396039604,0.2124581958999977,Senador Alexandre Costa,MA
4128534,130,30.77967382616157,144.95,0.7692307692307693,0.2123468356409905,Ventania,PR
4316600,160,36.943774889179124,174.0000013,0.5375,0.212320543753807,Sananduva,RS
2202604,167,35.86655455106778,169.15,0.8263473053892215,0.21203993231491444,Castelo do Piauí,PI
3536406,112,24.783806726763622,117.0000032,0.7589285714285714,0.21182740212748663,Paulicéia,SP
4310801,226,52.23109670092365,246.9999996,0.5707964601769911,0.21146193030570212,Ivoti,RS
4114401,166,40.40278382820935,191.1,0.6686746987951807,0.21142220736896575,Mangueirinha,PR
4101002,231,54.9358644689127,260.16,0.7056277056277056,0.21116184067078986,Ampére,PR
4321006,101,22.781721267075792,107.9999991,0.7821782178217822,0.210941865341884,Tapera,RS
3203346,197,44.504905463256165,211.23,0.868020304568528,0.2106940560680593,Marechal Floriano,ES
4317905,139,29.872875377253155,142.0000001,0.5971223021582733,0.2103723616634924,Santo Cristo,RS
4128708,115,29.61583359256471,140.92,0.6956521739130435,0.21016061306106096,Vitorino,PR
3203353,124,30.872070361234055,146.92000000000002,0.782258064516129,0.21012843970347164,Marilândia,ES
4108304,3084,796.5708048936834,3793.93,0.7230869001297017,0.20995927834558978,Foz do Iguaçu,PR
4101705,173,39.081025573776174,187.17000000000002,0.7745664739884393,0.2087996237312399,Araruna,PR
4306403,341,74.71523136649029,358.000005,0.5777126099706745,0.20870176067871923,Dois Irmãos,RS
4103503,143,31.956076360795798,153.15,0.6923076923076923,0.20865867685795492,Califórnia,PR
5218607,134,28.386932128908285,136.1,0.9701492537313433,0.2085740788310675,Rialma,GO
3141801,238,51.731101368189314,248.13,0.7941176470588235,0.20848386478132155,Minas Novas,MG
4114500,122,26.91327968170926,129.13,0.7213114754098361,0.20842003935343653,Manoel Ribas,PR
4127502,278,64.64344400999184,310.26,0.7805755395683454,0.20835249149098126,Tibagi,PR
4120606,486,109.65670556903216,526.34,0.8251028806584362,0.2083381570259379,Prudentópolis,PR
3202702,142,32.09480009415724,154.06,0.8732394366197183,0.20832662660104662,Itaguaçu,ES
4127700,1590,380.48340498097826,1829.8700000000001,0.8188679245283019,0.20792919987812153,Toledo,PR
3132503,342,75.36047182381895,362.8,0.8333333333333334,0.20771905133356933,Itamarandiba,MG
2704005,272,62.655975312444816,302.08,0.5698529411764706,0.20741517251206573,Junqueiro,AL
4101606,342,78.72001897658411,379.72,0.6812865497076024,0.2073106999277997,Arapoti,PR
3543006,230,49.319461955450194,237.9999996,0.6478260869565218,0.20722463041319347,Ribeirão Branco,SP
3200904,469,104.29406899516916,504.06,0.8699360341151386,0.2069080446676371,Barra de São Francisco,ES
4115408,171,42.269584802449536,204.38,0.847953216374269,0.20681859674356365,Marmeleiro,PR
3202009,103,22.350630223641772,108.08,0.8155339805825242,0.206797096813858,Dores do Rio Preto,ES
5205901,101,24.4114051690556,118.05,0.8217821782178217,0.20678869266459637,Corumbaíba,GO
4319000,152,35.338678694788804,171.000002,0.4473684210526316,0.20665893731854346,São Marcos,RS
5210901,235,49.606513836265414,240.13,0.8468085106382979,0.20658190911700086,Itapaci,GO
2100873,145,31.36322180013712,151.97,0.9172413793103448,0.20637771797155438,Araguanã,MA
4104808,3374,823.1624241523574,3991.63,0.7445168938944873,0.206222125836402,Cascavel,PR
3127602,134,28.670554254377393,139.08,0.9104477611940298,0.20614433602514662,Gouveia,MG
4304507,338,73.47640381119777,357.0000019,0.5680473372781065,0.20581625607884282,Canguçu,RS
5220603,200,42.72785717714696,208.01,0.91,0.20541251467307803,Silvânia,GO
4128500,208,49.20559493892187,239.57999999999998,0.7403846153846154,0.20538273202655427,Wenceslau Braz,PR
3531407,154,37.776173858172804,183.9999995,0.6818181818181818,0.2053052932653557,Monte Aprazível,SP
3200169,152,33.301422670013686,162.23000000000002,0.8157894736842105,0.2052729006349854,Água Doce do Norte,ES
4126678,128,29.719425009216238,145.11,0.671875,0.20480618158098157,Tamarana,PR
2300150,168,35.583199822789204,174.05,0.8095238095238095,0.20444240059057284,Acarape,CE
2707503,157,36.51396964889052,178.7,0.8089171974522293,0.2043311116334109,Porto Real do Colégio,AL
4107504,121,26.919062415416615,132.07999999999998,0.8264462809917356,0.20380877055887808,Engenheiro Beltrão,PR
3200409,385,85.09197151582552,417.65999999999997,0.8831168831168831,0.2037350273328198,Anchieta,ES
4104451,184,39.338073020650256,193.09,0.717391304347826,0.20372920928401397,Cantagalo,PR
3555109,122,26.243061426306497,129.0000008,0.9344262295081968,0.20343458343844054,Tupi Paulista,SP
2305266,132,27.031064341506852,133.0,0.6060606060606061,0.20324108527448762,Ibaretama,CE
4127403,185,40.19089644755987,198.03,0.7621621621621621,0.20295357495106736,Terra Roxa,PR
5213103,919,193.11637437809233,951.75,0.8411316648531012,0.20290661873190682,Mineiros,GO
4111506,257,60.3211742687937,298.36,0.7237354085603113,0.20217580864993195,Ivaiporã,PR
3204401,134,28.783363858949034,142.85999999999999,0.7686567164179104,0.2014795174222948,Rio Novo do Sul,ES
3203403,197,42.13730060439884,209.16,0.6548223350253807,0.20145965100592292,Mimoso do Sul,ES
4103909,227,49.70883754663553,247.02,0.7797356828193832,0.2012340601839346,Campina da Lagoa,PR
1200708,205,49.962319191768295,248.32,0.5219512195121951,0.20120134983798443,Xapuri,AC
3201001,195,40.40850435172088,200.89000000000001,0.8564102564102564,0.20114741575847914,Boa Esperança,ES
4104303,1062,243.97956206336676,1214.38,0.7721280602636534,0.20090874525549393,Campo Mourão,PR
4306007,116,25.112879217565776,125.0000005,0.5689655172413793,0.20090303293691408,Crissiumal,RS
4301008,165,38.34937803893971,191.0000028,0.6303030303030303,0.20078208103010411,Arroio do Meio,RS
4320404,144,35.502971595328866,176.9999966,0.5416666666666666,0.20058176427856986,Serafina Corrêa,RS
4110102,468,106.76335284110722,532.3,0.782051282051282,0.20056989074038556,Imbituva,PR
2313757,208,41.90969845351145,209.0,0.8221153846153846,0.2005248729833084,Umirim,CE
3201902,382,83.92772857738126,419.0,0.8219895287958116,0.2003048414734636,Domingos Martins,ES
3556008,114,25.23796068399033,126.0000031,0.6578947368421053,0.2003012703417174,Urupês,SP
4101507,1193,274.5883281673213,1373.06,0.7141659681475272,0.19998275979732957,Arapongas,PR
4125100,191,42.98942857623485,214.98,0.8010471204188482,0.19996943239480347,São João do Triunfo,PR
2708303,171,34.56978348191031,172.97,0.9532163742690059,0.1998599958484726,São José da Laje,AL
4117222,139,31.345954069422024,157.02,0.7266187050359713,0.19963032778895695,Nova Santa Rosa,PR
4107009,159,35.708615625675556,179.01000000000002,0.6855345911949685,0.19947832872842608,Curiúva,PR
3200300,102,21.928619561385034,109.94,0.8725490196078431,0.1994598832216212,Alfredo Chaves,ES
5215306,164,35.67380130319887,179.05,0.7682926829268293,0.19923932590448964,Orizona,GO
2107100,239,51.44462823647014,259.1,0.6694560669456067,0.19855124753558523,Morros,MA
4106506,301,64.81746657025063,327.08,0.7475083056478405,0.19817007022823357,Coronel Vivida,PR
4120903,454,103.18203937971049,520.97,0.6211453744493393,0.198057545309155,Quedas do Iguaçu,PR
2605004,292,59.39254910398751,300.08,0.8904109589041096,0.19792238437745774,Cupira,PE
4107900,167,35.00223657360164,176.92000000000002,0.7425149700598802,0.1978421691928648,Floresta,PR
4127965,213,48.35430961509514,245.02,0.8497652582159625,0.197348418966187,Turvo,PR
5211800,461,93.48916194606544,475.73,0.841648590021692,0.19651727228904092,Jaraguá,GO
4113502,217,46.873289482686324,238.56,0.7373271889400922,0.19648427851562006,Loanda,PR
4127858,128,28.528607204200725,145.22,0.75,0.19645095168847765,Três Barras do Paraná,PR
4308102,131,27.667526659035225,141.0000002,0.4580152671755725,0.19622359304815964,Feliz,RS
4118006,151,33.929453117730205,173.1,0.6887417218543046,0.1960107054750445,Paraíso do Norte,PR
4104600,203,46.7385838147316,239.1,0.7832512315270936,0.19547713849741363,Capitão Leônidas Marques,PR
4113205,505,110.2028396989246,563.92,0.7504950495049505,0.19542282539885908,Lapa,PR
5218300,397,78.94147622975012,404.08,0.8060453400503779,0.19536100828981917,Posse,GO
4101408,1191,264.9272275718109,1356.98,0.7875734676742233,0.1952329640612322,Apucarana,PR
4100806,106,24.39955487056056,125.16,0.7264150943396226,0.19494690692362227,Alvorada do Sul,PR
4308508,294,61.01744893706933,313.0000037,0.6428571428571429,0.1949439240120665,Frederico Westphalen,RS
3201704,152,29.71510207302774,153.05,0.8421052631578947,0.19415290475679672,Conceição do Castelo,ES
3545159,101,21.29854330526902,109.9999993,0.6435643564356436,0.19362312218913824,Saltinho,SP
5219738,101,22.069753342986566,114.07000000000001,0.8316831683168316,0.1934755268079825,Santo Antônio de Goiás,GO
4121208,244,51.004486183298376,263.93,0.7581967213114754,0.1932500518444223,Quitandinha,PR
4104204,1576,352.65703900896114,1825.3,0.6941624365482234,0.19320497398178993,Campo Largo,PR
4308201,279,59.835118202002185,310.0000025,0.5949820788530465,0.19301650877245458,Flores da Cunha,RS
4321451,268,53.01937017578966,274.9999989,0.6305970149253731,0.19279771050133507,Teutônia,RS
5213004,118,23.298643804420355,120.96000000000001,0.8389830508474576,0.19261444944130582,Maurilândia,GO
4105508,896,184.77864051177718,959.36,0.7522321428571429,0.19260615463619202,Cianorte,PR
3149705,150,31.932619337997394,165.87,0.8133333333333334,0.19251594223185262,Perdigão,MG
4100509,229,48.16172022805722,250.3,0.7860262008733624,0.1924159817341479,Altônia,PR
5208608,888,179.44109632940703,932.88,0.8254504504504504,0.1923517454864581,Goianésia,GO
4109302,183,40.03753097232926,208.29,0.7103825136612022,0.19222013045431494,Guaraniaçu,PR
4106209,270,56.606060723193565,294.99,0.774074074074074,0.19189145639917815,Contenda,PR
4114807,495,109.50612520269301,574.17,0.7313131313131314,0.19072073637196826,Marialva,PR
5205513,282,54.633938478497996,287.06,0.8865248226950354,0.19032236632933183,Cocalzinho de Goiás,GO
2304954,243,46.556448466155935,244.92000000000002,0.7983539094650206,0.1900883899483747,Guaiúba,CE
4117800,131,28.856069478633717,151.82,0.6946564885496184,0.1900676424623483,Palmital,PR
4115358,108,22.98846548440879,120.97,0.7685185185185185,0.19003443402834413,Maripá,PR
4115804,665,144.53808332049837,760.96,0.793984962406015,0.18994176214321168,Medianeira,PR
2207009,337,65.33621122833895,344.96,0.7270029673590505,0.18940228208586202,Oeiras,PI
4316006,190,37.86286482738574,199.9999992,0.6631578947368421,0.189314324894186,Rolante,RS
5210208,364,73.53929999821669,389.04,0.8324175824175825,0.18902760641120883,Iporá,GO
5203203,147,28.606013827958314,152.04,0.7755102040816326,0.18814794677688973,Barro Alto,GO
4128203,542,118.07292797119081,627.5600000000001,0.7361623616236163,0.18814603857988207,União da Vitória,PR
4123501,343,71.54896814303244,380.3,0.793002915451895,0.1881382280910661,Santa Helena,PR
5222005,156,30.772873602666724,164.12,0.8782051282051282,0.1875022763993829,Vianópolis,GO
4110508,196,38.3606093220309,205.20000000000002,0.826530612244898,0.18694254055570614,Ipiranga,PR
3202108,198,40.73471784036773,220.11,0.9393939393939394,0.18506527572744413,Ecoporanga,ES
2512101,247,51.41909816727086,278.07,0.659919028340081,0.18491422363890697,Pombal,PB
5201306,159,29.61571094363856,160.96,0.9811320754716981,0.1839942280295636,Anicuns,GO
4124400,244,50.40718059603531,274.19,0.8155737704918032,0.1838403318721883,Santo Antônio do Sudoeste,PR
3201159,218,44.104212696538845,240.05,0.8899082568807339,0.18372927596975147,Brejetuba,ES
3205176,227,44.660423604862984,243.23000000000002,0.7973568281938326,0.18361396046895112,Vila Valério,ES
5211206,261,52.274242746120755,284.8,0.8467432950191571,0.18354720065351388,Itapuranga,GO
4104907,899,183.28379323162966,998.63,0.746384872080089,0.18353523650564238,Castro,PR
3204955,103,21.467454116358176,117.10000000000001,0.8932038834951457,0.18332582507564624,São Roque do Canaã,ES
5000856,201,37.38345239680686,203.96,0.845771144278607,0.18328815648561902,Angélica,MS
4122305,371,73.91234533019164,404.12,0.8867924528301887,0.18289702397850055,Rio Negro,PR
4107207,530,112.97562177002922,617.79,0.8264150943396227,0.18287058995779995,Dois Vizinhos,PR
4105409,232,47.14139119852502,257.89,0.7112068965517241,0.18279650703216496,Chopinzinho,PR
2921807,105,19.142456458465183,105.0,0.6,0.18230910912823983,Mortugaba,BA
5218904,206,40.60344543728854,222.86,0.8786407766990292,0.18219261167229894,Rubiataba,GO
2302404,396,73.95152633858642,405.99,0.9040404040404041,0.18215110307787485,Boa Viagem,CE
2302206,676,125.85205676917961,691.08,0.8165680473372781,0.18210924461593392,Beberibe,CE
4114005,133,26.75622391344013,147.0,0.7518796992481203,0.18201512866285804,Mamborê,PR
4102000,393,78.06032633074506,430.11,0.806615776081425,0.18148921515599512,Assis Chateaubriand,PR
4121901,156,32.80394314805301,180.75,0.8461538461538461,0.18148792889655882,Ribeirão do Pinhal,PR
4101903,160,32.06238449396585,176.97,0.80625,0.18117412269856953,Assaí,PR
2311900,141,26.070674103056028,143.97,0.8156028368794326,0.18108407378659463,Saboeiro,CE
2309706,812,149.01756686676526,823.2,0.7832512315270936,0.18102231154854867,Pacatuba,CE
4122701,144,28.76477379372663,159.17000000000002,0.7986111111111112,0.18071730724210985,Sabáudia,PR
4307906,703,138.28290543306628,765.9999959,0.5604551920341394,0.18052598717130916,Farroupilha,RS
4118501,921,195.27170549087893,1081.98,0.7111834961997828,0.18047626156756957,Pato Branco,PR
3203304,163,31.039053955557808,173.05,0.950920245398773,0.17936465735658946,Mantenópolis,ES
4123808,116,23.252952950306746,129.89000000000001,0.8275862068965517,0.17902034760417848,Santa Izabel do Oeste,PR
4117255,132,25.047672920923034,139.98000000000002,0.7272727272727273,0.17893751193686977,Nova Prata do Iguaçu,PR
4118105,131,25.226334588990056,141.02,0.8015267175572519,0.1788848006594104,Paranacity,PR
4124053,219,45.67929975237977,257.21999999999997,0.7899543378995434,0.17758844472583693,Santa Terezinha de Itaipu,PR
4111209,190,35.764025069233035,201.77,0.7526315789473684,0.17725145001354528,Itapejara d'Oeste,PR
4127007,136,25.35796942765048,143.13,0.8823529411764706,0.177167396266684,Teixeira Soares,PR
2203305,101,18.60389611388204,105.11,0.7326732673267327,0.17699454013777985,Demerval Lobão,PI
4122503,141,27.285291004803003,154.38,0.7588652482269503,0.17674109991451614,Roncador,PR
2208304,394,70.26389508244321,397.98,0.8248730964467005,0.17655132188161016,Piracuruca,PI
4217303,140,27.21630387006234,154.39000000000001,0.8285714285714286,0.17628281540295573,Saudades,SC
2300309,365,64.48021410921268,368.87,0.6438356164383562,0.17480471198311784,Acopiara,CE
4123006,168,33.049794614681296,189.14,0.7738095238095238,0.174737203207578,Salto do Lontra,PR
4119103,188,35.67743339558099,204.92000000000002,0.8351063829787234,0.17410420357008094,Piên,PR
3204559,515,94.17152713976493,541.17,0.8543689320388349,0.17401468510775717,Santa Maria de Jetibá,ES
4123303,107,20.693598080426586,119.12,0.5794392523364486,0.17372060174971948,Santa Cruz de Monte Castelo,PR
2301901,705,122.83866940910428,709.16,0.8794326241134752,0.17321714339373948,Barbalha,CE
2307700,1097,194.70822906075296,1125.43,0.8167730173199635,0.17300785394094076,Maranguape,CE
4128005,254,49.25039759052337,284.99,0.7755905511811023,0.17281447626416144,Ubiratã,PR
5205406,164,28.232364139651825,164.0,0.9451219512195121,0.17214856182714527,Ceres,GO
5214051,101,18.635896028095488,108.29,0.9405940594059405,0.17209249264101475,Mundo Novo,GO
3205069,281,51.83091874419948,302.6,0.8790035587188612,0.17128525692068564,Venda Nova do Imigrante,ES
4122156,230,46.09354179554875,269.17,0.7434782608695653,0.171243235856703,Rio Bonito do Iguaçu,PR
4102901,229,47.150028727957135,275.43,0.7030567685589519,0.17118697573959676,Bituruna,PR
4110706,677,129.02506292030242,754.09,0.8818316100443131,0.17110034998515086,Irati,PR
4113908,169,29.413077806885525,172.09,0.8757396449704142,0.17091683309248373,Mallet,PR
4122008,188,33.150953592477066,194.02,0.8936170212765957,0.17086358928191456,Rio Azul,PR
3303005,231,45.75280022951096,268.12,0.696969696969697,0.1706429965295799,Miracema,RJ
5216304,102,17.664157686182797,104.01,0.9705882352941176,0.1698313401228997,Paranaiguara,GO
4121406,208,38.87184003918567,228.9,0.7980769230769231,0.16982018365742974,Realeza,PR
5204854,129,21.90493172225334,129.0,0.8527131782945736,0.16980567226552978,Campo Limpo de Goiás,GO
2308401,396,68.21464696712164,402.27,0.8232323232323232,0.1695742833597376,Missão Velha,CE
4115606,244,47.70890015279928,281.42,0.7090163934426229,0.16952917402032291,Matelândia,PR
2701100,118,21.666127016871467,128.01,0.7966101694915254,0.16925339439787102,Branquinha,AL
2307650,3110,533.6328211600689,3161.01,0.8463022508038586,0.16881718854418964,Maracanaú,CE
4118808,156,29.166315873021656,173.27,0.7435897435897436,0.1683287116813162,Peabiru,PR
4126603,266,47.28129220782356,280.93,0.8308270676691729,0.1683027523148954,Siqueira Campos,PR
2301851,239,40.08857401780836,241.96,0.7615062761506276,0.16568265009839792,Banabuiú,CE
4116109,106,19.59062183229331,118.28999999999999,0.7830188679245284,0.1656151985146108,Moreira Sales,PR
5220207,275,47.76087166458718,288.89,0.9127272727272727,0.16532545835642348,São Miguel do Araguaia,GO
3203908,505,88.88095681629667,538.42,0.8356435643564356,0.16507736862727365,Nova Venécia,ES
4105300,130,23.877047505779164,144.94,0.8461538461538461,0.16473746036828457,Céu Azul,PR
4117107,142,26.012059542973713,157.96,0.7394366197183099,0.16467497811454615,Nova Londrina,PR
2210805,120,20.08566937679352,122.14,0.675,0.16444792350412246,Simplício Mendes,PI
2611903,209,34.508095634570054,209.99,0.9090909090909091,0.16433209026415568,Rio Formoso,PE
3200102,277,48.05981200435902,293.0,0.9205776173285198,0.16402666213091815,Afonso Cláudio,ES
4115200,3319,646.5593675883105,3955.02,0.7869840313347394,0.1634781537358371,Maringá,PR
4124806,134,24.03291877386927,147.14000000000001,0.8731343283582089,0.16333368746682933,São João,PR
3204609,235,41.40332320586072,253.64000000000001,0.825531914893617,0.16323656838771772,Santa Teresa,ES
4115754,149,27.398206423070253,167.9,0.8120805369127517,0.16318169400280078,Mauá da Serra,PR
4106803,183,32.19871149730654,198.20000000000002,0.8469945355191257,0.16245565841224288,Cruz Machado,PR
2200400,577,99.34756106384484,612.46,0.6204506065857885,0.1622106930474559,Altos,PI
4126306,226,39.87694318406083,246.01000000000002,0.8230088495575221,0.16209480583740835,Sengés,PR
2308708,561,92.64725427338787,571.79,0.7611408199643493,0.16203021087005348,Morada Nova,CE
2305357,292,47.95710909623321,297.18,0.7636986301369864,0.16137394540760888,Icapuí,CE
2603900,252,40.95922436520197,255.03,0.9246031746031746,0.16060551450888902,Carnaíba,PE
4119806,124,22.130887996876655,138.12,0.7983870967741935,0.16022942366693205,Planalto,PR
5218805,2546,414.7143258130323,2621.33,0.882560879811469,0.15820759912450258,Rio Verde,GO
4111407,173,29.41670121408767,186.18,0.8265895953757225,0.15800140301905505,Ivaí,PR
4114203,410,71.5782412808612,453.85,0.8170731707317073,0.15771343236941987,Mandaguari,PR
4104501,200,37.22666530186692,236.12,0.8,0.15765994113953466,Capanema,PR
4125605,507,86.575118438667,552.61,0.7080867850098619,0.15666585555575724,São Mateus do Sul,PR
2512309,193,30.725289689251166,196.69,0.8652849740932642,0.15621175295770587,Princesa Isabel,PB
4116703,130,22.001930107334935,141.21,0.7538461538461538,0.15581000005194345,Nova Aurora,PR
4110805,153,26.29885882003475,169.96,0.803921568627451,0.15473557790088696,Iretama,PR
4110953,173,31.12526892576303,202.1,0.8439306358381503,0.15400924752975276,Itaipulândia,PR
4116059,136,22.28820213240824,145.01,0.8308823529411765,0.15370113876565922,Missal,PR
2305407,549,85.1858440700658,558.08,0.75591985428051,0.15264091899022683,Icó,CE
4104402,153,26.44441915115328,174.0,0.8562091503267973,0.1519794204089269,Cândido de Abreu,PR
2310605,118,18.358070093180327,122.05,0.6440677966101694,0.1504143391493677,Penaforte,CE
3200136,146,23.482615829024855,157.05,0.9452054794520548,0.1495231826107918,Águia Branca,ES
3203700,175,27.346342380962103,184.02,0.8171428571428572,0.14860527323639877,Muniz Freire,ES
2605103,366,55.53700524664771,373.98,0.8469945355191257,0.14850260775080942,Custódia,PE
2307106,349,51.85501063771225,351.01,0.7077363896848138,0.14773086418538575,Jardim,CE
2301307,285,42.2082818464027,286.0,0.7719298245614035,0.1475814050573521,Araripe,CE
4118402,994,162.14036700398205,1113.34,0.744466800804829,0.1456341881222107,Paranavaí,PR
2200202,187,27.125712502982736,187.0,0.9197860962566845,0.14505728611220714,Água Branca,PI
2302701,204,29.65391568688951,205.95,0.8284313725490197,0.14398599508079393,Campos Sales,CE
2301703,211,29.83291832765688,211.99,0.7393364928909952,0.14072795097720117,Aurora,CE
2312403,999,139.95285906109993,1009.96,0.8568568568568569,0.13857267521594907,São Gonçalo do Amarante,CE
2610202,237,33.08487909287727,238.92000000000002,0.9451476793248945,0.1384768085253527,Panelas,PE
2308302,256,35.24410725498115,264.2,0.79296875,0.13339934615814214,Milagres,CE
2512507,561,79.12693899549318,595.12,0.928698752228164,0.13295963670435068,Queimadas,PB
4127205,217,33.6256274136419,255.1,0.8940092165898618,0.13181351396958801,Terra Boa,PR
2300408,154,20.8351823116836,158.18,0.7597402597402597,0.13171818378861802,Aiuaba,CE
2308104,532,69.1825868698711,540.14,0.8439849624060151,0.12808269498624636,Mauriti,CE
4121505,193,26.31506779437793,207.24,0.772020725388601,0.12697870968142216,Rebouças,PR
2302503,532,68.25537513190916,543.85,0.9548872180451128,0.12550404547560753,Brejo Santo,CE
2306256,771,98.39967103351286,785.78,0.8495460440985733,0.12522547154866867,Itaitinga,CE
4112801,165,23.737525953158237,192.03,0.8545454545454545,0.12361363304253625,Joaquim Távora,PR
2305704,126,15.44204232669626,126.0,0.8888888888888888,0.12255589148171635,Ipaumirim,CE
2313401,1093,136.9346960554678,1120.79,0.8600182982616651,0.12217694309858922,Tianguá,CE
2201903,285,33.5963199148313,287.04,0.9894736842105263,0.11704403537775675,Bom Jesus,PI
2311355,154,17.996941028800755,156.04,0.8831168831168831,0.1153354334068236,Quixelô,CE
2306405,1461,175.53941343055783,1538.64,0.8877481177275839,0.11408738459324977,Itapipoca,CE
2302008,164,18.399301427269926,165.0,0.6402439024390244,0.11151091774102985,Barro,CE
2303907,153,16.973358982577167,153.0,0.9150326797385621,0.11093698681422985,Chaval,CE
2314102,765,85.85804250964763,776.0600000000001,0.9019607843137255,0.11063325324027476,Viçosa do Ceará,CE
2301000,1053,118.77293834966639,1079.55,0.8404558404558404,0.11002078491007031,Aquiraz,CE
2311306,811,90.24006066390828,834.1,0.9247842170160296,0.10818853934049667,Quixadá,CE
2311603,318,34.390558743604025,318.0,0.9245283018867925,0.10814641114340888,Redenção,CE
2308377,151,16.52785409448147,153.94,0.8543046357615894,0.1073655586233693,Miraíma,CE
4115853,103,11.291874427443835,106.01,0.9320388349514563,0.10651706845999277,Mercedes,PR
2303204,338,36.26395288918499,344.04,0.8254437869822485,0.10540621116493719,Caririaçu,CE
2301406,176,18.56685719895234,177.96,0.8068181818181818,0.10433163182148988,Aratuba,CE
2309458,321,33.59633945295127,323.03000000000003,0.8473520249221184,0.10400377504551053,Ocara,CE
2306702,174,17.905100538269412,176.9,0.9367816091954023,0.10121594425251222,Jaguaretama,CE
2300754,669,66.59445226117604,690.9300000000001,0.8251121076233184,0.0963837903422576,Amontada,CE
2301950,305,29.132427087343263,305.92,0.9114754098360656,0.09522890653551014,Barreira,CE
2302909,174,16.647411936739108,181.13,0.8735632183908046,0.09190863985391215,Capistrano,CE
2302107,324,29.765329908580323,326.78000000000003,0.8672839506172839,0.09108675533563963,Baturité,CE
2313559,232,21.449146440839964,237.98,0.9525862068965517,0.09013003798991498,Tururu,CE
2306009,177,15.791184808680434,177.0,0.8418079096045198,0.08921573338237533,Iracema,CE
2301208,317,28.248361567603684,332.16,0.9085173501577287,0.08504444113560838,Aracoiaba,CE
2709301,633,53.45706354758686,642.8100000000001,0.9478672985781991,0.08316153069738626,União dos Palmares,AL
2112704,526,43.709606776770286,526.92,0.9657794676806084,0.08295302280568263,Vargem Grande,MA
2313807,224,18.480752121422338,225.95,0.8214285714285714,0.08179133490339606,Uruburetama,CE
2311009,136,11.247905662402104,138.09,1.0,0.08145344096170688,Poranga,CE
2313302,527,42.71785735816497,533.18,0.920303605313093,0.08011901676387895,Tauá,CE
2313500,813,66.18097459231227,826.15,0.9175891758917589,0.08010769786638294,Trairi,CE
2307007,346,29.160282254773943,364.93,0.884393063583815,0.07990650879558804,Jaguaruana,CE
2312106,172,12.690000739084866,173.0,0.9651162790697675,0.07335260542823621,Santana do Cariri,CE
2307635,187,13.750098530449758,191.93,0.9518716577540107,0.07164121570598529,Madalena,CE
2301604,260,18.52735420740841,260.95,0.9807692307692307,0.0709996329082522,Assaré,CE
2310852,272,19.792029934575122,284.96,0.8860294117647058,0.06945546720443263,Pindoretama,CE
2309508,224,15.596161275881425,229.91,0.9107142857142857,0.06783594135044768,Orós,CE
2311504,175,12.072669004818458,179.0,0.9314285714285714,0.06744507823920927,Quixeré,CE
2310001,122,8.064161171646877,122.0,0.7459016393442623,0.06609968173481047,Palhano,CE
2311959,253,16.81972451695426,255.05,0.9841897233201581,0.06594677324820333,Salitre,CE
2309102,108,6.933717289069708,108.0,0.8888888888888888,0.0642010860099047,Mulungu,CE
2310308,256,16.314346131435464,259.09,0.8828125,0.06296787267526908,Parambu,CE
2702306,787,50.30969614015411,817.1800000000001,0.9224904701397713,0.06156501155211105,Coruripe,AL
2304103,674,40.328105172590924,683.86,0.9718100890207715,0.05897128823529805,Crateús,CE
2301109,848,47.595085326716635,858.03,0.9115566037735849,0.0554701879033561,Aracati,CE
2303956,244,13.557903899614107,245.91,0.9713114754098361,0.05513360131598596,Chorozinho,CE
2305803,441,24.34531525473395,442.82,0.8662131519274376,0.05497790356066562,Ipu,CE
2312205,385,21.21408176507888,385.92,0.9506493506493506,0.05497015382742247,Santa Quitéria,CE
2304202,1210,66.10682378143066,1215.85,0.9537190082644628,0.05437087122706803,Crato,CE
2303501,957,52.71740816894219,976.64,0.8265412748171369,0.05397834224375634,Cascavel,CE
2307601,524,30.512903048169605,568.59,0.8969465648854962,0.053664157034365015,Limoeiro do Norte,CE
2313351,226,11.876990913880679,227.97,0.8008849557522124,0.05209892053288011,Tejuçuoca,CE
2309607,667,34.06373015240347,691.24,0.8785607196401799,0.04927916519935691,Pacajus,CE
2303402,226,10.998256475156568,228.04,0.8407079646017699,0.04822950567951486,Carnaubal,CE
2303931,152,7.338917668690277,152.99,0.9539473684210527,0.047969917437023835,Choró,CE
2306553,456,22.997640342892176,480.66,0.9254385964912281,0.047845962515899336,Itarema,CE
2300705,187,8.796280848482136,188.83,0.9411764705882353,0.04658306862512384,Alto Santo,CE
2311108,252,11.56813926216697,253.05,0.9206349206349206,0.045714836048871645,Porteiras,CE
2305233,914,43.661782956621856,962.44,0.9617067833698031,0.04536571937639942,Horizonte,CE
2313104,253,11.716670967594428,260.33,0.841897233201581,0.04500699484344651,Tabuleiro do Norte,CE
2307809,445,20.090898416103883,452.11,0.9662921348314607,0.04443807572516397,Marco,CE
2310704,357,15.934224084243011,361.07,0.9131652661064426,0.04413056771330493,Pentecoste,CE
2306900,335,14.617168669826341,338.08,0.8925373134328358,0.04323582782130366,Jaguaribe,CE
2309300,273,11.784720854173859,275.06,0.9963369963369964,0.0428441825571652,Nova Russas,CE
2304301,175,7.407056943232679,175.0,0.96,0.04232603967561531,Farias Brito,CE
2312007,287,11.735936391499637,287.0,0.9825783972125436,0.040891764430312325,Santana do Acaraú,CE
2304285,949,39.463708208126654,973.3000000000001,0.9388830347734457,0.04054629426500221,Eusébio,CE
2311801,763,32.94016819084906,840.1899999999999,0.944954128440367,0.03920561800408129,Russas,CE
2309805,136,5.320062956575252,136.0,0.9117647058823529,0.03911810997481803,Pacoti,CE
2300903,137,5.35680837138019,137.0,0.7445255474452555,0.039100791031972185,Apuiarés,CE
2311405,876,34.45006075996239,886.0,0.9874429223744292,0.03888268708799367,Quixeramobim,CE
2300200,835,33.348989421013826,874.2,0.9772455089820359,0.038148008946481154,Acaraú,CE
2302057,254,9.780531437681013,256.88,0.9566929133858267,0.03807432045188809,Barroquinha,CE
2306306,491,18.74706279847668,504.96,0.8961303462321792,0.03712583729102638,Itapagé,CE
2302800,815,30.596892203355754,825.85,0.9496932515337423,0.03704897039820276,Canindé,CE
2308500,415,15.323212140953366,415.98,0.9349397590361446,0.03683641555111632,Mombaça,CE
2304459,225,8.9152696651367,249.93,0.9288888888888889,0.03567106655918337,Fortim,CE
2303006,157,5.58575825675034,157.0,0.9872611464968153,0.035578078068473504,Caridade,CE
2311264,209,7.422092404422238,209.99,0.9904306220095693,0.03534498025821343,Quiterianópolis,CE
2307403,278,9.78514913018215,279.98,0.9028776978417267,0.034949457569048326,Jucás,CE
2302602,745,25.70257844946782,751.95,0.9409395973154362,0.03418123339247,Camocim,CE
2304905,125,4.443280580933703,130.94,0.968,0.03393371453286775,Groaíras,CE
2313906,200,6.703829369255373,202.1,0.99,0.033170852890922184,Uruoca,CE
2314003,420,13.785233512667407,423.98,0.9095238095238095,0.03251387686369028,Várzea Alegre,CE
2310209,568,18.524629490970604,572.27,0.9507042253521126,0.03237043614197949,Paracuru,CE
2305209,179,5.78546775600247,180.0,0.9608938547486033,0.03214148753334706,Hidrolândia,CE
2313955,205,6.3219567037927,206.08,0.9804878048780488,0.030677196738124513,Varjota,CE
2303808,162,4.696180775013655,162.0,0.9876543209876543,0.028988770216133674,Cedro,CE
2304657,157,4.853987935166992,168.05,1.0,0.02888418884360007,Graça,CE
2304350,229,6.618442854632177,229.98,1.0,0.028778340962832324,Forquilha,CE
2306108,340,9.560379990705778,340.0,0.9676470588235294,0.028118764678546408,Irauçuba,CE
2305308,313,8.852282868434854,314.91,0.9744408945686901,0.02811051687286797,Ibiapina,CE
2312304,570,15.810009419207928,571.08,0.9508771929824561,0.027684403970035593,São Benedito,CE
2310258,453,12.681151790100055,460.93,0.9381898454746137,0.02751209899572615,Paraipaba,CE
2306603,222,6.0240043175446285,222.99,0.990990990990991,0.02701468369677846,Itatira,CE
2303303,168,4.356607424255304,171.1,0.9523809523809523,0.025462346138254262,Cariús,CE
2306504,174,4.454743504006291,176.08,0.9252873563218391,0.02529954284419747,Itapiúna,CE
2312809,113,2.8172896553288425,113.0,0.9911504424778761,0.02493176686131719,Senador Sá,CE
2310100,123,3.04152986314519,123.0,0.943089430894309,0.024727885066221058,Palmácia,CE
2308005,422,10.311232807510887,423.0,0.9502369668246445,0.02437643689718886,Massapê,CE
2311702,199,4.780352470477556,200.08,0.9849246231155779,0.0238922054701997,Reriutaba,CE
2308906,269,6.250736875353343,269.0,0.9776951672862454,0.023236940057075627,Morrinhos,CE
2303105,162,3.5577974622160466,162.0,0.9876543209876543,0.02196171272972868,Cariré,CE
2313005,192,4.054881760602282,192.0,0.9895833333333334,0.021119175836470216,Solonópole,CE
2313609,451,9.588352576888768,456.07,0.9512195121951219,0.021023861637224042,Ubajara,CE
2302305,275,5.745118639680695,277.12,0.9781818181818182,0.02073151934064916,Bela Cruz,CE
2304707,675,13.974272957052724,675.96,0.9777777777777777,0.02067322468349122,Granja,CE
2304509,221,4.574602257279353,222.1,0.9819004524886877,0.020597038528948012,Frecheirinha,CE
2305902,433,8.28497091911086,433.0,0.9953810623556582,0.01913388203027912,Ipueiras,CE
2308203,222,4.158828256439402,222.92,0.9819819819819819,0.01865614685285933,Meruoca,CE
2310803,246,4.244487389090178,248.01,0.9349593495934959,0.017114178416556502,Pereiro,CE
2300507,105,1.726373716524046,105.0,0.9904761904761905,0.01644165444308615,Alcântaras,CE
2312700,191,3.020330305437088,191.96,0.9842931937172775,0.015734164958517857,Senador Pompeu,CE
2305001,620,9.751199723833256,620.0,0.9564516129032258,0.01572774149005364,Guaraciaba do Norte,CE
2305654,124,1.9530653965690392,126.0,0.9919354838709677,0.0155005190203892,Ipaporanga,CE
2308609,211,2.9974623675050855,214.0,0.9715639810426541,0.014006833493014419,Monsenhor Tabosa,CE
2309201,213,2.893324876768326,213.0,0.9953051643192489,0.01358368486745693,Nova Olinda,CE
2304236,233,3.1593210446946673,233.0,0.9914163090128756,0.01355931778838913,Croatá,CE
2300606,113,1.521979625474556,113.92,0.8849557522123894,0.013360073959572998,Altaneira,CE
2304251,477,6.448895052524055,486.0,0.989517819706499,0.013269331383794351,Cruz,CE
2310902,152,2.005186295455024,152.0,1.0,0.01319201510167779,Piquet Carneiro,CE
2313203,236,2.9123040380664786,236.0,0.9830508474576272,0.012340271347739316,Tamboril,CE
2312908,2307,27.893769480263124,2370.21,0.9856957087126138,0.011768480210725261,Sobral,CE
2307908,132,1.5154878547427262,132.0,0.9924242424242424,0.011480968596535805,Martinópole,CE
2310506,335,3.696835685504933,335.0,0.9970149253731343,0.011035330404492337,Pedra Branca,CE
2309003,170,1.7658262471806596,170.0,0.9882352941176471,0.010387213218709763,Mucambo,CE
2305605,143,1.5048152771404641,144.89000000000001,0.986013986013986,0.010385915364348568,Independência,CE
2301257,154,1.5698132026349036,158.17000000000002,0.9935064935064936,0.00992484796506862,Ararendá,CE
2308351,144,1.422607634848092,144.0,0.9791666666666666,0.009879219686445083,Milhã,CE
2309409,334,3.2373900976682686,335.05,1.0,0.009662408887235543,Novo Oriente,CE
2307254,452,4.310372536141205,457.09,0.9800884955752213,0.009430030270058863,Jijoca de Jericoacoara,CE
2304004,277,2.526923514432716,277.0,1.0,0.009122467561128939,Coreaú,CE
